"num","sub","source","num_item","young_old","session_info","age","memory","stimulus","transfer_type","relational_domain","staircase_learning","box","center_embedded","serial_crossed","tail_recursive","other","accuracy_type","accuracy","p_hierarchical","p_hierarchical_new","twoD_or_not","dimension","type_2D","type_1D_old","type_1D","type_old","type","stack","queue","pair","associative","iterate_1_4","alternate_1_4","palindrome_1_4","iterate_2_4","alternate_2_4","palindrome_2_4","iterate_1_6","alternate_1_6","iterate_2_6","seriate_2_6","palindrome_2_6","max_one_dim","noise","sensitivity","p_dim1","p_dim2","p_dimsum","p_linear_old","p_linear","sum","stimulus_full_name","extrapolation_type","X46_mix","domain_mix","order_condition","order_identity","trials_one","trials_two","total_trials","avg_trials","strength","second_largest","second_behavior_type","max_behavior","iterate_4","alternate_4","palindrome_4","iterate_6","alternate_6","seriate_6","palindrome_6","iterate","alternate","palindrome","seriate","max_linear","complexity","max_behavior_type","stack_raw_old","queue_raw_old","pair_raw_old","associative_raw_old","iterate_raw_old","alternate_raw_old","seriate_raw_old","palindrome_raw_old","tree_stack","p_mechanism","nested_tree","Unique_ID","twoD","gender","trial_ratio","trial_delta","relative_trial_delta","is_stack","generalization_type","stack_raw","queue_raw","pair_raw","associative_raw","iterate_raw","seriate_raw","palindrome_raw","g4_names","g9_names","g10_names","g11_names","graph_1","graph_2","graph_3","graph_4","graph_5","graph_6","graph_7","graph_8","graph_9","graph_10","graph_11","graph_12","graph_13","graph_14","graph_15","graph_16","graph_17","graph_18","g12_names","graph_19","g19_names","graph_20","g20_names","graph_21","g21_names","graph_22","g22_names","g22_transfer","graph_23","g23_names","g23_transfer","g23_1_transfer","graph_24","graph_25","graph_26","g26_names","graph_21_new","g20_names_new","graph_20_new","graph_20_newer","graph_23_new","graph_27","graph_28","graph_29","graph_30","graph_31","graph_32","graph_33","graph_34","graph_35","graph_36","graph_37","graph_38","graph_39","graph_40"
76,"3308","dedhe",4,"Child","round_2",57,3,"animal","near","same","yes","yes",0.13,0,0.75,0.13,"low",0,0.02,0.26,"not 2D","associative","stack","iterate","iterate","associative","Associative",0.61,0.39,NA,0.91,0.06,0.87,0.07,0.93,0.03,0.04,NA,NA,NA,NA,NA,0.93,0.08,2,0.87,0.93,1.8,0.49,0.74,0.75,"animal_picture","near","mix","pure","learn_gen","animalpic_animalpic",4,32,36,18,0.92,0.75,"Tail-recursive",0.75,0.93,0.87,0.07,NA,NA,NA,NA,0.93,0.87,0.07,NA,0.91,0.47,"Tail-recursive",0.053,0.033,NA,0.91,0.93,0.03,0,0.04,0.05,0.91,0,"Child_08","associative","F",0.1,-28,-0.8,"no","near",NA,NA,NA,NA,NA,NA,NA,"discard","Near","discard","discard","discard","discard","discard","discard","discard","Child (Animal)","discard","discard","discard","discard","discard","discard","discard","discard","discard","discard","discard","discard","discard","discard","discard","discard","discard","discard","discard","discard","discard","discard","Child (2 Dimensions)","High Load","Near","Near","discard","discard","discard","discard","discard","discard","discard","discard","2 Dimensions","discard","discard","discard","discard","discard","discard","Child (4 item)","discard","discard","discard","discard","Child (4 item)","Child (4 item)","keep"
77,"3310","dedhe",4,"Child","round_2",59,2,"animal","near","same","yes","yes",0.43,0.57,0,0,"high",1,0.26,0.45,"not 2D","1D","queue","iterate","iterate","iterate","Iterate",0.36,0.64,NA,0.05,0.96,0.02,0.02,0.19,0.53,0.29,NA,NA,NA,NA,NA,0.96,0.33,1,0.96,0.53,1.49,0.96,0.55,0.82,"animal_picture","near","mix","pure","learn_gen","animalpic_animalpic",4,6,10,5,0.67,0.57,"Serial-crossed",0.57,0.96,0.53,0.29,NA,NA,NA,NA,0.96,0.53,0.29,NA,0.96,0.46,"Serial-crossed",0.345,0.606,NA,0.05,0.96,0.02,0,0.02,0.26,0.96,0,"Child_01","iterate","F",0.7,-2,-0.2,"no","near",NA,NA,NA,NA,NA,NA,NA,"discard","Near","discard","discard","discard","discard","discard","discard","discard","Child (Animal)","discard","discard","discard","discard","discard","discard","discard","discard","discard","discard","discard","discard","discard","discard","discard","discard","discard","discard","discard","discard","discard","discard","Child (2 Dimensions)","High Load","Near","Near","discard","discard","discard","discard","discard","discard","discard","discard","2 Dimensions","discard","discard","discard","discard","discard","discard","Child (4 item)","discard","discard","discard","discard","Child (4 item)","Child (4 item)","keep"
78,"3312","dedhe",4,"Child","round_2",56,2,"animal","near","same","yes","yes",0,0.5,0.25,0.25,"low",0.125,0.57,0.67,"2D","2D","queue","alternate","seriate","queue","Queue",0.15,0.85,NA,0.19,0.52,0.29,0.19,0.14,0.73,0.12,NA,NA,NA,NA,NA,0.73,0.24,2,0.52,0.73,1.26,0.22,0.33,0.89,"animal_picture","near","mix","pure","learn_gen","animalpic_animalpic",11,4,15,7.5,0.76,0.5,"Serial-crossed",0.5,0.52,0.73,0.19,NA,NA,NA,NA,0.52,0.73,0.19,NA,0.73,0.66,"Serial-crossed",0.125,0.69,NA,0.19,0.14,0.73,0,0.12,0.12,0.57,0,"Child_16","2D","F",2.8,7,0.5,"no","near",NA,NA,NA,NA,NA,NA,NA,"discard","Near","discard","discard","discard","discard","discard","discard","discard","Child (Animal)","discard","discard","discard","discard","discard","discard","discard","discard","discard","discard","discard","discard","discard","discard","discard","discard","discard","discard","discard","discard","discard","discard","Child (2 Dimensions)","High Load","Near","Near","discard","discard","discard","discard","discard","discard","discard","discard","2 Dimensions","discard","discard","discard","discard","discard","discard","Child (4 item)","discard","discard","discard","discard","Child (4 item)","Child (4 item)","keep"
79,"3314","dedhe",4,"Child","round_2",62,4,"animal","near","same","yes","yes",0.13,0.88,0,0,"high",0.5,0.89,0.92,"2D","2D","queue","iterate","iterate","queue","Queue",0.04,0.96,NA,0.02,0.97,0.02,0.02,0.03,0.93,0.04,NA,NA,NA,NA,NA,0.97,0.06,1,0.97,0.93,1.9,0.05,0.08,0.97,"animal_picture","near","mix","pure","learn_gen","animalpic_animalpic",6,33,39,19.5,0.94,0.88,"Serial-crossed",0.88,0.97,0.93,0.04,NA,NA,NA,NA,0.97,0.93,0.04,NA,0.97,0.92,"Serial-crossed",0.043,0.935,NA,0.02,0.97,0.02,0,0.02,0.04,0.89,0,"Child_02","2D","F",0.2,-27,-0.7,"no","near",NA,NA,NA,NA,NA,NA,NA,"discard","Near","discard","discard","discard","discard","discard","discard","discard","Child (Animal)","discard","discard","discard","discard","discard","discard","discard","discard","discard","discard","discard","discard","discard","discard","discard","discard","discard","discard","discard","discard","discard","discard","Child (2 Dimensions)","High Load","Near","Near","discard","discard","discard","discard","discard","discard","discard","discard","2 Dimensions","discard","discard","discard","discard","discard","discard","Child (4 item)","discard","discard","discard","discard","Child (4 item)","Child (4 item)","keep"
80,"3318","dedhe",4,"Child","round_2",59,1,"animal","near","same","yes","yes",0.38,0.63,0,0,"low",0.25,0.41,0.56,"2D","2D","queue","iterate","iterate","queue","Queue",0.29,0.71,NA,0.03,0.97,0.02,0.02,0.14,0.64,0.22,NA,NA,NA,NA,NA,0.97,0.32,1,0.97,0.64,1.61,0.29,0.44,0.85,"animal_picture","near","mix","pure","learn_gen","animalpic_animalpic",10,4,14,7,0.68,0.63,"Serial-crossed",0.63,0.97,0.64,0.22,NA,NA,NA,NA,0.97,0.64,0.22,NA,0.97,0.55,"Serial-crossed",0.275,0.69,NA,0.03,0.97,0.02,0,0.02,0.28,0.41,0,"Child_11","2D","F",2.5,6,0.4,"no","near",NA,NA,NA,NA,NA,NA,NA,"discard","Near","discard","discard","discard","discard","discard","discard","discard","Child (Animal)","discard","discard","discard","discard","discard","discard","discard","discard","discard","discard","discard","discard","discard","discard","discard","discard","discard","discard","discard","discard","discard","discard","Child (2 Dimensions)","High Load","Near","Near","discard","discard","discard","discard","discard","discard","discard","discard","2 Dimensions","discard","discard","discard","discard","discard","discard","Child (4 item)","discard","discard","discard","discard","Child (4 item)","Child (4 item)","keep"
81,"3339","dedhe",4,"Child","round_2",53,2,"animal","near","same","yes","yes",0.38,0.5,0,0.13,"high",1,0.28,0.46,"not 2D","1D","queue","iterate","iterate","iterate","Iterate",0.35,0.65,NA,0.08,0.93,0.03,0.04,0.19,0.51,0.3,NA,NA,NA,NA,NA,0.93,0.33,1,0.93,0.51,1.44,0.93,0.54,0.82,"animal_picture","near","mix","pure","learn_gen","animalpic_animalpic",3,3,6,3,0.67,0.5,"Serial-crossed",0.5,0.93,0.51,0.3,NA,NA,NA,NA,0.93,0.51,0.3,NA,0.93,0.47,"Serial-crossed",0.321,0.599,NA,0.08,0.93,0.03,0,0.04,0.28,0.93,0,"Child_80","iterate","F",1,0,0,"no","near",NA,NA,NA,NA,NA,NA,NA,"discard","Near","discard","discard","discard","discard","discard","discard","discard","Child (Animal)","discard","discard","discard","discard","discard","discard","discard","discard","discard","discard","discard","discard","discard","discard","discard","discard","discard","discard","discard","discard","discard","discard","Child (2 Dimensions)","High Load","Near","Near","discard","discard","discard","discard","discard","discard","discard","discard","2 Dimensions","discard","discard","discard","discard","discard","discard","Child (4 item)","discard","discard","discard","discard","Child (4 item)","Child (4 item)","keep"
82,"3341","dedhe",4,"Child","round_2",56,4,"animal","near","same","yes","yes",1,0,0,0,"high",1,0.96,0.97,"2D","2D","stack","iterate","iterate","stack","Stack",0.99,0.01,NA,0.01,0.97,0.02,0.02,0.02,0.02,0.97,NA,NA,NA,NA,NA,0.97,0.02,1,0.97,0.97,1.94,0.02,0.03,0.99,"animal_picture","near","mix","pure","learn_gen","animalpic_animalpic",3,3,6,3,0.98,0,"Serial-crossed",1,0.97,0.02,0.97,NA,NA,NA,NA,0.97,0.02,0.97,NA,0.97,0.97,"Center-embedded",0.972,0.014,NA,0.01,0.97,0.02,0,0.02,0.96,0.96,1,"Child_04","2D","F",1,0,0,"yes","near",NA,NA,NA,NA,NA,NA,NA,"discard","Near","discard","discard","discard","discard","discard","discard","discard","Child (Animal)","discard","discard","discard","discard","discard","discard","discard","discard","discard","discard","discard","discard","discard","discard","discard","discard","discard","discard","discard","discard","discard","discard","Child (2 Dimensions)","High Load","Near","Near","discard","discard","discard","discard","discard","discard","discard","discard","2 Dimensions","discard","discard","discard","discard","discard","discard","Child (4 item)","discard","discard","discard","discard","Child (4 item)","Child (4 item)","keep"
83,"3343","dedhe",4,"Child","round_2",47,1,"animal","near","same","yes","yes",0.63,0,0.25,0.13,"high",0.75,0.76,0.82,"2D","2D","stack","iterate","iterate","stack","Stack",0.94,0.06,NA,0.14,0.74,0.14,0.12,0.14,0.12,0.74,NA,NA,NA,NA,NA,0.74,0.19,1,0.74,0.74,1.48,0.12,0.18,0.94,"animal_picture","near","mix","pure","learn_gen","animalpic_animalpic",11,9,20,10,0.81,0.25,"Tail-recursive",0.63,0.74,0.14,0.74,NA,NA,NA,NA,0.74,0.14,0.74,NA,0.74,0.78,"Center-embedded",0.81,0.054,NA,0.14,0.74,0.14,0,0.12,0.68,0.76,1,"Child_21","2D","M",1.2,2,0.1,"yes","near",NA,NA,NA,NA,NA,NA,NA,"discard","Near","discard","discard","discard","discard","discard","discard","discard","Child (Animal)","discard","discard","discard","discard","discard","discard","discard","discard","discard","discard","discard","discard","discard","discard","discard","discard","discard","discard","discard","discard","discard","discard","Child (2 Dimensions)","High Load","Near","Near","discard","discard","discard","discard","discard","discard","discard","discard","2 Dimensions","discard","discard","discard","discard","discard","discard","Child (4 item)","discard","discard","discard","discard","Child (4 item)","Child (4 item)","keep"
84,"3345","dedhe",4,"Child","round_2",56,4,"animal","near","same","yes","yes",0.13,0,0.75,0.13,"low",0.125,0.02,0.26,"not 2D","associative","stack","iterate","iterate","associative","Associative",0.61,0.39,NA,0.91,0.06,0.87,0.07,0.93,0.03,0.04,NA,NA,NA,NA,NA,0.93,0.08,2,0.87,0.93,1.79,0.49,0.74,0.75,"animal_picture","near","mix","pure","learn_gen","animalpic_animalpic",3,3,6,3,0.92,0.75,"Tail-recursive",0.75,0.93,0.87,0.07,NA,NA,NA,NA,0.93,0.87,0.07,NA,0.91,0.47,"Tail-recursive",0.052,0.034,NA,0.91,0.93,0.03,0,0.04,0.05,0.91,0,"Child_22","associative","M",1,0,0,"no","near",NA,NA,NA,NA,NA,NA,NA,"discard","Near","discard","discard","discard","discard","discard","discard","discard","Child (Animal)","discard","discard","discard","discard","discard","discard","discard","discard","discard","discard","discard","discard","discard","discard","discard","discard","discard","discard","discard","discard","discard","discard","Child (2 Dimensions)","High Load","Near","Near","discard","discard","discard","discard","discard","discard","discard","discard","2 Dimensions","discard","discard","discard","discard","discard","discard","Child (4 item)","discard","discard","discard","discard","Child (4 item)","Child (4 item)","keep"
85,"3349","dedhe",4,"Child","round_2",52,2,"animal","near","same","yes","yes",0.75,0.25,0,0,"high",0.75,0.73,0.8,"2D","2D","stack","iterate","iterate","stack","Stack",0.88,0.12,NA,0.03,0.97,0.02,0.02,0.06,0.1,0.84,NA,NA,NA,NA,NA,0.97,0.15,1,0.97,0.84,1.81,0.13,0.2,0.93,"animal_picture","near","mix","pure","learn_gen","animalpic_animalpic",3,4,7,3.5,0.85,0.25,"Serial-crossed",0.75,0.97,0.1,0.84,NA,NA,NA,NA,0.97,0.1,0.84,NA,0.97,0.79,"Center-embedded",0.851,0.12,NA,0.03,0.97,0.02,0,0.02,0.73,0.73,1,"Child_05","2D","F",0.8,-1,-0.1,"yes","near",NA,NA,NA,NA,NA,NA,NA,"discard","Near","discard","discard","discard","discard","discard","discard","discard","Child (Animal)","discard","discard","discard","discard","discard","discard","discard","discard","discard","discard","discard","discard","discard","discard","discard","discard","discard","discard","discard","discard","discard","discard","Child (2 Dimensions)","High Load","Near","Near","discard","discard","discard","discard","discard","discard","discard","discard","2 Dimensions","discard","discard","discard","discard","discard","discard","Child (4 item)","discard","discard","discard","discard","Child (4 item)","Child (4 item)","keep"
86,"3357","dedhe",4,"Child","round_2",54,3,"animal","near","same","yes","yes",0.25,0,0,0.75,"low",0.375,0.07,0.3,"not 2D","1D","stack","palindrome","palindrome","palindrome","Palindrome",0.55,0.45,NA,0.32,0.14,0.12,0.74,0.37,0.26,0.38,NA,NA,NA,NA,NA,0.74,0.14,1,0.74,0.38,1.11,0.74,0.7,0.77,"animal_picture","near","mix","pure","learn_gen","animalpic_animalpic",26,18,44,22,0.86,0,"Serial-crossed",0.25,0.37,0.26,0.74,NA,NA,NA,NA,0.37,0.26,0.74,NA,0.74,0.46,"Center-embedded",0.372,0.307,NA,0.32,0.14,0.12,0,0.74,0.05,0.74,0,"Child_24","palindrome","M",1.4,8,0.2,"no","near",NA,NA,NA,NA,NA,NA,NA,"discard","Near","discard","discard","discard","discard","discard","discard","discard","Child (Animal)","discard","discard","discard","discard","discard","discard","discard","discard","discard","discard","discard","discard","discard","discard","discard","discard","discard","discard","discard","discard","discard","discard","Child (2 Dimensions)","High Load","Near","Near","discard","discard","discard","discard","discard","discard","discard","discard","2 Dimensions","discard","discard","discard","discard","discard","discard","Child (4 item)","discard","discard","discard","discard","Child (4 item)","Child (4 item)","keep"
87,"3361","dedhe",4,"Child","round_2",46,2,"animal","near","same","yes","yes",0.38,0.63,0,0,"high",0.5,0.42,0.56,"2D","2D","queue","iterate","iterate","queue","Queue",0.28,0.72,NA,0.03,0.97,0.02,0.02,0.14,0.64,0.22,NA,NA,NA,NA,NA,0.97,0.32,1,0.97,0.64,1.61,0.29,0.44,0.85,"animal_picture","near","mix","pure","learn_gen","animalpic_animalpic",7,4,11,5.5,0.68,0.63,"Serial-crossed",0.63,0.97,0.64,0.22,NA,NA,NA,NA,0.97,0.64,0.22,NA,0.97,0.55,"Serial-crossed",0.274,0.691,NA,0.03,0.97,0.02,0,0.02,0.27,0.42,0,"Child_13","2D","F",1.8,3,0.3,"no","near",NA,NA,NA,NA,NA,NA,NA,"discard","Near","discard","discard","discard","discard","discard","discard","discard","Child (Animal)","discard","discard","discard","discard","discard","discard","discard","discard","discard","discard","discard","discard","discard","discard","discard","discard","discard","discard","discard","discard","discard","discard","Child (2 Dimensions)","High Load","Near","Near","discard","discard","discard","discard","discard","discard","discard","discard","2 Dimensions","discard","discard","discard","discard","discard","discard","Child (4 item)","discard","discard","discard","discard","Child (4 item)","Child (4 item)","keep"
88,"3363","dedhe",4,"Child","round_2",52,2,"animal","near","same","yes","yes",0.29,0.71,0,0,"high",1,0.67,0.75,"2D","2D","queue","iterate","iterate","queue","Queue",0.15,0.85,NA,0.04,0.96,0.02,0.02,0.1,0.77,0.13,NA,NA,NA,NA,NA,0.96,0.19,1,0.96,0.77,1.73,0.16,0.25,0.92,"animal_picture","near","mix","pure","learn_gen","animalpic_animalpic",3,3,6,3,0.81,0.71,"Serial-crossed",0.71,0.96,0.77,0.13,NA,NA,NA,NA,0.96,0.77,0.13,NA,0.96,0.74,"Serial-crossed",0.146,0.816,NA,0.04,0.96,0.02,0,0.02,0.15,0.67,0,"Child_09","2D","M",1,0,0,"no","near",NA,NA,NA,NA,NA,NA,NA,"discard","Near","discard","discard","discard","discard","discard","discard","discard","Child (Animal)","discard","discard","discard","discard","discard","discard","discard","discard","discard","discard","discard","discard","discard","discard","discard","discard","discard","discard","discard","discard","discard","discard","Child (2 Dimensions)","High Load","Near","Near","discard","discard","discard","discard","discard","discard","discard","discard","2 Dimensions","discard","discard","discard","discard","discard","discard","Child (4 item)","discard","discard","discard","discard","Child (4 item)","Child (4 item)","keep"
89,"3365","dedhe",4,"Child","round_2",49,3,"animal","near","same","yes","yes",0.38,0.5,0.13,0,"high",0.625,0.27,0.45,"not 2D","1D","queue","iterate","iterate","iterate","Iterate",0.35,0.65,NA,0.09,0.93,0.04,0.03,0.19,0.51,0.3,NA,NA,NA,NA,NA,0.93,0.67,1,0.93,0.51,1.44,0.93,0.55,0.82,"animal_picture","near","mix","pure","learn_gen","animalpic_animalpic",7,3,10,5,0.33,0.5,"Serial-crossed",0.5,0.93,0.51,0.3,NA,NA,NA,NA,0.93,0.51,0.3,NA,0.93,0.3,"Serial-crossed",0.32,0.59,NA,0.09,0.93,0.04,0,0.03,0.27,0.93,0,"Child_12","iterate","F",2.3,4,0.4,"no","near",NA,NA,NA,NA,NA,NA,NA,"discard","Near","discard","discard","discard","discard","discard","discard","discard","Child (Animal)","discard","discard","discard","discard","discard","discard","discard","discard","discard","discard","discard","discard","discard","discard","discard","discard","discard","discard","discard","discard","discard","discard","Child (2 Dimensions)","High Load","Near","Near","discard","discard","discard","discard","discard","discard","discard","discard","2 Dimensions","discard","discard","discard","discard","discard","discard","Child (4 item)","discard","discard","discard","discard","Child (4 item)","Child (4 item)","keep"
90,"3422","dedhe",4,"Child","round_2",43,2,"animal","near","same","yes","yes",0.83,0.17,0,0,"low",0.25,0.84,0.88,"2D","2D","stack","iterate","iterate","stack","Stack",0.94,0.06,NA,0.03,0.95,0.02,0.02,0.06,0.07,0.88,NA,NA,NA,NA,NA,0.95,0.11,1,0.95,0.88,1.83,0.08,0.12,0.96,"animal_picture","near","mix","pure","learn_gen","animalpic_animalpic",3,5,8,4,0.89,0.17,"Serial-crossed",0.83,0.95,0.07,0.88,NA,NA,NA,NA,0.95,0.07,0.88,NA,0.95,0.87,"Center-embedded",0.906,0.062,NA,0.03,0.95,0.02,0,0.02,0.84,0.84,1,"Child_26","2D","M",0.6,-2,-0.3,"yes","near",NA,NA,NA,NA,NA,NA,NA,"discard","Near","discard","discard","discard","discard","discard","discard","discard","Child (Animal)","discard","discard","discard","discard","discard","discard","discard","discard","discard","discard","discard","discard","discard","discard","discard","discard","discard","discard","discard","discard","discard","discard","Child (2 Dimensions)","High Load","Near","Near","discard","discard","discard","discard","discard","discard","discard","discard","2 Dimensions","discard","discard","discard","discard","discard","discard","Child (4 item)","discard","discard","discard","discard","Child (4 item)","Child (4 item)","keep"
91,"3438","dedhe",4,"Child","round_2",64,4,"animal","near","same","yes","yes",0.5,0.5,0,0,"high",0.625,0.01,0.25,"not 2D","1D","stack","iterate","iterate","iterate","Iterate",0.5,0.5,NA,0.04,0.97,0.02,0.02,0.19,0.41,0.41,NA,NA,NA,NA,NA,0.97,0.41,1,0.97,0.41,1.38,0.97,0.75,0.75,"animal_picture","near","mix","pure","learn_gen","animalpic_animalpic",15,4,19,9.5,0.59,0.5,"Serial-crossed",0.5,0.97,0.41,0.41,NA,NA,NA,NA,0.97,0.41,0.41,NA,0.97,0.3,"Center-embedded",0.484,0.479,NA,0.04,0.97,0.02,0,0.02,0.01,0.97,0,"Child_02","iterate","F",3.8,11,0.6,"no","near",NA,NA,NA,NA,NA,NA,NA,"discard","Near","discard","discard","discard","discard","discard","discard","discard","Child (Animal)","discard","discard","discard","discard","discard","discard","discard","discard","discard","discard","discard","discard","discard","discard","discard","discard","discard","discard","discard","discard","discard","discard","Child (2 Dimensions)","High Load","Near","Near","discard","discard","discard","discard","discard","discard","discard","discard","2 Dimensions","discard","discard","discard","discard","discard","discard","Child (4 item)","discard","discard","discard","discard","Child (4 item)","Child (4 item)","keep"
92,"3442","dedhe",4,"Child","round_2",56,3,"animal","near","same","yes","yes",0.5,0.38,0.13,0,"low",0.125,0.27,0.45,"not 2D","1D","stack","iterate","iterate","iterate","Iterate",0.65,0.35,NA,0.09,0.93,0.04,0.03,0.19,0.29,0.52,NA,NA,NA,NA,NA,0.93,0.66,1,0.93,0.52,1.45,0.93,0.55,0.82,"animal_picture","near","mix","pure","learn_gen","animalpic_animalpic",4,5,9,4.5,0.34,0.38,"Serial-crossed",0.5,0.93,0.29,0.52,NA,NA,NA,NA,0.93,0.29,0.52,NA,0.93,0.3,"Center-embedded",0.589,0.32,NA,0.09,0.93,0.04,0,0.03,0.27,0.93,0,"Child_15","iterate","M",0.8,-1,-0.1,"no","near",NA,NA,NA,NA,NA,NA,NA,"discard","Near","discard","discard","discard","discard","discard","discard","discard","Child (Animal)","discard","discard","discard","discard","discard","discard","discard","discard","discard","discard","discard","discard","discard","discard","discard","discard","discard","discard","discard","discard","discard","discard","Child (2 Dimensions)","High Load","Near","Near","discard","discard","discard","discard","discard","discard","discard","discard","2 Dimensions","discard","discard","discard","discard","discard","discard","Child (4 item)","discard","discard","discard","discard","Child (4 item)","Child (4 item)","keep"
93,"3445","dedhe",4,"Child","round_2",41,2,"animal","near","same","yes","yes",0.57,0.43,0,0,"high",0.625,0.26,0.45,"not 2D","1D","stack","iterate","iterate","iterate","Iterate",0.64,0.36,NA,0.05,0.96,0.02,0.02,0.18,0.29,0.53,NA,NA,NA,NA,NA,0.96,0.33,1,0.96,0.53,1.49,0.96,0.55,0.82,"animal_picture","near","mix","pure","learn_gen","animalpic_animalpic",6,3,9,4.5,0.67,0.43,"Serial-crossed",0.57,0.96,0.29,0.53,NA,NA,NA,NA,0.96,0.29,0.53,NA,0.96,0.47,"Center-embedded",0.607,0.345,NA,0.05,0.96,0.02,0,0.02,0.26,0.96,0,"Child_17","iterate","F",2,3,0.3,"no","near",NA,NA,NA,NA,NA,NA,NA,"discard","Near","discard","discard","discard","discard","discard","discard","discard","Child (Animal)","discard","discard","discard","discard","discard","discard","discard","discard","discard","discard","discard","discard","discard","discard","discard","discard","discard","discard","discard","discard","discard","discard","Child (2 Dimensions)","High Load","Near","Near","discard","discard","discard","discard","discard","discard","discard","discard","2 Dimensions","discard","discard","discard","discard","discard","discard","Child (4 item)","discard","discard","discard","discard","Child (4 item)","Child (4 item)","keep"
94,"3447","dedhe",4,"Child","round_2",40,1,"animal","near","same","yes","yes",0.5,0.5,0,0,"low",0.25,0,0.25,"not 2D","1D","stack","iterate","iterate","iterate","Iterate",0.5,0.5,NA,0.04,0.97,0.02,0.02,0.18,0.41,0.41,NA,NA,NA,NA,NA,0.97,0.4,1,0.97,0.41,1.38,0.97,0.75,0.75,"animal_picture","near","mix","pure","learn_gen","animalpic_animalpic",6,5,11,5.5,0.6,0.5,"Serial-crossed",0.5,0.97,0.41,0.41,NA,NA,NA,NA,0.97,0.41,0.41,NA,0.97,0.3,"Center-embedded",0.482,0.481,NA,0.04,0.97,0.02,0,0.02,0,0.97,0,"Child_06","iterate","M",1.2,1,0.1,"no","near",NA,NA,NA,NA,NA,NA,NA,"discard","Near","discard","discard","discard","discard","discard","discard","discard","Child (Animal)","discard","discard","discard","discard","discard","discard","discard","discard","discard","discard","discard","discard","discard","discard","discard","discard","discard","discard","discard","discard","discard","discard","Child (2 Dimensions)","High Load","Near","Near","discard","discard","discard","discard","discard","discard","discard","discard","2 Dimensions","discard","discard","discard","discard","discard","discard","Child (4 item)","discard","discard","discard","discard","Child (4 item)","Child (4 item)","keep"
95,"3449","dedhe",4,"Child","round_2",65,2,"animal","near","same","yes","yes",0.5,0,0.5,0,"low",0,0.4,0.55,"2D","2D","stack","palindrome","palindrome","stack","Stack",0.87,0.13,NA,0.47,0.39,0.4,0.21,0.39,0.21,0.4,NA,NA,NA,NA,NA,0.4,0.32,2,0.4,0.4,0.8,0.3,0.45,0.85,"animal_picture","near","mix","pure","learn_gen","animalpic_animalpic",20,9,29,14.5,0.68,0.5,"Tail-recursive",0.5,0.39,0.4,0.4,NA,NA,NA,NA,0.39,0.4,0.4,NA,0.4,0.54,"Center-embedded",0.465,0.07,NA,0.47,0.39,0.21,0,0.4,0,0.4,1,"Child_20","2D","M",2.2,11,0.4,"yes","near",NA,NA,NA,NA,NA,NA,NA,"discard","Near","discard","discard","discard","discard","discard","discard","discard","Child (Animal)","discard","discard","discard","discard","discard","discard","discard","discard","discard","discard","discard","discard","discard","discard","discard","discard","discard","discard","discard","discard","discard","discard","Child (2 Dimensions)","High Load","Near","Near","discard","discard","discard","discard","discard","discard","discard","discard","2 Dimensions","discard","discard","discard","discard","discard","discard","Child (4 item)","discard","discard","discard","discard","Child (4 item)","Child (4 item)","keep"
96,"3456","dedhe",4,"Child","round_2",57,1,"animal","near","same","yes","yes",0.38,0.25,0.13,0.25,"low",0.125,0.24,0.43,"not 2D","1D","stack","palindrome","palindrome","palindrome","Palindrome",0.65,0.35,NA,0.2,0.64,0.22,0.14,0.12,0.14,0.74,NA,NA,NA,NA,NA,0.74,0.4,2,0.64,0.74,1.38,0.74,0.57,0.81,"animal_picture","near","mix","pure","learn_gen","animalpic_animalpic",30,5,35,17.5,0.6,0.25,"Serial-crossed",0.38,0.64,0.22,0.74,NA,NA,NA,NA,0.64,0.22,0.74,NA,0.74,0.42,"Center-embedded",0.521,0.284,NA,0.2,0.12,0.14,0,0.74,0.24,0.74,0,"Child_81","palindrome","M",6,25,0.7,"no","near",NA,NA,NA,NA,NA,NA,NA,"discard","Near","discard","discard","discard","discard","discard","discard","discard","Child (Animal)","discard","discard","discard","discard","discard","discard","discard","discard","discard","discard","discard","discard","discard","discard","discard","discard","discard","discard","discard","discard","discard","discard","Child (2 Dimensions)","High Load","Near","Near","discard","discard","discard","discard","discard","discard","discard","discard","2 Dimensions","discard","discard","discard","discard","discard","discard","Child (4 item)","discard","discard","discard","discard","Child (4 item)","Child (4 item)","keep"
97,"3458","dedhe",4,"Child","round_2",58,4,"animal","near","same","yes","yes",0.14,0.29,0.14,0.43,"low",0.375,0.15,0.36,"not 2D","1D","queue","iterate","iterate","iterate","Iterate",0.4,0.6,NA,0.28,0.39,0.22,0.39,0.39,0.39,0.22,NA,NA,NA,NA,NA,0.39,0.27,2,0.39,0.39,0.79,0.39,0.64,0.79,"animal_picture","near","mix","pure","learn_gen","animalpic_animalpic",14,3,17,8.5,0.73,0.29,"Serial-crossed",0.29,0.39,0.39,0.39,NA,NA,NA,NA,0.39,0.39,0.39,NA,0.39,0.44,"Serial-crossed",0.284,0.433,NA,0.28,0.39,0.39,0,0.22,0.15,0.39,0,"Child_16","iterate","F",4.7,11,0.6,"no","near",NA,NA,NA,NA,NA,NA,NA,"discard","Near","discard","discard","discard","discard","discard","discard","discard","Child (Animal)","discard","discard","discard","discard","discard","discard","discard","discard","discard","discard","discard","discard","discard","discard","discard","discard","discard","discard","discard","discard","discard","discard","Child (2 Dimensions)","High Load","Near","Near","discard","discard","discard","discard","discard","discard","discard","discard","2 Dimensions","discard","discard","discard","discard","discard","discard","Child (4 item)","discard","discard","discard","discard","Child (4 item)","Child (4 item)","keep"
98,"3472","dedhe",4,"Child","round_2",65,2,"animal","near","same","yes","yes",1,0,0,0,"high",1,0.96,0.97,"2D","2D","stack","palindrome","palindrome","stack","Stack",0.99,0.01,NA,0.01,0.97,0.02,0.02,0.02,0.02,0.97,NA,NA,NA,NA,NA,0.97,0.02,2,0.97,0.97,1.94,0.02,0.03,0.99,"animal_picture","near","mix","pure","learn_gen","animalpic_animalpic",3,4,7,3.5,0.98,0,"Serial-crossed",1,0.97,0.02,0.97,NA,NA,NA,NA,0.97,0.02,0.97,NA,0.97,0.97,"Center-embedded",0.972,0.014,NA,0.01,0.02,0.02,0,0.97,0.96,0.96,1,"Child_03","2D","F",0.8,-1,-0.1,"yes","near",NA,NA,NA,NA,NA,NA,NA,"discard","Near","discard","discard","discard","discard","discard","discard","discard","Child (Animal)","discard","discard","discard","discard","discard","discard","discard","discard","discard","discard","discard","discard","discard","discard","discard","discard","discard","discard","discard","discard","discard","discard","Child (2 Dimensions)","High Load","Near","Near","discard","discard","discard","discard","discard","discard","discard","discard","2 Dimensions","discard","discard","discard","discard","discard","discard","Child (4 item)","discard","discard","discard","discard","Child (4 item)","Child (4 item)","keep"
99,"3474","dedhe",4,"Child","round_2",55,2,"animal","near","same","yes","yes",0.38,0.13,0.13,0.38,"low",0.25,0.36,0.52,"2D","2D","stack","iterate","iterate","stack","Stack",0.73,0.27,NA,0.21,0.56,0.21,0.23,0.29,0.18,0.53,NA,NA,NA,NA,NA,0.56,0.29,1,0.56,0.53,1.09,0.32,0.48,0.84,"animal_picture","near","mix","pure","learn_gen","animalpic_animalpic",3,5,8,4,0.71,0.13,"Serial-crossed",0.38,0.56,0.21,0.53,NA,NA,NA,NA,0.56,0.21,0.53,NA,0.56,0.53,"Center-embedded",0.573,0.216,NA,0.21,0.56,0.21,0,0.23,0.36,0.36,1,"Child_82","2D","F",0.6,-2,-0.3,"yes","near",NA,NA,NA,NA,NA,NA,NA,"discard","Near","discard","discard","discard","discard","discard","discard","discard","Child (Animal)","discard","discard","discard","discard","discard","discard","discard","discard","discard","discard","discard","discard","discard","discard","discard","discard","discard","discard","discard","discard","discard","discard","Child (2 Dimensions)","High Load","Near","Near","discard","discard","discard","discard","discard","discard","discard","discard","2 Dimensions","discard","discard","discard","discard","discard","discard","Child (4 item)","discard","discard","discard","discard","Child (4 item)","Child (4 item)","keep"
100,"3487","dedhe",4,"Child","round_2",46,2,"animal","near","same","yes","yes",0.13,0.88,0,0,"high",0.875,0.89,0.92,"2D","2D","queue","iterate","iterate","queue","Queue",0.04,0.96,NA,0.02,0.97,0.02,0.02,0.03,0.93,0.04,NA,NA,NA,NA,NA,0.97,0.05,1,0.97,0.93,1.9,0.05,0.08,0.97,"animal_picture","near","mix","pure","learn_gen","animalpic_animalpic",7,4,11,5.5,0.95,0.88,"Serial-crossed",0.88,0.97,0.93,0.04,NA,NA,NA,NA,0.97,0.93,0.04,NA,0.97,0.92,"Serial-crossed",0.043,0.935,NA,0.02,0.97,0.02,0,0.02,0.04,0.89,0,"Child_19","2D","F",1.8,3,0.3,"no","near",NA,NA,NA,NA,NA,NA,NA,"discard","Near","discard","discard","discard","discard","discard","discard","discard","Child (Animal)","discard","discard","discard","discard","discard","discard","discard","discard","discard","discard","discard","discard","discard","discard","discard","discard","discard","discard","discard","discard","discard","discard","Child (2 Dimensions)","High Load","Near","Near","discard","discard","discard","discard","discard","discard","discard","discard","2 Dimensions","discard","discard","discard","discard","discard","discard","Child (4 item)","discard","discard","discard","discard","Child (4 item)","Child (4 item)","keep"
101,"3496","dedhe",4,"Child","round_2",60,1,"animal","near","same","yes","yes",0.43,0.29,0.14,0.14,"high",0.625,0.29,0.47,"not 2D","1D","stack","iterate","iterate","iterate","Iterate",0.68,0.32,NA,0.17,0.77,0.13,0.1,0.17,0.2,0.63,NA,NA,NA,NA,NA,0.77,0.4,1,0.77,0.63,1.4,0.77,0.53,0.82,"animal_picture","near","mix","pure","learn_gen","animalpic_animalpic",9,3,12,6,0.6,0.29,"Serial-crossed",0.43,0.77,0.2,0.63,NA,NA,NA,NA,0.77,0.2,0.63,NA,0.77,0.45,"Center-embedded",0.563,0.269,NA,0.17,0.77,0.13,0,0.1,0.29,0.77,0,"Child_18","iterate","M",3,6,0.5,"no","near",NA,NA,NA,NA,NA,NA,NA,"discard","Near","discard","discard","discard","discard","discard","discard","discard","Child (Animal)","discard","discard","discard","discard","discard","discard","discard","discard","discard","discard","discard","discard","discard","discard","discard","discard","discard","discard","discard","discard","discard","discard","Child (2 Dimensions)","High Load","Near","Near","discard","discard","discard","discard","discard","discard","discard","discard","2 Dimensions","discard","discard","discard","discard","discard","discard","Child (4 item)","discard","discard","discard","discard","Child (4 item)","Child (4 item)","keep"
102,"3508","dedhe",4,"Child","round_2",68,1,"animal","near","same","yes","yes",0.14,0.29,0,0.57,"low",0.375,0.12,0.34,"not 2D","1D","queue","alternate","seriate","alternate","Seriate",0.41,0.59,NA,0.32,0.4,0.21,0.39,0.1,0.77,0.13,NA,NA,NA,NA,NA,0.77,0.19,2,0.4,0.77,1.16,0.77,0.66,0.78,"animal_picture","near","mix","pure","learn_gen","animalpic_animalpic",17,26,43,21.5,0.81,0.29,"Serial-crossed",0.29,0.4,0.77,0.39,NA,NA,NA,NA,0.4,0.77,0.39,NA,0.77,0.47,"Serial-crossed",0.28,0.399,NA,0.32,0.1,0.77,0,0.13,0.12,0.77,0,"Child_83","alternate","M",0.7,-9,-0.2,"no","near",NA,NA,NA,NA,NA,NA,NA,"discard","Near","discard","discard","discard","discard","discard","discard","discard","Child (Animal)","discard","discard","discard","discard","discard","discard","discard","discard","discard","discard","discard","discard","discard","discard","discard","discard","discard","discard","discard","discard","discard","discard","Child (2 Dimensions)","High Load","Near","Near","discard","discard","discard","discard","discard","discard","discard","discard","2 Dimensions","discard","discard","discard","discard","discard","discard","Child (4 item)","discard","discard","discard","discard","Child (4 item)","Child (4 item)","keep"
103,"3510","dedhe",4,"Child","round_2",54,4,"animal","near","same","yes","yes",0.88,0,0,0.13,"high",0.875,0.93,0.95,"2D","2D","stack","iterate","iterate","stack","Stack",0.98,0.02,NA,0.02,0.93,0.03,0.04,0.03,0.04,0.93,NA,NA,NA,NA,NA,0.93,0.03,1,0.93,0.93,1.85,0.04,0.05,0.98,"animal_picture","near","mix","pure","learn_gen","animalpic_animalpic",3,6,9,4.5,0.97,0,"Serial-crossed",0.88,0.93,0.04,0.93,NA,NA,NA,NA,0.93,0.04,0.93,NA,0.93,0.95,"Center-embedded",0.952,0.024,NA,0.02,0.93,0.03,0,0.04,0.93,0.93,1,"Child_84","2D","F",0.5,-3,-0.3,"yes","near",NA,NA,NA,NA,NA,NA,NA,"discard","Near","discard","discard","discard","discard","discard","discard","discard","Child (Animal)","discard","discard","discard","discard","discard","discard","discard","discard","discard","discard","discard","discard","discard","discard","discard","discard","discard","discard","discard","discard","discard","discard","Child (2 Dimensions)","High Load","Near","Near","discard","discard","discard","discard","discard","discard","discard","discard","2 Dimensions","discard","discard","discard","discard","discard","discard","Child (4 item)","discard","discard","discard","discard","Child (4 item)","Child (4 item)","keep"
104,"3514","dedhe",4,"Child","round_2",54,1,"animal","near","same","yes","yes",0.57,0.43,0,0,"low",0.25,0.26,0.45,"not 2D","1D","stack","iterate","iterate","iterate","Iterate",0.64,0.36,NA,0.05,0.96,0.02,0.02,0.18,0.28,0.53,NA,NA,NA,NA,NA,0.96,0.33,1,0.96,0.53,1.5,0.96,0.55,0.82,"animal_picture","near","mix","pure","learn_gen","animalpic_animalpic",7,4,11,5.5,0.67,0.43,"Serial-crossed",0.57,0.96,0.28,0.53,NA,NA,NA,NA,0.96,0.28,0.53,NA,0.96,0.47,"Center-embedded",0.607,0.344,NA,0.05,0.96,0.02,0,0.02,0.26,0.96,0,"Child_14","iterate","F",1.8,3,0.3,"no","near",NA,NA,NA,NA,NA,NA,NA,"discard","Near","discard","discard","discard","discard","discard","discard","discard","Child (Animal)","discard","discard","discard","discard","discard","discard","discard","discard","discard","discard","discard","discard","discard","discard","discard","discard","discard","discard","discard","discard","discard","discard","Child (2 Dimensions)","High Load","Near","Near","discard","discard","discard","discard","discard","discard","discard","discard","2 Dimensions","discard","discard","discard","discard","discard","discard","Child (4 item)","discard","discard","discard","discard","Child (4 item)","Child (4 item)","keep"
105,"3629","dedhe",4,"Child","round_2",49,1,"animal","near","same","yes","yes",1,0,0,0,"high",0.5,0.96,0.97,"2D","2D","stack","palindrome","palindrome","stack","Stack",0.99,0.01,NA,0.01,0.97,0.02,0.02,0.02,0.02,0.97,NA,NA,NA,NA,NA,0.97,0.02,2,0.97,0.97,1.94,0.02,0.03,0.99,"animal_picture","near","mix","pure","learn_gen","animalpic_animalpic",6,6,12,6,0.98,0,"Serial-crossed",1,0.97,0.02,0.97,NA,NA,NA,NA,0.97,0.02,0.97,NA,0.97,0.97,"Center-embedded",0.972,0.014,NA,0.01,0.02,0.02,0,0.97,0.96,0.96,1,"Child_22","2D","M",1,0,0,"yes","near",NA,NA,NA,NA,NA,NA,NA,"discard","Near","discard","discard","discard","discard","discard","discard","discard","Child (Animal)","discard","discard","discard","discard","discard","discard","discard","discard","discard","discard","discard","discard","discard","discard","discard","discard","discard","discard","discard","discard","discard","discard","Child (2 Dimensions)","High Load","Near","Near","discard","discard","discard","discard","discard","discard","discard","discard","2 Dimensions","discard","discard","discard","discard","discard","discard","Child (4 item)","discard","discard","discard","discard","Child (4 item)","Child (4 item)","keep"
106,"3631","dedhe",4,"Child","round_2",48,4,"animal","near","same","yes","yes",0.13,0.88,0,0,"low",0.125,0.89,0.92,"2D","2D","queue","iterate","iterate","queue","Queue",0.04,0.96,NA,0.02,0.97,0.02,0.02,0.03,0.93,0.04,NA,NA,NA,NA,NA,0.97,0.06,1,0.97,0.93,1.9,0.05,0.08,0.97,"animal_picture","near","mix","pure","learn_gen","animalpic_animalpic",21,9,30,15,0.94,0.88,"Serial-crossed",0.88,0.97,0.93,0.04,NA,NA,NA,NA,0.97,0.93,0.04,NA,0.97,0.92,"Serial-crossed",0.043,0.935,NA,0.02,0.97,0.02,0,0.02,0.04,0.89,0,"Child_85","2D","F",2.3,12,0.4,"no","near",NA,NA,NA,NA,NA,NA,NA,"discard","Near","discard","discard","discard","discard","discard","discard","discard","Child (Animal)","discard","discard","discard","discard","discard","discard","discard","discard","discard","discard","discard","discard","discard","discard","discard","discard","discard","discard","discard","discard","discard","discard","Child (2 Dimensions)","High Load","Near","Near","discard","discard","discard","discard","discard","discard","discard","discard","2 Dimensions","discard","discard","discard","discard","discard","discard","Child (4 item)","discard","discard","discard","discard","Child (4 item)","Child (4 item)","keep"
107,"3634","dedhe",4,"Child","round_2",40,1,"animal","near","same","yes","yes",0.25,0.5,0,0.25,"low",0.125,0.51,0.63,"2D","2D","queue","iterate","iterate","queue","Queue",0.21,0.79,NA,0.12,0.87,0.07,0.07,0.14,0.64,0.22,NA,NA,NA,NA,NA,0.87,0.24,1,0.87,0.64,1.51,0.25,0.37,0.88,"animal_picture","near","mix","pure","learn_gen","animalpic_animalpic",10,18,28,14,0.76,0.5,"Serial-crossed",0.5,0.87,0.64,0.22,NA,NA,NA,NA,0.87,0.64,0.22,NA,0.87,0.64,"Serial-crossed",0.185,0.695,NA,0.12,0.87,0.07,0,0.07,0.19,0.51,0,"Child_86","2D","M",0.6,-8,-0.3,"no","near",NA,NA,NA,NA,NA,NA,NA,"discard","Near","discard","discard","discard","discard","discard","discard","discard","Child (Animal)","discard","discard","discard","discard","discard","discard","discard","discard","discard","discard","discard","discard","discard","discard","discard","discard","discard","discard","discard","discard","discard","discard","Child (2 Dimensions)","High Load","Near","Near","discard","discard","discard","discard","discard","discard","discard","discard","2 Dimensions","discard","discard","discard","discard","discard","discard","Child (4 item)","discard","discard","discard","discard","Child (4 item)","Child (4 item)","keep"
108,"3644","dedhe",4,"Child","round_2",44,1,"animal","near","same","yes","yes",0.5,0.38,0,0.13,"high",0.625,0.28,0.46,"not 2D","1D","stack","iterate","iterate","iterate","Iterate",0.65,0.35,NA,0.08,0.93,0.03,0.04,0.19,0.28,0.53,NA,NA,NA,NA,NA,0.93,0.34,1,0.93,0.53,1.45,0.93,0.54,0.82,"animal_picture","near","mix","pure","learn_gen","animalpic_animalpic",4,11,15,7.5,0.66,0.38,"Serial-crossed",0.5,0.93,0.28,0.53,NA,NA,NA,NA,0.93,0.28,0.53,NA,0.93,0.47,"Center-embedded",0.599,0.321,NA,0.08,0.93,0.03,0,0.04,0.28,0.93,0,"Child_27","iterate","F",0.4,-7,-0.5,"no","near",NA,NA,NA,NA,NA,NA,NA,"discard","Near","discard","discard","discard","discard","discard","discard","discard","Child (Animal)","discard","discard","discard","discard","discard","discard","discard","discard","discard","discard","discard","discard","discard","discard","discard","discard","discard","discard","discard","discard","discard","discard","Child (2 Dimensions)","High Load","Near","Near","discard","discard","discard","discard","discard","discard","discard","discard","2 Dimensions","discard","discard","discard","discard","discard","discard","Child (4 item)","discard","discard","discard","discard","Child (4 item)","Child (4 item)","keep"
109,"3646","dedhe",4,"Child","round_2",41,1,"animal","near","same","yes","yes",0.25,0.13,0.25,0.38,"low",0.125,0.12,0.34,"not 2D","1D","stack","iterate","iterate","iterate","Iterate",0.59,0.41,NA,0.37,0.37,0.26,0.38,0.74,0.12,0.14,NA,NA,NA,NA,NA,0.74,0.34,2,0.38,0.74,1.11,0.74,0.66,0.78,"animal_picture","near","mix","pure","learn_gen","animalpic_animalpic",4,3,7,3.5,0.66,0.25,"Tail-recursive",0.25,0.74,0.26,0.38,NA,NA,NA,NA,0.74,0.26,0.38,NA,0.74,0.39,"Center-embedded",0.376,0.256,NA,0.37,0.74,0.12,0,0.14,0.01,0.74,0,"Child_87","iterate","F",1.3,1,0.1,"no","near",NA,NA,NA,NA,NA,NA,NA,"discard","Near","discard","discard","discard","discard","discard","discard","discard","Child (Animal)","discard","discard","discard","discard","discard","discard","discard","discard","discard","discard","discard","discard","discard","discard","discard","discard","discard","discard","discard","discard","discard","discard","Child (2 Dimensions)","High Load","Near","Near","discard","discard","discard","discard","discard","discard","discard","discard","2 Dimensions","discard","discard","discard","discard","discard","discard","Child (4 item)","discard","discard","discard","discard","Child (4 item)","Child (4 item)","keep"
110,"3656","dedhe",4,"Child","round_2",40,1,"animal","near","same","yes","yes",0.29,0.29,0,0.43,"low",0.25,0,0.25,"not 2D","1D","stack","iterate","iterate","iterate","Iterate",0.5,0.5,NA,0.27,0.64,0.16,0.2,0.22,0.39,0.39,NA,NA,NA,NA,NA,0.64,0.23,1,0.64,0.39,1.03,0.64,0.75,0.75,"animal_picture","near","mix","pure","learn_gen","animalpic_animalpic",5,5,10,5,0.77,0.29,"Serial-crossed",0.29,0.64,0.39,0.39,NA,NA,NA,NA,0.64,0.39,0.39,NA,0.64,0.38,"Center-embedded",0.368,0.366,NA,0.27,0.64,0.16,0,0.2,0,0.64,0,"Child_88","iterate","F",1,0,0,"no","near",NA,NA,NA,NA,NA,NA,NA,"discard","Near","discard","discard","discard","discard","discard","discard","discard","Child (Animal)","discard","discard","discard","discard","discard","discard","discard","discard","discard","discard","discard","discard","discard","discard","discard","discard","discard","discard","discard","discard","discard","discard","Child (2 Dimensions)","High Load","Near","Near","discard","discard","discard","discard","discard","discard","discard","discard","2 Dimensions","discard","discard","discard","discard","discard","discard","Child (4 item)","discard","discard","discard","discard","Child (4 item)","Child (4 item)","keep"
111,"3658","dedhe",4,"Child","round_2",45,2,"animal","near","same","yes","yes",0.25,0.63,0,0.13,"low",0,0.67,0.75,"2D","2D","queue","iterate","iterate","queue","Queue",0.15,0.85,NA,0.05,0.93,0.03,0.04,0.07,0.83,0.1,NA,NA,NA,NA,NA,0.93,0.2,1,0.93,0.83,1.76,0.17,0.25,0.92,"animal_picture","near","mix","pure","learn_gen","animalpic_animalpic",5,27,32,16,0.8,0.63,"Serial-crossed",0.63,0.93,0.83,0.1,NA,NA,NA,NA,0.93,0.83,0.1,NA,0.93,0.73,"Serial-crossed",0.14,0.805,NA,0.05,0.93,0.03,0,0.04,0.14,0.67,0,"Child_25","2D","M",0.2,-22,-0.7,"no","near",NA,NA,NA,NA,NA,NA,NA,"discard","Near","discard","discard","discard","discard","discard","discard","discard","Child (Animal)","discard","discard","discard","discard","discard","discard","discard","discard","discard","discard","discard","discard","discard","discard","discard","discard","discard","discard","discard","discard","discard","discard","Child (2 Dimensions)","High Load","Near","Near","discard","discard","discard","discard","discard","discard","discard","discard","2 Dimensions","discard","discard","discard","discard","discard","discard","Child (4 item)","discard","discard","discard","discard","Child (4 item)","Child (4 item)","keep"
112,"S01","dedhe",4,"Child","round_2",48,2,"animal","near","same","yes","yes",0.75,0.13,0.13,0,"low",0.375,0.84,0.88,"2D","2D","stack","iterate","iterate","stack","Stack",0.95,0.05,NA,0.05,0.93,0.04,0.03,0.07,0.06,0.87,NA,NA,NA,NA,NA,0.93,0.19,1,0.93,0.87,1.8,0.08,0.12,0.96,"animal_picture","near","mix","pure","learn_gen","animalpic_animalpic",10,4,14,7,0.81,0.13,"Serial-crossed",0.75,0.93,0.06,0.87,NA,NA,NA,NA,0.93,0.06,0.87,NA,0.93,0.83,"Center-embedded",0.896,0.052,NA,0.05,0.93,0.04,0,0.03,0.84,0.84,1,"Child_28","2D","M",2.5,6,0.4,"yes","near",NA,NA,NA,NA,NA,NA,NA,"discard","Near","discard","discard","discard","discard","discard","discard","discard","Child (Animal)","discard","discard","discard","discard","discard","discard","discard","discard","discard","discard","discard","discard","discard","discard","discard","discard","discard","discard","discard","discard","discard","discard","Child (2 Dimensions)","High Load","Near","Near","discard","discard","discard","discard","discard","discard","discard","discard","2 Dimensions","discard","discard","discard","discard","discard","discard","Child (4 item)","discard","discard","discard","discard","Child (4 item)","Child (4 item)","keep"
113,"S02","dedhe",4,"Child","round_2",54,1,"animal","near","same","yes","yes",0,0.25,0.38,0.38,"low",0.125,0.09,0.32,"not 2D","1D","queue","iterate","iterate","iterate","Iterate",0.41,0.59,NA,0.54,0.26,0.36,0.37,0.83,0.1,0.07,NA,NA,NA,NA,NA,0.83,0.25,2,0.37,0.83,1.21,0.83,0.68,0.77,"animal_picture","near","mix","pure","learn_gen","animalpic_animalpic",7,8,15,7.5,0.75,0.38,"Tail-recursive",0.38,0.83,0.36,0.37,NA,NA,NA,NA,0.83,0.36,0.37,NA,0.83,0.42,"Tail-recursive",0.188,0.276,NA,0.54,0.83,0.1,0,0.07,0.19,0.83,0,"Child_18","iterate","M",0.9,-1,-0.1,"no","near",NA,NA,NA,NA,NA,NA,NA,"discard","Near","discard","discard","discard","discard","discard","discard","discard","Child (Animal)","discard","discard","discard","discard","discard","discard","discard","discard","discard","discard","discard","discard","discard","discard","discard","discard","discard","discard","discard","discard","discard","discard","Child (2 Dimensions)","High Load","Near","Near","discard","discard","discard","discard","discard","discard","discard","discard","2 Dimensions","discard","discard","discard","discard","discard","discard","Child (4 item)","discard","discard","discard","discard","Child (4 item)","Child (4 item)","keep"
114,"S03","dedhe",4,"Child","round_2",48,2,"animal","near","same","yes","yes",0.75,0.25,0,0,"high",0.5,0.73,0.8,"2D","2D","stack","iterate","iterate","stack","Stack",0.88,0.12,NA,0.03,0.97,0.02,0.02,0.07,0.1,0.83,NA,NA,NA,NA,NA,0.97,0.15,1,0.97,0.83,1.8,0.13,0.2,0.93,"animal_picture","near","mix","pure","learn_gen","animalpic_animalpic",7,4,11,5.5,0.85,0.25,"Serial-crossed",0.75,0.97,0.1,0.83,NA,NA,NA,NA,0.97,0.1,0.83,NA,0.97,0.79,"Center-embedded",0.851,0.12,NA,0.03,0.97,0.02,0,0.02,0.73,0.73,1,"Child_05","2D","F",1.8,3,0.3,"yes","near",NA,NA,NA,NA,NA,NA,NA,"discard","Near","discard","discard","discard","discard","discard","discard","discard","Child (Animal)","discard","discard","discard","discard","discard","discard","discard","discard","discard","discard","discard","discard","discard","discard","discard","discard","discard","discard","discard","discard","discard","discard","Child (2 Dimensions)","High Load","Near","Near","discard","discard","discard","discard","discard","discard","discard","discard","2 Dimensions","discard","discard","discard","discard","discard","discard","Child (4 item)","discard","discard","discard","discard","Child (4 item)","Child (4 item)","keep"
115,"S04","dedhe",4,"Child","round_2",47,2,"animal","near","same","yes","yes",1,0,0,0,"high",1,0.96,0.97,"2D","2D","stack","iterate","iterate","stack","Stack",0.99,0.01,NA,0.01,0.97,0.02,0.02,0.02,0.02,0.97,NA,NA,NA,NA,NA,0.97,0.02,1,0.97,0.97,1.94,0.02,0.03,0.99,"animal_picture","near","mix","pure","learn_gen","animalpic_animalpic",3,4,7,3.5,0.98,0,"Serial-crossed",1,0.97,0.02,0.97,NA,NA,NA,NA,0.97,0.02,0.97,NA,0.97,0.97,"Center-embedded",0.972,0.014,NA,0.01,0.97,0.02,0,0.02,0.96,0.96,1,"Child_89","2D","F",0.8,-1,-0.1,"yes","near",NA,NA,NA,NA,NA,NA,NA,"discard","Near","discard","discard","discard","discard","discard","discard","discard","Child (Animal)","discard","discard","discard","discard","discard","discard","discard","discard","discard","discard","discard","discard","discard","discard","discard","discard","discard","discard","discard","discard","discard","discard","Child (2 Dimensions)","High Load","Near","Near","discard","discard","discard","discard","discard","discard","discard","discard","2 Dimensions","discard","discard","discard","discard","discard","discard","Child (4 item)","discard","discard","discard","discard","Child (4 item)","Child (4 item)","keep"
116,"S05","dedhe",4,"Child","round_2",51,3,"animal","near","same","yes","yes",0.29,0,0.71,0,"high",0.625,0.11,0.33,"not 2D","associative","stack","alternate","seriate","associative","Associative",0.79,0.21,NA,0.82,0.13,0.77,0.1,0.77,0.1,0.13,NA,NA,NA,NA,NA,0.77,0.19,1,0.77,0.77,1.54,0.45,0.67,0.78,"animal_picture","near","mix","pure","learn_gen","animalpic_animalpic",3,3,6,3,0.81,0.71,"Tail-recursive",0.71,0.77,0.77,0.13,NA,NA,NA,NA,0.77,0.77,0.13,NA,0.82,0.46,"Tail-recursive",0.144,0.037,NA,0.82,0.13,0.77,0,0.1,0.14,0.82,0,"Child_90","associative","M",1,0,0,"no","near",NA,NA,NA,NA,NA,NA,NA,"discard","Near","discard","discard","discard","discard","discard","discard","discard","Child (Animal)","discard","discard","discard","discard","discard","discard","discard","discard","discard","discard","discard","discard","discard","discard","discard","discard","discard","discard","discard","discard","discard","discard","Child (2 Dimensions)","High Load","Near","Near","discard","discard","discard","discard","discard","discard","discard","discard","2 Dimensions","discard","discard","discard","discard","discard","discard","Child (4 item)","discard","discard","discard","discard","Child (4 item)","Child (4 item)","keep"
117,"S06","dedhe",4,"Child","round_2",60,2,"animal","near","same","yes","yes",0,0.88,0.13,0,"low",0.375,0.91,0.93,"2D","2D","queue","iterate","iterate","queue","Queue",0.02,0.98,NA,0.04,0.93,0.04,0.03,0.04,0.92,0.03,NA,NA,NA,NA,NA,0.93,0.05,1,0.93,0.92,1.85,0.04,0.07,0.98,"animal_picture","near","mix","pure","learn_gen","animalpic_animalpic",4,3,7,3.5,0.95,0.88,"Serial-crossed",0.88,0.93,0.92,0.03,NA,NA,NA,NA,0.93,0.92,0.03,NA,0.93,0.93,"Serial-crossed",0.022,0.936,NA,0.04,0.93,0.04,0,0.03,0.02,0.91,0,"Child_91","2D","M",1.3,1,0.1,"no","near",NA,NA,NA,NA,NA,NA,NA,"discard","Near","discard","discard","discard","discard","discard","discard","discard","Child (Animal)","discard","discard","discard","discard","discard","discard","discard","discard","discard","discard","discard","discard","discard","discard","discard","discard","discard","discard","discard","discard","discard","discard","Child (2 Dimensions)","High Load","Near","Near","discard","discard","discard","discard","discard","discard","discard","discard","2 Dimensions","discard","discard","discard","discard","discard","discard","Child (4 item)","discard","discard","discard","discard","Child (4 item)","Child (4 item)","keep"
118,"S07","dedhe",4,"Child","round_2",45,3,"animal","near","same","yes","yes",0.63,0.38,0,0,"high",0.5,0.42,0.57,"2D","2D","stack","iterate","iterate","stack","Stack",0.72,0.28,NA,0.04,0.97,0.02,0.02,0.14,0.22,0.65,NA,NA,NA,NA,NA,0.97,0.32,1,0.97,0.65,1.61,0.29,0.43,0.86,"animal_picture","near","mix","pure","learn_gen","animalpic_animalpic",9,3,12,6,0.68,0.38,"Serial-crossed",0.63,0.97,0.22,0.65,NA,NA,NA,NA,0.97,0.22,0.65,NA,0.97,0.55,"Center-embedded",0.692,0.272,NA,0.04,0.97,0.02,0,0.02,0.42,0.42,1,"Child_12","2D","F",3,6,0.5,"yes","near",NA,NA,NA,NA,NA,NA,NA,"discard","Near","discard","discard","discard","discard","discard","discard","discard","Child (Animal)","discard","discard","discard","discard","discard","discard","discard","discard","discard","discard","discard","discard","discard","discard","discard","discard","discard","discard","discard","discard","discard","discard","Child (2 Dimensions)","High Load","Near","Near","discard","discard","discard","discard","discard","discard","discard","discard","2 Dimensions","discard","discard","discard","discard","discard","discard","Child (4 item)","discard","discard","discard","discard","Child (4 item)","Child (4 item)","keep"
119,"S09","dedhe",4,"Child","round_2",51,1,"animal","near","same","yes","yes",0.88,0.13,0,0,"high",0.75,0.89,0.92,"2D","2D","stack","iterate","iterate","stack","Stack",0.96,0.04,NA,0.02,0.97,0.02,0.02,0.03,0.04,0.93,NA,NA,NA,NA,NA,0.97,0.05,1,0.97,0.93,1.89,0.05,0.08,0.97,"animal_picture","near","mix","pure","learn_gen","animalpic_animalpic",11,13,24,12,0.95,0.13,"Serial-crossed",0.88,0.97,0.04,0.93,NA,NA,NA,NA,0.97,0.04,0.93,NA,0.97,0.92,"Center-embedded",0.935,0.043,NA,0.02,0.97,0.02,0,0.02,0.89,0.89,1,"Child_23","2D","M",0.8,-2,-0.1,"yes","near",NA,NA,NA,NA,NA,NA,NA,"discard","Near","discard","discard","discard","discard","discard","discard","discard","Child (Animal)","discard","discard","discard","discard","discard","discard","discard","discard","discard","discard","discard","discard","discard","discard","discard","discard","discard","discard","discard","discard","discard","discard","Child (2 Dimensions)","High Load","Near","Near","discard","discard","discard","discard","discard","discard","discard","discard","2 Dimensions","discard","discard","discard","discard","discard","discard","Child (4 item)","discard","discard","discard","discard","Child (4 item)","Child (4 item)","keep"
120,"S10","dedhe",4,"Child","round_2",73,3,"animal","near","same","yes","yes",0.25,0.63,0.13,0,"high",0.5,0.67,0.75,"2D","2D","queue","iterate","iterate","queue","Queue",0.14,0.86,NA,0.07,0.93,0.04,0.03,0.12,0.74,0.14,NA,NA,NA,NA,NA,0.93,0.48,1,0.93,0.74,1.66,0.17,0.25,0.92,"animal_picture","near","mix","pure","learn_gen","animalpic_animalpic",7,5,12,6,0.52,0.63,"Serial-crossed",0.63,0.93,0.74,0.14,NA,NA,NA,NA,0.93,0.74,0.14,NA,0.93,0.59,"Serial-crossed",0.133,0.799,NA,0.07,0.93,0.04,0,0.03,0.13,0.67,0,"Child_29","2D","F",1.4,2,0.2,"no","near",NA,NA,NA,NA,NA,NA,NA,"discard","Near","discard","discard","discard","discard","discard","discard","discard","Child (Animal)","discard","discard","discard","discard","discard","discard","discard","discard","discard","discard","discard","discard","discard","discard","discard","discard","discard","discard","discard","discard","discard","discard","Child (2 Dimensions)","High Load","Near","Near","discard","discard","discard","discard","discard","discard","discard","discard","2 Dimensions","discard","discard","discard","discard","discard","discard","Child (4 item)","discard","discard","discard","discard","Child (4 item)","Child (4 item)","keep"
121,"S11","dedhe",4,"Child","round_2",70,3,"animal","near","same","yes","yes",0.63,0.38,0,0,"high",0.875,0.41,0.56,"2D","2D","stack","iterate","iterate","stack","Stack",0.71,0.29,NA,0.04,0.97,0.02,0.02,0.14,0.21,0.65,NA,NA,NA,NA,NA,0.97,0.32,1,0.97,0.65,1.62,0.29,0.44,0.85,"animal_picture","near","mix","pure","learn_gen","animalpic_animalpic",4,4,8,4,0.68,0.38,"Serial-crossed",0.63,0.97,0.21,0.65,NA,NA,NA,NA,0.97,0.21,0.65,NA,0.97,0.54,"Center-embedded",0.689,0.276,NA,0.04,0.97,0.02,0,0.02,0.41,0.41,1,"Child_36","2D","M",1,0,0,"yes","near",NA,NA,NA,NA,NA,NA,NA,"discard","Near","discard","discard","discard","discard","discard","discard","discard","Child (Animal)","discard","discard","discard","discard","discard","discard","discard","discard","discard","discard","discard","discard","discard","discard","discard","discard","discard","discard","discard","discard","discard","discard","Child (2 Dimensions)","High Load","Near","Near","discard","discard","discard","discard","discard","discard","discard","discard","2 Dimensions","discard","discard","discard","discard","discard","discard","Child (4 item)","discard","discard","discard","discard","Child (4 item)","Child (4 item)","keep"
122,"S12","dedhe",4,"Child","round_2",48,1,"animal","near","same","yes","yes",0.43,0.43,0.14,0,"high",0.5,0,0.25,"not 2D","1D","stack","iterate","iterate","iterate","Iterate",0.5,0.5,NA,0.12,0.91,0.05,0.04,0.22,0.39,0.4,NA,NA,NA,NA,NA,0.91,0.53,1,0.91,0.4,1.31,0.91,0.75,0.75,"animal_picture","near","mix","pure","learn_gen","animalpic_animalpic",4,16,20,10,0.47,0.43,"Serial-crossed",0.43,0.91,0.39,0.4,NA,NA,NA,NA,0.91,0.39,0.4,NA,0.91,0.24,"Center-embedded",0.44,0.438,NA,0.12,0.91,0.05,0,0.04,0,0.91,0,"Child_84","iterate","F",0.3,-12,-0.6,"no","near",NA,NA,NA,NA,NA,NA,NA,"discard","Near","discard","discard","discard","discard","discard","discard","discard","Child (Animal)","discard","discard","discard","discard","discard","discard","discard","discard","discard","discard","discard","discard","discard","discard","discard","discard","discard","discard","discard","discard","discard","discard","Child (2 Dimensions)","High Load","Near","Near","discard","discard","discard","discard","discard","discard","discard","discard","2 Dimensions","discard","discard","discard","discard","discard","discard","Child (4 item)","discard","discard","discard","discard","Child (4 item)","Child (4 item)","keep"
123,"S14","dedhe",4,"Child","round_2",48,3,"animal","near","same","yes","yes",0.29,0.14,0.43,0.14,"high",0.625,0.1,0.33,"not 2D","associative","stack","iterate","iterate","associative","Associative",0.61,0.39,NA,0.55,0.39,0.39,0.22,0.44,0.28,0.28,NA,NA,NA,NA,NA,0.44,0.41,2,0.39,0.44,0.83,0.45,0.67,0.78,"animal_picture","near","mix","pure","learn_gen","animalpic_animalpic",8,8,16,8,0.59,0.43,"Tail-recursive",0.43,0.44,0.39,0.28,NA,NA,NA,NA,0.44,0.39,0.28,NA,0.55,0.35,"Tail-recursive",0.275,0.173,NA,0.55,0.44,0.28,0,0.28,0.28,0.55,0,"Child_14","associative","F",1,0,0,"no","near",NA,NA,NA,NA,NA,NA,NA,"discard","Near","discard","discard","discard","discard","discard","discard","discard","Child (Animal)","discard","discard","discard","discard","discard","discard","discard","discard","discard","discard","discard","discard","discard","discard","discard","discard","discard","discard","discard","discard","discard","discard","Child (2 Dimensions)","High Load","Near","Near","discard","discard","discard","discard","discard","discard","discard","discard","2 Dimensions","discard","discard","discard","discard","discard","discard","Child (4 item)","discard","discard","discard","discard","Child (4 item)","Child (4 item)","keep"
124,"S15","dedhe",4,"Child","round_2",53,2,"animal","near","same","yes","yes",1,0,0,0,"high",0.75,0.96,0.97,"2D","2D","stack","palindrome","palindrome","stack","Stack",0.99,0.01,NA,0.01,0.97,0.02,0.02,0.02,0.02,0.97,NA,NA,NA,NA,NA,0.97,0.02,2,0.97,0.97,1.94,0.02,0.03,0.99,"animal_picture","near","mix","pure","learn_gen","animalpic_animalpic",4,4,8,4,0.98,0,"Serial-crossed",1,0.97,0.02,0.97,NA,NA,NA,NA,0.97,0.02,0.97,NA,0.97,0.97,"Center-embedded",0.973,0.013,NA,0.01,0.02,0.02,0,0.97,0.96,0.96,1,"Child_04","2D","F",1,0,0,"yes","near",NA,NA,NA,NA,NA,NA,NA,"discard","Near","discard","discard","discard","discard","discard","discard","discard","Child (Animal)","discard","discard","discard","discard","discard","discard","discard","discard","discard","discard","discard","discard","discard","discard","discard","discard","discard","discard","discard","discard","discard","discard","Child (2 Dimensions)","High Load","Near","Near","discard","discard","discard","discard","discard","discard","discard","discard","2 Dimensions","discard","discard","discard","discard","discard","discard","Child (4 item)","discard","discard","discard","discard","Child (4 item)","Child (4 item)","keep"
125,"S16","dedhe",4,"Child","round_2",45,2,"animal","near","same","yes","yes",0.17,0.5,0.33,0,"low",0.375,0.44,0.58,"2D","2D","queue","iterate","iterate","queue","Queue",0.2,0.8,NA,0.27,0.67,0.18,0.15,0.28,0.5,0.22,NA,NA,NA,NA,NA,0.67,0.41,1,0.67,0.5,1.17,0.28,0.42,0.86,"animal_picture","near","mix","pure","learn_gen","animalpic_animalpic",18,6,24,12,0.59,0.5,"Serial-crossed",0.5,0.67,0.5,0.22,NA,NA,NA,NA,0.67,0.5,0.22,NA,0.67,0.52,"Serial-crossed",0.146,0.587,NA,0.27,0.67,0.18,0,0.15,0.15,0.44,0,"Child_92","2D","M",3,12,0.5,"no","near",NA,NA,NA,NA,NA,NA,NA,"discard","Near","discard","discard","discard","discard","discard","discard","discard","Child (Animal)","discard","discard","discard","discard","discard","discard","discard","discard","discard","discard","discard","discard","discard","discard","discard","discard","discard","discard","discard","discard","discard","discard","Child (2 Dimensions)","High Load","Near","Near","discard","discard","discard","discard","discard","discard","discard","discard","2 Dimensions","discard","discard","discard","discard","discard","discard","Child (4 item)","discard","discard","discard","discard","Child (4 item)","Child (4 item)","keep"
126,"S18","dedhe",4,"Child","round_2",56,2,"animal","near","same","yes","yes",0.38,0.5,0,0.13,"high",0.75,0.26,0.45,"not 2D","1D","queue","iterate","iterate","iterate","Iterate",0.36,0.64,NA,0.08,0.93,0.03,0.04,0.14,0.64,0.22,NA,NA,NA,NA,NA,0.93,0.32,1,0.93,0.64,1.57,0.93,0.55,0.82,"animal_picture","near","mix","pure","learn_gen","animalpic_animalpic",9,3,12,6,0.68,0.5,"Serial-crossed",0.5,0.93,0.64,0.22,NA,NA,NA,NA,0.93,0.64,0.22,NA,0.93,0.47,"Serial-crossed",0.326,0.59,NA,0.08,0.93,0.03,0,0.04,0.26,0.93,0,"Child_93","iterate","F",3,6,0.5,"no","near",NA,NA,NA,NA,NA,NA,NA,"discard","Near","discard","discard","discard","discard","discard","discard","discard","Child (Animal)","discard","discard","discard","discard","discard","discard","discard","discard","discard","discard","discard","discard","discard","discard","discard","discard","discard","discard","discard","discard","discard","discard","Child (2 Dimensions)","High Load","Near","Near","discard","discard","discard","discard","discard","discard","discard","discard","2 Dimensions","discard","discard","discard","discard","discard","discard","Child (4 item)","discard","discard","discard","discard","Child (4 item)","Child (4 item)","keep"
127,"S19","dedhe",4,"Child","round_2",59,2,"animal","near","same","yes","yes",0.63,0.38,0,0,"high",0.625,0.42,0.56,"2D","2D","stack","iterate","iterate","stack","Stack",0.72,0.28,NA,0.03,0.97,0.02,0.02,0.14,0.22,0.65,NA,NA,NA,NA,NA,0.97,0.32,1,0.97,0.65,1.61,0.29,0.44,0.85,"animal_picture","near","mix","pure","learn_gen","animalpic_animalpic",3,4,7,3.5,0.68,0.38,"Serial-crossed",0.63,0.97,0.22,0.65,NA,NA,NA,NA,0.97,0.22,0.65,NA,0.97,0.55,"Center-embedded",0.692,0.273,NA,0.03,0.97,0.02,0,0.02,0.42,0.42,1,"Child_02","2D","F",0.8,-1,-0.1,"yes","near",NA,NA,NA,NA,NA,NA,NA,"discard","Near","discard","discard","discard","discard","discard","discard","discard","Child (Animal)","discard","discard","discard","discard","discard","discard","discard","discard","discard","discard","discard","discard","discard","discard","discard","discard","discard","discard","discard","discard","discard","discard","Child (2 Dimensions)","High Load","Near","Near","discard","discard","discard","discard","discard","discard","discard","discard","2 Dimensions","discard","discard","discard","discard","discard","discard","Child (4 item)","discard","discard","discard","discard","Child (4 item)","Child (4 item)","keep"
128,"S20","dedhe",4,"Child","round_2",68,4,"animal","near","same","yes","yes",0.88,0.13,0,0,"high",0.875,0.89,0.92,"2D","2D","stack","iterate","iterate","stack","Stack",0.96,0.04,NA,0.02,0.97,0.02,0.02,0.03,0.04,0.93,NA,NA,NA,NA,NA,0.97,0.05,1,0.97,0.93,1.89,0.05,0.08,0.97,"animal_picture","near","mix","pure","learn_gen","animalpic_animalpic",7,10,17,8.5,0.95,0.13,"Serial-crossed",0.88,0.97,0.04,0.93,NA,NA,NA,NA,0.97,0.04,0.93,NA,0.97,0.92,"Center-embedded",0.934,0.044,NA,0.02,0.97,0.02,0,0.02,0.89,0.89,1,"Child_46","2D","M",0.7,-3,-0.2,"yes","near",NA,NA,NA,NA,NA,NA,NA,"discard","Near","discard","discard","discard","discard","discard","discard","discard","Child (Animal)","discard","discard","discard","discard","discard","discard","discard","discard","discard","discard","discard","discard","discard","discard","discard","discard","discard","discard","discard","discard","discard","discard","Child (2 Dimensions)","High Load","Near","Near","discard","discard","discard","discard","discard","discard","discard","discard","2 Dimensions","discard","discard","discard","discard","discard","discard","Child (4 item)","discard","discard","discard","discard","Child (4 item)","Child (4 item)","keep"
129,"S22","dedhe",4,"Child","round_2",53,1,"animal","near","same","yes","yes",0.29,0.14,0.14,0.43,"low",0.25,0.13,0.35,"not 2D","1D","stack","palindrome","palindrome","palindrome","Palindrome",0.59,0.41,NA,0.28,0.39,0.39,0.22,0.17,0.19,0.64,NA,NA,NA,NA,NA,0.64,0.27,2,0.39,0.64,1.03,0.64,0.65,0.78,"animal_picture","near","mix","pure","learn_gen","animalpic_animalpic",5,11,16,8,0.73,0.14,"Serial-crossed",0.29,0.39,0.39,0.64,NA,NA,NA,NA,0.39,0.39,0.64,NA,0.64,0.43,"Center-embedded",0.425,0.291,NA,0.28,0.17,0.19,0,0.64,0.13,0.64,0,"Child_16","palindrome","F",0.5,-6,-0.4,"no","near",NA,NA,NA,NA,NA,NA,NA,"discard","Near","discard","discard","discard","discard","discard","discard","discard","Child (Animal)","discard","discard","discard","discard","discard","discard","discard","discard","discard","discard","discard","discard","discard","discard","discard","discard","discard","discard","discard","discard","discard","discard","Child (2 Dimensions)","High Load","Near","Near","discard","discard","discard","discard","discard","discard","discard","discard","2 Dimensions","discard","discard","discard","discard","discard","discard","Child (4 item)","discard","discard","discard","discard","Child (4 item)","Child (4 item)","keep"
130,"S23","dedhe",4,"Child","round_2",67,2,"animal","near","same","yes","yes",0.75,0.25,0,0,"high",0.5,0.73,0.8,"2D","2D","stack","iterate","iterate","stack","Stack",0.88,0.12,NA,0.03,0.97,0.02,0.02,0.07,0.1,0.83,NA,NA,NA,NA,NA,0.97,0.15,1,0.97,0.83,1.8,0.13,0.2,0.93,"animal_picture","near","mix","pure","learn_gen","animalpic_animalpic",4,6,10,5,0.85,0.25,"Serial-crossed",0.75,0.97,0.1,0.83,NA,NA,NA,NA,0.97,0.1,0.83,NA,0.97,0.79,"Center-embedded",0.852,0.12,NA,0.03,0.97,0.02,0,0.02,0.73,0.73,1,"Child_44","2D","M",0.7,-2,-0.2,"yes","near",NA,NA,NA,NA,NA,NA,NA,"discard","Near","discard","discard","discard","discard","discard","discard","discard","Child (Animal)","discard","discard","discard","discard","discard","discard","discard","discard","discard","discard","discard","discard","discard","discard","discard","discard","discard","discard","discard","discard","discard","discard","Child (2 Dimensions)","High Load","Near","Near","discard","discard","discard","discard","discard","discard","discard","discard","2 Dimensions","discard","discard","discard","discard","discard","discard","Child (4 item)","discard","discard","discard","discard","Child (4 item)","Child (4 item)","keep"
131,"S24","dedhe",4,"Child","round_2",68,2,"animal","near","same","yes","yes",0.63,0.25,0.13,0,"high",1,0.67,0.75,"2D","2D","stack","iterate","iterate","stack","Stack",0.86,0.14,NA,0.07,0.93,0.04,0.03,0.12,0.14,0.74,NA,NA,NA,NA,NA,0.93,0.47,1,0.93,0.74,1.67,0.17,0.25,0.92,"animal_picture","near","mix","pure","learn_gen","animalpic_animalpic",4,3,7,3.5,0.53,0.25,"Serial-crossed",0.63,0.93,0.14,0.74,NA,NA,NA,NA,0.93,0.14,0.74,NA,0.93,0.6,"Center-embedded",0.799,0.133,NA,0.07,0.93,0.04,0,0.03,0.67,0.67,1,"Child_40","2D","M",1.3,1,0.1,"yes","near",NA,NA,NA,NA,NA,NA,NA,"discard","Near","discard","discard","discard","discard","discard","discard","discard","Child (Animal)","discard","discard","discard","discard","discard","discard","discard","discard","discard","discard","discard","discard","discard","discard","discard","discard","discard","discard","discard","discard","discard","discard","Child (2 Dimensions)","High Load","Near","Near","discard","discard","discard","discard","discard","discard","discard","discard","2 Dimensions","discard","discard","discard","discard","discard","discard","Child (4 item)","discard","discard","discard","discard","Child (4 item)","Child (4 item)","keep"
132,"S25","dedhe",4,"Child","round_2",56,2,"animal","near","same","yes","yes",0,0.13,0.63,0.25,"high",0.75,0.02,0.26,"not 2D","associative","queue","iterate","iterate","associative","Associative",0.43,0.57,NA,0.87,0.12,0.73,0.14,0.93,0.04,0.03,NA,NA,NA,NA,NA,0.93,0.11,2,0.73,0.93,1.66,0.49,0.74,0.75,"animal_picture","near","mix","pure","learn_gen","animalpic_animalpic",4,3,7,3.5,0.89,0.63,"Tail-recursive",0.63,0.93,0.73,0.14,NA,NA,NA,NA,0.93,0.73,0.14,NA,0.87,0.45,"Tail-recursive",0.057,0.075,NA,0.87,0.93,0.04,0,0.03,0.06,0.87,0,"Child_41","associative","M",1.3,1,0.1,"no","near",NA,NA,NA,NA,NA,NA,NA,"discard","Near","discard","discard","discard","discard","discard","discard","discard","Child (Animal)","discard","discard","discard","discard","discard","discard","discard","discard","discard","discard","discard","discard","discard","discard","discard","discard","discard","discard","discard","discard","discard","discard","Child (2 Dimensions)","High Load","Near","Near","discard","discard","discard","discard","discard","discard","discard","discard","2 Dimensions","discard","discard","discard","discard","discard","discard","Child (4 item)","discard","discard","discard","discard","Child (4 item)","Child (4 item)","keep"
133,"S26","dedhe",4,"Child","round_2",70,3,"animal","near","same","yes","yes",0.88,0.13,0,0,"high",0.5,0.89,0.92,"2D","2D","stack","iterate","iterate","stack","Stack",0.96,0.04,NA,0.02,0.97,0.02,0.02,0.03,0.04,0.93,NA,NA,NA,NA,NA,0.97,0.06,1,0.97,0.93,1.9,0.05,0.08,0.97,"animal_picture","near","mix","pure","learn_gen","animalpic_animalpic",4,12,16,8,0.94,0.13,"Serial-crossed",0.88,0.97,0.04,0.93,NA,NA,NA,NA,0.97,0.04,0.93,NA,0.97,0.92,"Center-embedded",0.936,0.043,NA,0.02,0.97,0.02,0,0.02,0.89,0.89,1,"Child_34","2D","M",0.3,-8,-0.5,"yes","near",NA,NA,NA,NA,NA,NA,NA,"discard","Near","discard","discard","discard","discard","discard","discard","discard","Child (Animal)","discard","discard","discard","discard","discard","discard","discard","discard","discard","discard","discard","discard","discard","discard","discard","discard","discard","discard","discard","discard","discard","discard","Child (2 Dimensions)","High Load","Near","Near","discard","discard","discard","discard","discard","discard","discard","discard","2 Dimensions","discard","discard","discard","discard","discard","discard","Child (4 item)","discard","discard","discard","discard","Child (4 item)","Child (4 item)","keep"
134,"S27","dedhe",4,"Child","round_2",68,4,"animal","near","same","yes","yes",0.13,0.75,0,0.13,"high",0.5,0.86,0.89,"2D","2D","queue","iterate","iterate","queue","Queue",0.06,0.94,NA,0.03,0.93,0.03,0.04,0.06,0.87,0.07,NA,NA,NA,NA,NA,0.93,0.08,1,0.93,0.87,1.8,0.07,0.11,0.96,"animal_picture","near","mix","pure","learn_gen","animalpic_animalpic",4,10,14,7,0.92,0.75,"Serial-crossed",0.75,0.93,0.87,0.07,NA,NA,NA,NA,0.93,0.87,0.07,NA,0.93,0.89,"Serial-crossed",0.053,0.912,NA,0.03,0.93,0.03,0,0.04,0.05,0.86,0,"Child_94","2D","M",0.4,-6,-0.4,"no","near",NA,NA,NA,NA,NA,NA,NA,"discard","Near","discard","discard","discard","discard","discard","discard","discard","Child (Animal)","discard","discard","discard","discard","discard","discard","discard","discard","discard","discard","discard","discard","discard","discard","discard","discard","discard","discard","discard","discard","discard","discard","Child (2 Dimensions)","High Load","Near","Near","discard","discard","discard","discard","discard","discard","discard","discard","2 Dimensions","discard","discard","discard","discard","discard","discard","Child (4 item)","discard","discard","discard","discard","Child (4 item)","Child (4 item)","keep"
135,"S28","dedhe",4,"Child","round_2",70,4,"animal","near","same","yes","yes",0.38,0.25,0.13,0.25,"high",0.625,0.25,0.44,"not 2D","1D","stack","palindrome","palindrome","palindrome","Palindrome",0.65,0.35,NA,0.2,0.65,0.21,0.14,0.12,0.14,0.74,NA,NA,NA,NA,NA,0.74,0.4,2,0.65,0.74,1.39,0.74,0.56,0.81,"animal_picture","near","mix","pure","learn_gen","animalpic_animalpic",12,4,16,8,0.6,0.25,"Serial-crossed",0.38,0.65,0.21,0.74,NA,NA,NA,NA,0.65,0.21,0.74,NA,0.74,0.42,"Center-embedded",0.526,0.279,NA,0.2,0.12,0.14,0,0.74,0.25,0.74,0,"Child_95","palindrome","F",3,8,0.5,"no","near",NA,NA,NA,NA,NA,NA,NA,"discard","Near","discard","discard","discard","discard","discard","discard","discard","Child (Animal)","discard","discard","discard","discard","discard","discard","discard","discard","discard","discard","discard","discard","discard","discard","discard","discard","discard","discard","discard","discard","discard","discard","Child (2 Dimensions)","High Load","Near","Near","discard","discard","discard","discard","discard","discard","discard","discard","2 Dimensions","discard","discard","discard","discard","discard","discard","Child (4 item)","discard","discard","discard","discard","Child (4 item)","Child (4 item)","keep"
136,"S29","dedhe",4,"Child","round_2",69,2,"animal","near","same","yes","yes",0.57,0.29,0,0.14,"low",0.375,0.54,0.66,"2D","2D","stack","iterate","iterate","stack","Stack",0.8,0.2,NA,0.08,0.91,0.05,0.04,0.1,0.13,0.77,NA,NA,NA,NA,NA,0.91,0.24,1,0.91,0.77,1.68,0.23,0.34,0.89,"animal_picture","near","mix","pure","learn_gen","animalpic_animalpic",4,9,13,6.5,0.76,0.29,"Serial-crossed",0.57,0.91,0.13,0.77,NA,NA,NA,NA,0.91,0.13,0.77,NA,0.91,0.65,"Center-embedded",0.729,0.186,NA,0.08,0.91,0.05,0,0.04,0.54,0.54,1,"Child_42","2D","F",0.4,-5,-0.4,"yes","near",NA,NA,NA,NA,NA,NA,NA,"discard","Near","discard","discard","discard","discard","discard","discard","discard","Child (Animal)","discard","discard","discard","discard","discard","discard","discard","discard","discard","discard","discard","discard","discard","discard","discard","discard","discard","discard","discard","discard","discard","discard","Child (2 Dimensions)","High Load","Near","Near","discard","discard","discard","discard","discard","discard","discard","discard","2 Dimensions","discard","discard","discard","discard","discard","discard","Child (4 item)","discard","discard","discard","discard","Child (4 item)","Child (4 item)","keep"
207,"2768","dedhe",4,"Adult",NA,NA,NA,"animal","near","same","yes","yes",1,0,0,0,"high",0.5,0.96,0.97,"2D","2D","stack","palindrome","palindrome","stack","Stack",0.99,0.01,NA,0.01,0.97,0.02,0.02,0.02,0.02,0.97,NA,NA,NA,NA,NA,0.97,0.03,2,0.97,0.97,1.94,0.02,0.03,0.99,"animal_picture","near","mix","pure","learn_gen","animalpic_animalpic",13,8,21,10.5,0.97,0,"Serial-crossed",1,0.97,0.02,0.97,NA,NA,NA,NA,0.97,0.02,0.97,NA,0.97,0.97,"Center-embedded",0.972,0.014,NA,0.01,0.02,0.02,0,0.97,0.96,0.96,1,NA,"2D",NA,1.6,5,0.2,"yes","near",NA,NA,NA,NA,NA,NA,NA,"discard","Near","discard","discard","discard","discard","discard","discard","discard","Adult (Animal)","discard","discard","discard","discard","discard","discard","discard","discard","discard","discard","discard","discard","discard","discard","discard","discard","discard","discard","discard","discard","discard","discard","Adult (2 Dimensions)","High Load","Near","Near","discard","discard","discard","discard","discard","discard","discard","discard","2 Dimensions","discard","discard","discard","discard","discard","discard","Adult (4 item)","discard","discard","discard","discard","Adult (4 item)","Adult (4 item)","keep"
208,"2769","dedhe",4,"Adult",NA,NA,NA,"animal","near","same","yes","yes",1,0,0,0,"high",1,0.96,0.97,"2D","2D","stack","iterate","iterate","stack","Stack",0.99,0.01,NA,0.01,0.97,0.02,0.02,0.02,0.02,0.97,NA,NA,NA,NA,NA,0.97,0.03,1,0.97,0.97,1.94,0.02,0.03,0.99,"animal_picture","near","mix","pure","learn_gen","animalpic_animalpic",16,3,19,9.5,0.97,0,"Serial-crossed",1,0.97,0.02,0.97,NA,NA,NA,NA,0.97,0.02,0.97,NA,0.97,0.97,"Center-embedded",0.972,0.014,NA,0.01,0.97,0.02,0,0.02,0.96,0.96,1,NA,"2D",NA,5.3,13,0.7,"yes","near",NA,NA,NA,NA,NA,NA,NA,"discard","Near","discard","discard","discard","discard","discard","discard","discard","Adult (Animal)","discard","discard","discard","discard","discard","discard","discard","discard","discard","discard","discard","discard","discard","discard","discard","discard","discard","discard","discard","discard","discard","discard","Adult (2 Dimensions)","High Load","Near","Near","discard","discard","discard","discard","discard","discard","discard","discard","2 Dimensions","discard","discard","discard","discard","discard","discard","Adult (4 item)","discard","discard","discard","discard","Adult (4 item)","Adult (4 item)","keep"
209,"2770","dedhe",4,"Adult",NA,NA,NA,"animal","near","same","yes","yes",0.88,0.13,0,0,"high",0.75,0.89,0.92,"2D","2D","stack","iterate","iterate","stack","Stack",0.96,0.04,NA,0.02,0.97,0.02,0.02,0.03,0.04,0.93,NA,NA,NA,NA,NA,0.97,0.05,1,0.97,0.93,1.89,0.05,0.08,0.97,"animal_picture","near","mix","pure","learn_gen","animalpic_animalpic",12,6,18,9,0.95,0.13,"Serial-crossed",0.88,0.97,0.04,0.93,NA,NA,NA,NA,0.97,0.04,0.93,NA,0.97,0.92,"Center-embedded",0.935,0.043,NA,0.02,0.97,0.02,0,0.02,0.89,0.89,1,NA,"2D",NA,2,6,0.3,"yes","near",NA,NA,NA,NA,NA,NA,NA,"discard","Near","discard","discard","discard","discard","discard","discard","discard","Adult (Animal)","discard","discard","discard","discard","discard","discard","discard","discard","discard","discard","discard","discard","discard","discard","discard","discard","discard","discard","discard","discard","discard","discard","Adult (2 Dimensions)","High Load","Near","Near","discard","discard","discard","discard","discard","discard","discard","discard","2 Dimensions","discard","discard","discard","discard","discard","discard","Adult (4 item)","discard","discard","discard","discard","Adult (4 item)","Adult (4 item)","keep"
210,"2771","dedhe",4,"Adult",NA,NA,NA,"animal","near","same","yes","yes",1,0,0,0,"high",1,0.96,0.97,"2D","2D","stack","iterate","iterate","stack","Stack",0.99,0.01,NA,0.01,0.97,0.02,0.02,0.02,0.02,0.97,NA,NA,NA,NA,NA,0.97,0.02,1,0.97,0.97,1.94,0.02,0.03,0.99,"animal_picture","near","mix","pure","learn_gen","animalpic_animalpic",35,3,38,19,0.98,0,"Serial-crossed",1,0.97,0.02,0.97,NA,NA,NA,NA,0.97,0.02,0.97,NA,0.97,0.97,"Center-embedded",0.972,0.014,NA,0.01,0.97,0.02,0,0.02,0.96,0.96,1,NA,"2D",NA,11.7,32,0.8,"yes","near",NA,NA,NA,NA,NA,NA,NA,"discard","Near","discard","discard","discard","discard","discard","discard","discard","Adult (Animal)","discard","discard","discard","discard","discard","discard","discard","discard","discard","discard","discard","discard","discard","discard","discard","discard","discard","discard","discard","discard","discard","discard","Adult (2 Dimensions)","High Load","Near","Near","discard","discard","discard","discard","discard","discard","discard","discard","2 Dimensions","discard","discard","discard","discard","discard","discard","Adult (4 item)","discard","discard","discard","discard","Adult (4 item)","Adult (4 item)","keep"
211,"2772","dedhe",4,"Adult",NA,NA,NA,"animal","near","same","yes","yes",0.88,0.13,0,0,"high",1,0.89,0.92,"2D","2D","stack","iterate","iterate","stack","Stack",0.96,0.04,NA,0.02,0.97,0.02,0.02,0.03,0.04,0.93,NA,NA,NA,NA,NA,0.97,0.23,1,0.97,0.93,1.9,0.05,0.08,0.97,"animal_picture","near","mix","pure","learn_gen","animalpic_animalpic",3,3,6,3,0.77,0.13,"Serial-crossed",0.88,0.97,0.04,0.93,NA,NA,NA,NA,0.97,0.04,0.93,NA,0.97,0.83,"Center-embedded",0.936,0.043,NA,0.02,0.97,0.02,0,0.02,0.89,0.89,1,NA,"2D",NA,1,0,0,"yes","near",NA,NA,NA,NA,NA,NA,NA,"discard","Near","discard","discard","discard","discard","discard","discard","discard","Adult (Animal)","discard","discard","discard","discard","discard","discard","discard","discard","discard","discard","discard","discard","discard","discard","discard","discard","discard","discard","discard","discard","discard","discard","Adult (2 Dimensions)","High Load","Near","Near","discard","discard","discard","discard","discard","discard","discard","discard","2 Dimensions","discard","discard","discard","discard","discard","discard","Adult (4 item)","discard","discard","discard","discard","Adult (4 item)","Adult (4 item)","keep"
212,"2773","dedhe",4,"Adult",NA,NA,NA,"animal","near","same","yes","yes",0,0,1,0,"high",1,0,0.25,"not 2D","associative","stack","iterate","iterate","associative","Associative",0.51,0.49,NA,0.97,0.02,0.97,0.02,0.97,0.02,0.02,NA,NA,NA,NA,NA,0.97,0.22,2,0.97,0.97,1.93,0.5,0.75,0.75,"animal_picture","near","mix","pure","learn_gen","animalpic_animalpic",6,3,9,4.5,0.78,1,"Tail-recursive",1,0.97,0.97,0.02,NA,NA,NA,NA,0.97,0.97,0.02,NA,0.97,0.39,"Tail-recursive",0.014,0.014,NA,0.97,0.97,0.02,0,0.02,0.01,0.97,0,NA,"associative",NA,2,3,0.3,"no","near",NA,NA,NA,NA,NA,NA,NA,"discard","Near","discard","discard","discard","discard","discard","discard","discard","Adult (Animal)","discard","discard","discard","discard","discard","discard","discard","discard","discard","discard","discard","discard","discard","discard","discard","discard","discard","discard","discard","discard","discard","discard","Adult (2 Dimensions)","High Load","Near","Near","discard","discard","discard","discard","discard","discard","discard","discard","2 Dimensions","discard","discard","discard","discard","discard","discard","Adult (4 item)","discard","discard","discard","discard","Adult (4 item)","Adult (4 item)","keep"
213,"2774","dedhe",4,"Adult",NA,NA,NA,"animal","near","same","yes","yes",0,0,1,0,"low",0.375,0,0.25,"not 2D","associative","stack","iterate","iterate","associative","Associative",0.5,0.5,NA,0.97,0.02,0.97,0.02,0.97,0.02,0.02,NA,NA,NA,NA,NA,0.97,0.24,2,0.97,0.97,1.94,0.5,0.75,0.75,"animal_picture","near","mix","pure","learn_gen","animalpic_animalpic",7,4,11,5.5,0.76,1,"Tail-recursive",1,0.97,0.97,0.02,NA,NA,NA,NA,0.97,0.97,0.02,NA,0.97,0.38,"Tail-recursive",0.014,0.014,NA,0.97,0.97,0.02,0,0.02,0.01,0.97,0,NA,"associative",NA,1.8,3,0.3,"no","near",NA,NA,NA,NA,NA,NA,NA,"discard","Near","discard","discard","discard","discard","discard","discard","discard","Adult (Animal)","discard","discard","discard","discard","discard","discard","discard","discard","discard","discard","discard","discard","discard","discard","discard","discard","discard","discard","discard","discard","discard","discard","Adult (2 Dimensions)","High Load","Near","Near","discard","discard","discard","discard","discard","discard","discard","discard","2 Dimensions","discard","discard","discard","discard","discard","discard","Adult (4 item)","discard","discard","discard","discard","Adult (4 item)","Adult (4 item)","keep"
214,"2776","dedhe",4,"Adult",NA,NA,NA,"animal","near","same","yes","yes",0.88,0.13,0,0,"high",0.875,0.89,0.92,"2D","2D","stack","iterate","iterate","stack","Stack",0.96,0.04,NA,0.02,0.97,0.02,0.02,0.03,0.04,0.93,NA,NA,NA,NA,NA,0.97,0.17,1,0.97,0.93,1.9,0.05,0.08,0.97,"animal_picture","near","mix","pure","learn_gen","animalpic_animalpic",3,6,9,4.5,0.83,0.13,"Serial-crossed",0.88,0.97,0.04,0.93,NA,NA,NA,NA,0.97,0.04,0.93,NA,0.97,0.86,"Center-embedded",0.935,0.044,NA,0.02,0.97,0.02,0,0.02,0.89,0.89,1,NA,"2D",NA,0.5,-3,-0.3,"yes","near",NA,NA,NA,NA,NA,NA,NA,"discard","Near","discard","discard","discard","discard","discard","discard","discard","Adult (Animal)","discard","discard","discard","discard","discard","discard","discard","discard","discard","discard","discard","discard","discard","discard","discard","discard","discard","discard","discard","discard","discard","discard","Adult (2 Dimensions)","High Load","Near","Near","discard","discard","discard","discard","discard","discard","discard","discard","2 Dimensions","discard","discard","discard","discard","discard","discard","Adult (4 item)","discard","discard","discard","discard","Adult (4 item)","Adult (4 item)","keep"
215,"2777","dedhe",4,"Adult",NA,NA,NA,"animal","near","same","yes","yes",1,0,0,0,"high",0.75,0.96,0.97,"2D","2D","stack","palindrome","palindrome","stack","Stack",0.99,0.01,NA,0.01,0.97,0.02,0.02,0.02,0.02,0.97,NA,NA,NA,NA,NA,0.97,0.23,2,0.97,0.97,1.94,0.02,0.03,0.99,"animal_picture","near","mix","pure","learn_gen","animalpic_animalpic",12,5,17,8.5,0.77,0,"Serial-crossed",1,0.97,0.02,0.97,NA,NA,NA,NA,0.97,0.02,0.97,NA,0.97,0.86,"Center-embedded",0.972,0.014,NA,0.01,0.02,0.02,0,0.97,0.96,0.96,1,NA,"2D",NA,2.4,7,0.4,"yes","near",NA,NA,NA,NA,NA,NA,NA,"discard","Near","discard","discard","discard","discard","discard","discard","discard","Adult (Animal)","discard","discard","discard","discard","discard","discard","discard","discard","discard","discard","discard","discard","discard","discard","discard","discard","discard","discard","discard","discard","discard","discard","Adult (2 Dimensions)","High Load","Near","Near","discard","discard","discard","discard","discard","discard","discard","discard","2 Dimensions","discard","discard","discard","discard","discard","discard","Adult (4 item)","discard","discard","discard","discard","Adult (4 item)","Adult (4 item)","keep"
216,"2778","dedhe",4,"Adult",NA,NA,NA,"animal","near","same","yes","yes",0.88,0.13,0,0,"high",1,0.89,0.92,"2D","2D","stack","iterate","iterate","stack","Stack",0.96,0.04,NA,0.02,0.97,0.02,0.02,0.03,0.04,0.93,NA,NA,NA,NA,NA,0.97,0.03,1,0.97,0.93,1.89,0.05,0.08,0.97,"animal_picture","near","mix","pure","learn_gen","animalpic_animalpic",8,11,19,9.5,0.97,0.13,"Serial-crossed",0.88,0.97,0.04,0.93,NA,NA,NA,NA,0.97,0.04,0.93,NA,0.97,0.93,"Center-embedded",0.935,0.043,NA,0.02,0.97,0.02,0,0.02,0.89,0.89,1,NA,"2D",NA,0.7,-3,-0.2,"yes","near",NA,NA,NA,NA,NA,NA,NA,"discard","Near","discard","discard","discard","discard","discard","discard","discard","Adult (Animal)","discard","discard","discard","discard","discard","discard","discard","discard","discard","discard","discard","discard","discard","discard","discard","discard","discard","discard","discard","discard","discard","discard","Adult (2 Dimensions)","High Load","Near","Near","discard","discard","discard","discard","discard","discard","discard","discard","2 Dimensions","discard","discard","discard","discard","discard","discard","Adult (4 item)","discard","discard","discard","discard","Adult (4 item)","Adult (4 item)","keep"
217,"2780","dedhe",4,"Adult",NA,NA,NA,"animal","near","same","yes","yes",0.25,0.75,0,0,"high",0.75,0.73,0.8,"2D","2D","queue","iterate","iterate","queue","Queue",0.13,0.87,NA,0.03,0.97,0.02,0.02,0.07,0.83,0.1,NA,NA,NA,NA,NA,0.97,0.24,1,0.97,0.83,1.8,0.14,0.2,0.93,"animal_picture","near","mix","pure","learn_gen","animalpic_animalpic",8,10,18,9,0.76,0.75,"Serial-crossed",0.75,0.97,0.83,0.1,NA,NA,NA,NA,0.97,0.83,0.1,NA,0.97,0.74,"Serial-crossed",0.122,0.851,NA,0.03,0.97,0.02,0,0.02,0.12,0.73,0,NA,"2D",NA,0.8,-2,-0.1,"no","near",NA,NA,NA,NA,NA,NA,NA,"discard","Near","discard","discard","discard","discard","discard","discard","discard","Adult (Animal)","discard","discard","discard","discard","discard","discard","discard","discard","discard","discard","discard","discard","discard","discard","discard","discard","discard","discard","discard","discard","discard","discard","Adult (2 Dimensions)","High Load","Near","Near","discard","discard","discard","discard","discard","discard","discard","discard","2 Dimensions","discard","discard","discard","discard","discard","discard","Adult (4 item)","discard","discard","discard","discard","Adult (4 item)","Adult (4 item)","keep"
218,"2781","dedhe",4,"Adult",NA,NA,NA,"animal","near","same","yes","yes",1,0,0,0,"high",0.5,0.96,0.97,"2D","2D","stack","iterate","iterate","stack","Stack",0.99,0.01,NA,0.01,0.97,0.02,0.02,0.02,0.02,0.97,NA,NA,NA,NA,NA,0.97,0.23,1,0.97,0.97,1.94,0.02,0.03,0.99,"animal_picture","near","mix","pure","learn_gen","animalpic_animalpic",4,5,9,4.5,0.77,0,"Serial-crossed",1,0.97,0.02,0.97,NA,NA,NA,NA,0.97,0.02,0.97,NA,0.97,0.87,"Center-embedded",0.972,0.014,NA,0.01,0.97,0.02,0,0.02,0.96,0.96,1,NA,"2D",NA,0.8,-1,-0.1,"yes","near",NA,NA,NA,NA,NA,NA,NA,"discard","Near","discard","discard","discard","discard","discard","discard","discard","Adult (Animal)","discard","discard","discard","discard","discard","discard","discard","discard","discard","discard","discard","discard","discard","discard","discard","discard","discard","discard","discard","discard","discard","discard","Adult (2 Dimensions)","High Load","Near","Near","discard","discard","discard","discard","discard","discard","discard","discard","2 Dimensions","discard","discard","discard","discard","discard","discard","Adult (4 item)","discard","discard","discard","discard","Adult (4 item)","Adult (4 item)","keep"
219,"2782","dedhe",4,"Adult",NA,NA,NA,"animal","near","same","yes","yes",1,0,0,0,"high",1,0.96,0.97,"2D","2D","stack","iterate","iterate","stack","Stack",0.99,0.01,NA,0.01,0.97,0.02,0.02,0.02,0.02,0.97,NA,NA,NA,NA,NA,0.97,0.02,1,0.97,0.97,1.93,0.02,0.03,0.99,"animal_picture","near","mix","pure","learn_gen","animalpic_animalpic",4,3,7,3.5,0.98,0,"Serial-crossed",1,0.97,0.02,0.97,NA,NA,NA,NA,0.97,0.02,0.97,NA,0.97,0.97,"Center-embedded",0.972,0.014,NA,0.01,0.97,0.02,0,0.02,0.96,0.96,1,NA,"2D",NA,1.3,1,0.1,"yes","near",NA,NA,NA,NA,NA,NA,NA,"discard","Near","discard","discard","discard","discard","discard","discard","discard","Adult (Animal)","discard","discard","discard","discard","discard","discard","discard","discard","discard","discard","discard","discard","discard","discard","discard","discard","discard","discard","discard","discard","discard","discard","Adult (2 Dimensions)","High Load","Near","Near","discard","discard","discard","discard","discard","discard","discard","discard","2 Dimensions","discard","discard","discard","discard","discard","discard","Adult (4 item)","discard","discard","discard","discard","Adult (4 item)","Adult (4 item)","keep"
220,"2783","dedhe",4,"Adult",NA,NA,NA,"animal","near","same","yes","yes",0.5,0.5,0,0,"high",0.5,0,0.25,"not 2D","1D","stack","iterate","iterate","iterate","Iterate",0.5,0.5,NA,0.04,0.97,0.02,0.02,0.18,0.4,0.41,NA,NA,NA,NA,NA,0.97,0.35,1,0.97,0.41,1.38,0.97,0.75,0.75,"animal_picture","near","mix","pure","learn_gen","animalpic_animalpic",5,4,9,4.5,0.65,0.5,"Serial-crossed",0.5,0.97,0.4,0.41,NA,NA,NA,NA,0.97,0.4,0.41,NA,0.97,0.33,"Center-embedded",0.483,0.479,NA,0.04,0.97,0.02,0,0.02,0,0.97,0,NA,"iterate",NA,1.3,1,0.1,"no","near",NA,NA,NA,NA,NA,NA,NA,"discard","Near","discard","discard","discard","discard","discard","discard","discard","Adult (Animal)","discard","discard","discard","discard","discard","discard","discard","discard","discard","discard","discard","discard","discard","discard","discard","discard","discard","discard","discard","discard","discard","discard","Adult (2 Dimensions)","High Load","Near","Near","discard","discard","discard","discard","discard","discard","discard","discard","2 Dimensions","discard","discard","discard","discard","discard","discard","Adult (4 item)","discard","discard","discard","discard","Adult (4 item)","Adult (4 item)","keep"
221,"2784","dedhe",4,"Adult",NA,NA,NA,"animal","near","same","yes","yes",1,0,0,0,"high",1,0.96,0.97,"2D","2D","stack","iterate","iterate","stack","Stack",0.99,0.01,NA,0.01,0.97,0.02,0.02,0.02,0.02,0.97,NA,NA,NA,NA,NA,0.97,0.02,1,0.97,0.97,1.94,0.02,0.03,0.99,"animal_picture","near","mix","pure","learn_gen","animalpic_animalpic",44,3,47,23.5,0.98,0,"Serial-crossed",1,0.97,0.02,0.97,NA,NA,NA,NA,0.97,0.02,0.97,NA,0.97,0.97,"Center-embedded",0.973,0.014,NA,0.01,0.97,0.02,0,0.02,0.96,0.96,1,NA,"2D",NA,14.7,41,0.9,"yes","near",NA,NA,NA,NA,NA,NA,NA,"discard","Near","discard","discard","discard","discard","discard","discard","discard","Adult (Animal)","discard","discard","discard","discard","discard","discard","discard","discard","discard","discard","discard","discard","discard","discard","discard","discard","discard","discard","discard","discard","discard","discard","Adult (2 Dimensions)","High Load","Near","Near","discard","discard","discard","discard","discard","discard","discard","discard","2 Dimensions","discard","discard","discard","discard","discard","discard","Adult (4 item)","discard","discard","discard","discard","Adult (4 item)","Adult (4 item)","keep"
222,"2785","dedhe",4,"Adult",NA,NA,NA,"animal","near","same","yes","yes",1,0,0,0,"low",0,0.96,0.97,"2D","2D","stack","palindrome","palindrome","stack","Stack",0.99,0.01,NA,0.01,0.97,0.02,0.02,0.02,0.02,0.97,NA,NA,NA,NA,NA,0.97,0.2,2,0.97,0.97,1.93,0.02,0.03,0.99,"animal_picture","near","mix","pure","learn_gen","animalpic_animalpic",17,3,20,10,0.8,0,"Serial-crossed",1,0.97,0.02,0.97,NA,NA,NA,NA,0.97,0.02,0.97,NA,0.97,0.88,"Center-embedded",0.971,0.014,NA,0.01,0.02,0.02,0,0.97,0.96,0.96,1,NA,"2D",NA,5.7,14,0.7,"yes","near",NA,NA,NA,NA,NA,NA,NA,"discard","Near","discard","discard","discard","discard","discard","discard","discard","Adult (Animal)","discard","discard","discard","discard","discard","discard","discard","discard","discard","discard","discard","discard","discard","discard","discard","discard","discard","discard","discard","discard","discard","discard","Adult (2 Dimensions)","High Load","Near","Near","discard","discard","discard","discard","discard","discard","discard","discard","2 Dimensions","discard","discard","discard","discard","discard","discard","Adult (4 item)","discard","discard","discard","discard","Adult (4 item)","Adult (4 item)","keep"
223,"2786","dedhe",4,"Adult",NA,NA,NA,"animal","near","same","yes","yes",0.5,0.5,0,0,"high",1,0.01,0.25,"not 2D","1D","queue","iterate","iterate","iterate","Iterate",0.5,0.5,NA,0.04,0.97,0.02,0.02,0.18,0.41,0.41,NA,NA,NA,NA,NA,0.97,0.22,1,0.97,0.41,1.38,0.97,0.75,0.75,"animal_picture","near","mix","pure","learn_gen","animalpic_animalpic",20,7,27,13.5,0.78,0.5,"Serial-crossed",0.5,0.97,0.41,0.41,NA,NA,NA,NA,0.97,0.41,0.41,NA,0.97,0.39,"Center-embedded",0.479,0.484,NA,0.04,0.97,0.02,0,0.02,0.01,0.97,0,NA,"iterate",NA,2.9,13,0.5,"no","near",NA,NA,NA,NA,NA,NA,NA,"discard","Near","discard","discard","discard","discard","discard","discard","discard","Adult (Animal)","discard","discard","discard","discard","discard","discard","discard","discard","discard","discard","discard","discard","discard","discard","discard","discard","discard","discard","discard","discard","discard","discard","Adult (2 Dimensions)","High Load","Near","Near","discard","discard","discard","discard","discard","discard","discard","discard","2 Dimensions","discard","discard","discard","discard","discard","discard","Adult (4 item)","discard","discard","discard","discard","Adult (4 item)","Adult (4 item)","keep"
224,"2788","dedhe",4,"Adult",NA,NA,NA,"animal","near","same","yes","yes",1,0,0,0,"high",0.875,0.96,0.97,"2D","2D","stack","iterate","iterate","stack","Stack",0.99,0.01,NA,0.01,0.97,0.02,0.02,0.02,0.02,0.97,NA,NA,NA,NA,NA,0.97,0.02,1,0.97,0.97,1.94,0.02,0.03,0.99,"animal_picture","near","mix","pure","learn_gen","animalpic_animalpic",12,5,17,8.5,0.98,0,"Serial-crossed",1,0.97,0.02,0.97,NA,NA,NA,NA,0.97,0.02,0.97,NA,0.97,0.97,"Center-embedded",0.972,0.014,NA,0.01,0.97,0.02,0,0.02,0.96,0.96,1,NA,"2D",NA,2.4,7,0.4,"yes","near",NA,NA,NA,NA,NA,NA,NA,"discard","Near","discard","discard","discard","discard","discard","discard","discard","Adult (Animal)","discard","discard","discard","discard","discard","discard","discard","discard","discard","discard","discard","discard","discard","discard","discard","discard","discard","discard","discard","discard","discard","discard","Adult (2 Dimensions)","High Load","Near","Near","discard","discard","discard","discard","discard","discard","discard","discard","2 Dimensions","discard","discard","discard","discard","discard","discard","Adult (4 item)","discard","discard","discard","discard","Adult (4 item)","Adult (4 item)","keep"
225,"2789","dedhe",4,"Adult",NA,NA,NA,"animal","near","same","yes","yes",0.88,0.13,0,0,"high",1,0.89,0.92,"2D","2D","stack","iterate","iterate","stack","Stack",0.96,0.04,NA,0.02,0.97,0.02,0.02,0.03,0.04,0.93,NA,NA,NA,NA,NA,0.97,0.03,1,0.97,0.93,1.89,0.05,0.08,0.97,"animal_picture","near","mix","pure","learn_gen","animalpic_animalpic",4,3,7,3.5,0.97,0.13,"Serial-crossed",0.88,0.97,0.04,0.93,NA,NA,NA,NA,0.97,0.04,0.93,NA,0.97,0.93,"Center-embedded",0.935,0.043,NA,0.02,0.97,0.02,0,0.02,0.89,0.89,1,NA,"2D",NA,1.3,1,0.1,"yes","near",NA,NA,NA,NA,NA,NA,NA,"discard","Near","discard","discard","discard","discard","discard","discard","discard","Adult (Animal)","discard","discard","discard","discard","discard","discard","discard","discard","discard","discard","discard","discard","discard","discard","discard","discard","discard","discard","discard","discard","discard","discard","Adult (2 Dimensions)","High Load","Near","Near","discard","discard","discard","discard","discard","discard","discard","discard","2 Dimensions","discard","discard","discard","discard","discard","discard","Adult (4 item)","discard","discard","discard","discard","Adult (4 item)","Adult (4 item)","keep"
226,"2790","dedhe",4,"Adult",NA,NA,NA,"animal","near","same","yes","yes",0.88,0.13,0,0,"high",0.625,0.89,0.92,"2D","2D","stack","iterate","iterate","stack","Stack",0.96,0.04,NA,0.02,0.97,0.02,0.02,0.03,0.04,0.93,NA,NA,NA,NA,NA,0.97,0.02,1,0.97,0.93,1.89,0.05,0.08,0.97,"animal_picture","near","mix","pure","learn_gen","animalpic_animalpic",4,4,8,4,0.98,0.13,"Serial-crossed",0.88,0.97,0.04,0.93,NA,NA,NA,NA,0.97,0.04,0.93,NA,0.97,0.94,"Center-embedded",0.935,0.044,NA,0.02,0.97,0.02,0,0.02,0.89,0.89,1,NA,"2D",NA,1,0,0,"yes","near",NA,NA,NA,NA,NA,NA,NA,"discard","Near","discard","discard","discard","discard","discard","discard","discard","Adult (Animal)","discard","discard","discard","discard","discard","discard","discard","discard","discard","discard","discard","discard","discard","discard","discard","discard","discard","discard","discard","discard","discard","discard","Adult (2 Dimensions)","High Load","Near","Near","discard","discard","discard","discard","discard","discard","discard","discard","2 Dimensions","discard","discard","discard","discard","discard","discard","Adult (4 item)","discard","discard","discard","discard","Adult (4 item)","Adult (4 item)","keep"
227,"2793","dedhe",4,"Adult",NA,NA,NA,"animal","near","same","yes","yes",0.5,0.5,0,0,"high",1,0,0.25,"not 2D","1D","queue","iterate","iterate","iterate","Iterate",0.5,0.5,NA,0.04,0.97,0.02,0.02,0.18,0.41,0.41,NA,NA,NA,NA,NA,0.97,0.17,1,0.97,0.41,1.38,0.97,0.75,0.75,"animal_picture","near","mix","pure","learn_gen","animalpic_animalpic",5,7,12,6,0.83,0.5,"Serial-crossed",0.5,0.97,0.41,0.41,NA,NA,NA,NA,0.97,0.41,0.41,NA,0.97,0.42,"Center-embedded",0.479,0.483,NA,0.04,0.97,0.02,0,0.02,0,0.97,0,NA,"iterate",NA,0.7,-2,-0.2,"no","near",NA,NA,NA,NA,NA,NA,NA,"discard","Near","discard","discard","discard","discard","discard","discard","discard","Adult (Animal)","discard","discard","discard","discard","discard","discard","discard","discard","discard","discard","discard","discard","discard","discard","discard","discard","discard","discard","discard","discard","discard","discard","Adult (2 Dimensions)","High Load","Near","Near","discard","discard","discard","discard","discard","discard","discard","discard","2 Dimensions","discard","discard","discard","discard","discard","discard","Adult (4 item)","discard","discard","discard","discard","Adult (4 item)","Adult (4 item)","keep"
228,"2794","dedhe",4,"Adult",NA,NA,NA,"animal","near","same","yes","yes",0.25,0.75,0,0,"high",0.625,0.73,0.8,"2D","2D","queue","iterate","iterate","queue","Queue",0.13,0.87,NA,0.03,0.97,0.02,0.02,0.07,0.83,0.1,NA,NA,NA,NA,NA,0.97,0.11,1,0.97,0.83,1.8,0.14,0.2,0.93,"animal_picture","near","mix","pure","learn_gen","animalpic_animalpic",6,4,10,5,0.89,0.75,"Serial-crossed",0.75,0.97,0.83,0.1,NA,NA,NA,NA,0.97,0.83,0.1,NA,0.97,0.81,"Serial-crossed",0.122,0.85,NA,0.03,0.97,0.02,0,0.02,0.12,0.73,0,NA,"2D",NA,1.5,2,0.2,"no","near",NA,NA,NA,NA,NA,NA,NA,"discard","Near","discard","discard","discard","discard","discard","discard","discard","Adult (Animal)","discard","discard","discard","discard","discard","discard","discard","discard","discard","discard","discard","discard","discard","discard","discard","discard","discard","discard","discard","discard","discard","discard","Adult (2 Dimensions)","High Load","Near","Near","discard","discard","discard","discard","discard","discard","discard","discard","2 Dimensions","discard","discard","discard","discard","discard","discard","Adult (4 item)","discard","discard","discard","discard","Adult (4 item)","Adult (4 item)","keep"
229,"2795","dedhe",4,"Adult",NA,NA,NA,"animal","near","same","yes","yes",0.88,0.13,0,0,"high",1,0.89,0.92,"2D","2D","stack","iterate","iterate","stack","Stack",0.96,0.04,NA,0.02,0.97,0.02,0.02,0.03,0.04,0.93,NA,NA,NA,NA,NA,0.97,0.02,1,0.97,0.93,1.9,0.05,0.08,0.97,"animal_picture","near","mix","pure","learn_gen","animalpic_animalpic",12,5,17,8.5,0.98,0.13,"Serial-crossed",0.88,0.97,0.04,0.93,NA,NA,NA,NA,0.97,0.04,0.93,NA,0.97,0.94,"Center-embedded",0.935,0.043,NA,0.02,0.97,0.02,0,0.02,0.89,0.89,1,NA,"2D",NA,2.4,7,0.4,"yes","near",NA,NA,NA,NA,NA,NA,NA,"discard","Near","discard","discard","discard","discard","discard","discard","discard","Adult (Animal)","discard","discard","discard","discard","discard","discard","discard","discard","discard","discard","discard","discard","discard","discard","discard","discard","discard","discard","discard","discard","discard","discard","Adult (2 Dimensions)","High Load","Near","Near","discard","discard","discard","discard","discard","discard","discard","discard","2 Dimensions","discard","discard","discard","discard","discard","discard","Adult (4 item)","discard","discard","discard","discard","Adult (4 item)","Adult (4 item)","keep"
230,"2796","dedhe",4,"Adult",NA,NA,NA,"animal","near","same","yes","yes",0.13,0.13,0.75,0,"high",0.5,0,0.25,"not 2D","associative","queue","iterate","iterate","associative","Associative",0.5,0.5,NA,0.9,0.1,0.83,0.07,0.87,0.06,0.06,NA,NA,NA,NA,NA,0.87,0.23,2,0.83,0.87,1.7,0.5,0.75,0.75,"animal_picture","near","mix","pure","learn_gen","animalpic_animalpic",97,11,108,54,0.77,0.75,"Tail-recursive",0.75,0.87,0.83,0.07,NA,NA,NA,NA,0.87,0.83,0.07,NA,0.9,0.39,"Tail-recursive",0.052,0.052,NA,0.9,0.87,0.06,0,0.06,0.05,0.9,0,NA,"associative",NA,8.8,86,0.8,"no","near",NA,NA,NA,NA,NA,NA,NA,"discard","Near","discard","discard","discard","discard","discard","discard","discard","Adult (Animal)","discard","discard","discard","discard","discard","discard","discard","discard","discard","discard","discard","discard","discard","discard","discard","discard","discard","discard","discard","discard","discard","discard","Adult (2 Dimensions)","High Load","Near","Near","discard","discard","discard","discard","discard","discard","discard","discard","2 Dimensions","discard","discard","discard","discard","discard","discard","Adult (4 item)","discard","discard","discard","discard","Adult (4 item)","Adult (4 item)","keep"
231,"2798","dedhe",4,"Adult",NA,NA,NA,"animal","near","same","yes","yes",0.75,0,0.25,0,"high",0.625,0.82,0.87,"2D","2D","stack","palindrome","palindrome","stack","Stack",0.97,0.03,NA,0.12,0.84,0.1,0.07,0.1,0.07,0.84,NA,NA,NA,NA,NA,0.84,0.23,2,0.84,0.84,1.67,0.09,0.13,0.96,"animal_picture","near","mix","pure","learn_gen","animalpic_animalpic",14,3,17,8.5,0.77,0.25,"Tail-recursive",0.75,0.84,0.1,0.84,NA,NA,NA,NA,0.84,0.1,0.84,NA,0.84,0.8,"Center-embedded",0.852,0.029,NA,0.12,0.1,0.07,0,0.84,0.73,0.82,1,NA,"2D",NA,4.7,11,0.6,"yes","near",NA,NA,NA,NA,NA,NA,NA,"discard","Near","discard","discard","discard","discard","discard","discard","discard","Adult (Animal)","discard","discard","discard","discard","discard","discard","discard","discard","discard","discard","discard","discard","discard","discard","discard","discard","discard","discard","discard","discard","discard","discard","Adult (2 Dimensions)","High Load","Near","Near","discard","discard","discard","discard","discard","discard","discard","discard","2 Dimensions","discard","discard","discard","discard","discard","discard","Adult (4 item)","discard","discard","discard","discard","Adult (4 item)","Adult (4 item)","keep"
232,"2800","dedhe",4,"Adult",NA,NA,NA,"animal","near","same","yes","yes",0.88,0.13,0,0,"high",0.625,0.89,0.92,"2D","2D","stack","iterate","iterate","stack","Stack",0.96,0.04,NA,0.02,0.97,0.02,0.02,0.03,0.04,0.93,NA,NA,NA,NA,NA,0.97,0.1,1,0.97,0.93,1.89,0.05,0.08,0.97,"animal_picture","near","mix","pure","learn_gen","animalpic_animalpic",6,3,9,4.5,0.9,0.13,"Serial-crossed",0.88,0.97,0.04,0.93,NA,NA,NA,NA,0.97,0.04,0.93,NA,0.97,0.89,"Center-embedded",0.936,0.043,NA,0.02,0.97,0.02,0,0.02,0.89,0.89,1,NA,"2D",NA,2,3,0.3,"yes","near",NA,NA,NA,NA,NA,NA,NA,"discard","Near","discard","discard","discard","discard","discard","discard","discard","Adult (Animal)","discard","discard","discard","discard","discard","discard","discard","discard","discard","discard","discard","discard","discard","discard","discard","discard","discard","discard","discard","discard","discard","discard","Adult (2 Dimensions)","High Load","Near","Near","discard","discard","discard","discard","discard","discard","discard","discard","2 Dimensions","discard","discard","discard","discard","discard","discard","Adult (4 item)","discard","discard","discard","discard","Adult (4 item)","Adult (4 item)","keep"
233,"2802","dedhe",4,"Adult",NA,NA,NA,"animal","near","same","yes","yes",0.5,0.5,0,0,"high",0.5,0,0.25,"not 2D","1D","queue","iterate","iterate","iterate","Iterate",0.5,0.5,NA,0.04,0.97,0.02,0.02,0.18,0.41,0.41,NA,NA,NA,NA,NA,0.97,0.73,1,0.97,0.41,1.38,0.97,0.75,0.75,"animal_picture","near","mix","pure","learn_gen","animalpic_animalpic",3,3,6,3,0.27,0.5,"Serial-crossed",0.5,0.97,0.41,0.41,NA,NA,NA,NA,0.97,0.41,0.41,NA,0.97,0.14,"Center-embedded",0.482,0.482,NA,0.04,0.97,0.02,0,0.02,0,0.97,0,NA,"iterate",NA,1,0,0,"no","near",NA,NA,NA,NA,NA,NA,NA,"discard","Near","discard","discard","discard","discard","discard","discard","discard","Adult (Animal)","discard","discard","discard","discard","discard","discard","discard","discard","discard","discard","discard","discard","discard","discard","discard","discard","discard","discard","discard","discard","discard","discard","Adult (2 Dimensions)","High Load","Near","Near","discard","discard","discard","discard","discard","discard","discard","discard","2 Dimensions","discard","discard","discard","discard","discard","discard","Adult (4 item)","discard","discard","discard","discard","Adult (4 item)","Adult (4 item)","keep"
234,"2803","dedhe",4,"Adult",NA,NA,NA,"animal","near","same","yes","yes",0.5,0.5,0,0,"high",1,0,0.25,"not 2D","1D","stack","iterate","iterate","iterate","Iterate",0.5,0.5,NA,0.04,0.97,0.02,0.02,0.18,0.41,0.41,NA,NA,NA,NA,NA,0.97,0.23,1,0.97,0.41,1.38,0.97,0.75,0.75,"animal_picture","near","mix","pure","learn_gen","animalpic_animalpic",3,3,6,3,0.77,0.5,"Serial-crossed",0.5,0.97,0.41,0.41,NA,NA,NA,NA,0.97,0.41,0.41,NA,0.97,0.39,"Center-embedded",0.483,0.478,NA,0.04,0.97,0.02,0,0.02,0,0.97,0,NA,"iterate",NA,1,0,0,"no","near",NA,NA,NA,NA,NA,NA,NA,"discard","Near","discard","discard","discard","discard","discard","discard","discard","Adult (Animal)","discard","discard","discard","discard","discard","discard","discard","discard","discard","discard","discard","discard","discard","discard","discard","discard","discard","discard","discard","discard","discard","discard","Adult (2 Dimensions)","High Load","Near","Near","discard","discard","discard","discard","discard","discard","discard","discard","2 Dimensions","discard","discard","discard","discard","discard","discard","Adult (4 item)","discard","discard","discard","discard","Adult (4 item)","Adult (4 item)","keep"
235,"2804","dedhe",4,"Adult",NA,NA,NA,"animal","near","same","yes","yes",0.5,0.13,0.38,0,"high",1,0.51,0.63,"2D","2D","stack","iterate","iterate","stack","Stack",0.87,0.13,NA,0.32,0.64,0.21,0.15,0.29,0.18,0.53,NA,NA,NA,NA,NA,0.64,0.16,1,0.64,0.53,1.17,0.25,0.37,0.88,"animal_picture","near","mix","pure","learn_gen","animalpic_animalpic",20,5,25,12.5,0.84,0.38,"Tail-recursive",0.5,0.64,0.21,0.53,NA,NA,NA,NA,0.64,0.21,0.53,NA,0.64,0.67,"Center-embedded",0.596,0.088,NA,0.32,0.64,0.21,0,0.15,0.28,0.51,1,NA,"2D",NA,4,15,0.6,"yes","near",NA,NA,NA,NA,NA,NA,NA,"discard","Near","discard","discard","discard","discard","discard","discard","discard","Adult (Animal)","discard","discard","discard","discard","discard","discard","discard","discard","discard","discard","discard","discard","discard","discard","discard","discard","discard","discard","discard","discard","discard","discard","Adult (2 Dimensions)","High Load","Near","Near","discard","discard","discard","discard","discard","discard","discard","discard","2 Dimensions","discard","discard","discard","discard","discard","discard","Adult (4 item)","discard","discard","discard","discard","Adult (4 item)","Adult (4 item)","keep"
236,"2805","dedhe",4,"Adult",NA,NA,NA,"animal","near","same","yes","yes",0.63,0.25,0.13,0,"high",0.5,0.67,0.76,"2D","2D","stack","iterate","iterate","stack","Stack",0.86,0.14,NA,0.07,0.93,0.04,0.03,0.12,0.14,0.74,NA,NA,NA,NA,NA,0.93,0.24,1,0.93,0.74,1.66,0.16,0.24,0.92,"animal_picture","near","mix","pure","learn_gen","animalpic_animalpic",19,6,25,12.5,0.76,0.25,"Serial-crossed",0.63,0.93,0.14,0.74,NA,NA,NA,NA,0.93,0.14,0.74,NA,0.93,0.71,"Center-embedded",0.804,0.13,NA,0.07,0.93,0.04,0,0.03,0.67,0.67,1,NA,"2D",NA,3.2,13,0.5,"yes","near",NA,NA,NA,NA,NA,NA,NA,"discard","Near","discard","discard","discard","discard","discard","discard","discard","Adult (Animal)","discard","discard","discard","discard","discard","discard","discard","discard","discard","discard","discard","discard","discard","discard","discard","discard","discard","discard","discard","discard","discard","discard","Adult (2 Dimensions)","High Load","Near","Near","discard","discard","discard","discard","discard","discard","discard","discard","2 Dimensions","discard","discard","discard","discard","discard","discard","Adult (4 item)","discard","discard","discard","discard","Adult (4 item)","Adult (4 item)","keep"
237,"2806","dedhe",4,"Adult",NA,NA,NA,"animal","near","same","yes","yes",0.38,0.5,0.13,0,"high",0.5,0.27,0.45,"not 2D","1D","queue","iterate","iterate","iterate","Iterate",0.35,0.65,NA,0.09,0.93,0.04,0.03,0.19,0.51,0.3,NA,NA,NA,NA,NA,0.93,0.35,1,0.93,0.51,1.44,0.93,0.55,0.82,"animal_picture","near","mix","pure","learn_gen","animalpic_animalpic",32,32,64,32,0.65,0.5,"Serial-crossed",0.5,0.93,0.51,0.3,NA,NA,NA,NA,0.93,0.51,0.3,NA,0.93,0.46,"Serial-crossed",0.322,0.588,NA,0.09,0.93,0.04,0,0.03,0.27,0.93,0,NA,"iterate",NA,1,0,0,"no","near",NA,NA,NA,NA,NA,NA,NA,"discard","Near","discard","discard","discard","discard","discard","discard","discard","Adult (Animal)","discard","discard","discard","discard","discard","discard","discard","discard","discard","discard","discard","discard","discard","discard","discard","discard","discard","discard","discard","discard","discard","discard","Adult (2 Dimensions)","High Load","Near","Near","discard","discard","discard","discard","discard","discard","discard","discard","2 Dimensions","discard","discard","discard","discard","discard","discard","Adult (4 item)","discard","discard","discard","discard","Adult (4 item)","Adult (4 item)","keep"
238,"2807","dedhe",4,"Adult",NA,NA,NA,"animal","near","same","yes","yes",0.75,0.25,0,0,"high",0.875,0.74,0.8,"2D","2D","stack","iterate","iterate","stack","Stack",0.88,0.12,NA,0.03,0.97,0.02,0.02,0.07,0.1,0.83,NA,NA,NA,NA,NA,0.97,0.07,1,0.97,0.83,1.8,0.13,0.2,0.93,"animal_picture","near","mix","pure","learn_gen","animalpic_animalpic",25,6,31,15.5,0.93,0.25,"Serial-crossed",0.75,0.97,0.1,0.83,NA,NA,NA,NA,0.97,0.1,0.83,NA,0.97,0.83,"Center-embedded",0.854,0.117,NA,0.03,0.97,0.02,0,0.02,0.74,0.74,1,NA,"2D",NA,4.2,19,0.6,"yes","near",NA,NA,NA,NA,NA,NA,NA,"discard","Near","discard","discard","discard","discard","discard","discard","discard","Adult (Animal)","discard","discard","discard","discard","discard","discard","discard","discard","discard","discard","discard","discard","discard","discard","discard","discard","discard","discard","discard","discard","discard","discard","Adult (2 Dimensions)","High Load","Near","Near","discard","discard","discard","discard","discard","discard","discard","discard","2 Dimensions","discard","discard","discard","discard","discard","discard","Adult (4 item)","discard","discard","discard","discard","Adult (4 item)","Adult (4 item)","keep"
239,"2809","dedhe",4,"Adult",NA,NA,NA,"animal","near","same","yes","yes",0.5,0.5,0,0,"low",0.375,0,0.25,"not 2D","1D","queue","iterate","iterate","iterate","Iterate",0.5,0.5,NA,0.04,0.97,0.02,0.02,0.19,0.4,0.41,NA,NA,NA,NA,NA,0.97,0.36,1,0.97,0.41,1.38,0.97,0.75,0.75,"animal_picture","near","mix","pure","learn_gen","animalpic_animalpic",12,5,17,8.5,0.64,0.5,"Serial-crossed",0.5,0.97,0.4,0.41,NA,NA,NA,NA,0.97,0.4,0.41,NA,0.97,0.32,"Center-embedded",0.481,0.482,NA,0.04,0.97,0.02,0,0.02,0,0.97,0,NA,"iterate",NA,2.4,7,0.4,"no","near",NA,NA,NA,NA,NA,NA,NA,"discard","Near","discard","discard","discard","discard","discard","discard","discard","Adult (Animal)","discard","discard","discard","discard","discard","discard","discard","discard","discard","discard","discard","discard","discard","discard","discard","discard","discard","discard","discard","discard","discard","discard","Adult (2 Dimensions)","High Load","Near","Near","discard","discard","discard","discard","discard","discard","discard","discard","2 Dimensions","discard","discard","discard","discard","discard","discard","Adult (4 item)","discard","discard","discard","discard","Adult (4 item)","Adult (4 item)","keep"
240,"2810","dedhe",4,"Adult",NA,NA,NA,"animal","near","same","yes","yes",0.75,0.25,0,0,"high",0.5,0.73,0.8,"2D","2D","stack","iterate","iterate","stack","Stack",0.87,0.13,NA,0.03,0.97,0.02,0.02,0.07,0.1,0.83,NA,NA,NA,NA,NA,0.97,0.34,1,0.97,0.83,1.8,0.14,0.2,0.93,"animal_picture","near","mix","pure","learn_gen","animalpic_animalpic",29,3,32,16,0.66,0.25,"Serial-crossed",0.75,0.97,0.1,0.83,NA,NA,NA,NA,0.97,0.1,0.83,NA,0.97,0.7,"Center-embedded",0.849,0.122,NA,0.03,0.97,0.02,0,0.02,0.73,0.73,1,NA,"2D",NA,9.7,26,0.8,"yes","near",NA,NA,NA,NA,NA,NA,NA,"discard","Near","discard","discard","discard","discard","discard","discard","discard","Adult (Animal)","discard","discard","discard","discard","discard","discard","discard","discard","discard","discard","discard","discard","discard","discard","discard","discard","discard","discard","discard","discard","discard","discard","Adult (2 Dimensions)","High Load","Near","Near","discard","discard","discard","discard","discard","discard","discard","discard","2 Dimensions","discard","discard","discard","discard","discard","discard","Adult (4 item)","discard","discard","discard","discard","Adult (4 item)","Adult (4 item)","keep"
241,"2812","dedhe",4,"Adult",NA,NA,NA,"animal","near","same","yes","yes",1,0,0,0,"high",0.875,0.96,0.97,"2D","2D","stack","palindrome","palindrome","stack","Stack",0.99,0.01,NA,0.01,0.97,0.02,0.02,0.02,0.02,0.97,NA,NA,NA,NA,NA,0.97,0.05,2,0.97,0.97,1.94,0.02,0.03,0.99,"animal_picture","near","mix","pure","learn_gen","animalpic_animalpic",27,3,30,15,0.95,0,"Serial-crossed",1,0.97,0.02,0.97,NA,NA,NA,NA,0.97,0.02,0.97,NA,0.97,0.95,"Center-embedded",0.972,0.014,NA,0.01,0.02,0.02,0,0.97,0.96,0.96,1,NA,"2D",NA,9,24,0.8,"yes","near",NA,NA,NA,NA,NA,NA,NA,"discard","Near","discard","discard","discard","discard","discard","discard","discard","Adult (Animal)","discard","discard","discard","discard","discard","discard","discard","discard","discard","discard","discard","discard","discard","discard","discard","discard","discard","discard","discard","discard","discard","discard","Adult (2 Dimensions)","High Load","Near","Near","discard","discard","discard","discard","discard","discard","discard","discard","2 Dimensions","discard","discard","discard","discard","discard","discard","Adult (4 item)","discard","discard","discard","discard","Adult (4 item)","Adult (4 item)","keep"
242,"2815","dedhe",4,"Adult",NA,NA,NA,"animal","near","same","yes","yes",0.5,0.5,0,0,"high",0.75,0.01,0.26,"not 2D","1D","queue","iterate","iterate","iterate","Iterate",0.5,0.5,NA,0.04,0.97,0.02,0.02,0.18,0.41,0.41,NA,NA,NA,NA,NA,0.97,0.11,1,0.97,0.41,1.38,0.97,0.74,0.75,"animal_picture","near","mix","pure","learn_gen","animalpic_animalpic",6,3,9,4.5,0.89,0.5,"Serial-crossed",0.5,0.97,0.41,0.41,NA,NA,NA,NA,0.97,0.41,0.41,NA,0.97,0.45,"Center-embedded",0.476,0.484,NA,0.04,0.97,0.02,0,0.02,0.01,0.97,0,NA,"iterate",NA,2,3,0.3,"no","near",NA,NA,NA,NA,NA,NA,NA,"discard","Near","discard","discard","discard","discard","discard","discard","discard","Adult (Animal)","discard","discard","discard","discard","discard","discard","discard","discard","discard","discard","discard","discard","discard","discard","discard","discard","discard","discard","discard","discard","discard","discard","Adult (2 Dimensions)","High Load","Near","Near","discard","discard","discard","discard","discard","discard","discard","discard","2 Dimensions","discard","discard","discard","discard","discard","discard","Adult (4 item)","discard","discard","discard","discard","Adult (4 item)","Adult (4 item)","keep"
299,"3308","dedhe",4,"Child","round_2",57,3,"animal","far","same","yes","yes",0,0,0.5,0.5,"low",0,0.79,0.84,"2D","2D","pair","iterate","iterate","pair","Pair",0.07,0.07,0.86,NA,0.18,0.41,0.41,0.97,0.02,0.02,NA,NA,NA,NA,NA,0.97,0.11,2,0.41,0.97,1.38,0.11,0.16,0.95,"animal_picture","far","mix","pure","learn_gen","animalpic_animalpic",4,32,36,18,0.89,0.5,"Tail-recursive",0.5,0.97,0.41,0.41,NA,NA,NA,NA,0.97,0.41,0.41,NA,0.97,0.84,"Tail-recursive",0.072,0.07,0.86,NA,0.97,0.02,0,0.02,0.07,0.79,0,"Child_08","2D","F",0.1,-28,-0.8,"no","far_same",NA,NA,NA,NA,NA,NA,NA,"discard","Far (Related)","discard","discard","discard","discard","discard","discard","Child (Animal)","Child (Animal)","discard","discard","discard","discard","discard","discard","discard","discard","discard","discard","discard","discard","discard","discard","discard","discard","discard","discard","discard","discard","discard","discard","Child (2 Dimensions)","High Load","Far (Same)","Far","discard","discard","discard","discard","discard","discard","discard","discard","2 Dimensions","discard","discard","discard","discard","discard","discard","discard","Child (4 item)","discard","discard","discard","Child (4 item)","Child (4 item)","keep"
300,"3310","dedhe",4,"Child","round_2",59,2,"animal","far","same","yes","yes",0,0,0.25,0.75,"high",1,0.49,0.62,"2D","2D","pair","iterate","iterate","pair","Pair",0.17,0.16,0.67,NA,0.07,0.1,0.83,0.97,0.02,0.02,NA,NA,NA,NA,NA,0.97,0.14,2,0.83,0.97,1.8,0.25,0.38,0.87,"animal_picture","far","mix","pure","learn_gen","animalpic_animalpic",4,6,10,5,0.86,0.25,"Tail-recursive",0.25,0.97,0.1,0.83,NA,NA,NA,NA,0.97,0.1,0.83,NA,0.97,0.68,"Tail-recursive",0.172,0.161,0.67,NA,0.97,0.02,0,0.02,0.17,0.49,0,"Child_01","2D","F",0.7,-2,-0.2,"no","far_same",NA,NA,NA,NA,NA,NA,NA,"discard","Far (Related)","discard","discard","discard","discard","discard","discard","Child (Animal)","Child (Animal)","discard","discard","discard","discard","discard","discard","discard","discard","discard","discard","discard","discard","discard","discard","discard","discard","discard","discard","discard","discard","discard","discard","Child (2 Dimensions)","High Load","Far (Same)","Far","discard","discard","discard","discard","discard","discard","discard","discard","2 Dimensions","discard","discard","discard","discard","discard","discard","discard","Child (4 item)","discard","discard","discard","Child (4 item)","Child (4 item)","keep"
301,"3312","dedhe",4,"Child","round_2",56,2,"animal","far","same","yes","yes",0.38,0.13,0,0.5,"low",0.125,0.28,0.46,"not 2D","1D","stack","palindrome","palindrome","palindrome","Palindrome",0.54,0.21,0.26,NA,0.56,0.22,0.22,0.12,0.14,0.74,NA,NA,NA,NA,NA,0.74,0.2,2,0.56,0.74,1.3,0.74,0.54,0.82,"animal_picture","far","mix","pure","learn_gen","animalpic_animalpic",11,4,15,7.5,0.8,0.13,"Serial-crossed",0.38,0.56,0.22,0.74,NA,NA,NA,NA,0.56,0.22,0.74,NA,0.74,0.54,"Center-embedded",0.536,0.206,0.26,NA,0.12,0.14,0,0.74,0.28,0.74,0,"Child_16","palindrome","F",2.8,7,0.5,"no","far_same",NA,NA,NA,NA,NA,NA,NA,"discard","Far (Related)","discard","discard","discard","discard","discard","discard","Child (Animal)","Child (Animal)","discard","discard","discard","discard","discard","discard","discard","discard","discard","discard","discard","discard","discard","discard","discard","discard","discard","discard","discard","discard","discard","discard","Child (2 Dimensions)","High Load","Far (Same)","Far","discard","discard","discard","discard","discard","discard","discard","discard","2 Dimensions","discard","discard","discard","discard","discard","discard","discard","Child (4 item)","discard","discard","discard","Child (4 item)","Child (4 item)","keep"
302,"3314","dedhe",4,"Child","round_2",62,4,"animal","far","same","yes","yes",0.25,0,0.38,0.38,"high",0.5,0.23,0.42,"not 2D","1D","pair","iterate","iterate","iterate","Iterate",0.27,0.22,0.51,NA,0.22,0.56,0.22,0.64,0.14,0.22,NA,NA,NA,NA,NA,0.64,0.26,2,0.56,0.64,1.2,0.64,0.58,0.81,"animal_picture","far","mix","pure","learn_gen","animalpic_animalpic",6,33,39,19.5,0.74,0.38,"Tail-recursive",0.38,0.64,0.56,0.22,NA,NA,NA,NA,0.64,0.56,0.22,NA,0.64,0.49,"Tail-recursive",0.275,0.218,0.51,NA,0.64,0.14,0,0.22,0.23,0.64,0,"Child_02","iterate","F",0.2,-27,-0.7,"no","far_same",NA,NA,NA,NA,NA,NA,NA,"discard","Far (Related)","discard","discard","discard","discard","discard","discard","Child (Animal)","Child (Animal)","discard","discard","discard","discard","discard","discard","discard","discard","discard","discard","discard","discard","discard","discard","discard","discard","discard","discard","discard","discard","discard","discard","Child (2 Dimensions)","High Load","Far (Same)","Far","discard","discard","discard","discard","discard","discard","discard","discard","2 Dimensions","discard","discard","discard","discard","discard","discard","discard","Child (4 item)","discard","discard","discard","Child (4 item)","Child (4 item)","keep"
303,"3318","dedhe",4,"Child","round_2",59,1,"animal","far","same","yes","yes",0,0,0.38,0.63,"low",0.25,0.69,0.77,"2D","2D","pair","iterate","iterate","pair","Pair",0.1,0.1,0.8,NA,0.14,0.21,0.65,0.97,0.02,0.02,NA,NA,NA,NA,NA,0.97,0.14,2,0.65,0.97,1.61,0.15,0.23,0.92,"animal_picture","far","mix","pure","learn_gen","animalpic_animalpic",10,4,14,7,0.86,0.38,"Tail-recursive",0.38,0.97,0.21,0.65,NA,NA,NA,NA,0.97,0.21,0.65,NA,0.97,0.77,"Tail-recursive",0.104,0.101,0.8,NA,0.97,0.02,0,0.02,0.1,0.69,0,"Child_11","2D","F",2.5,6,0.4,"no","far_same",NA,NA,NA,NA,NA,NA,NA,"discard","Far (Related)","discard","discard","discard","discard","discard","discard","Child (Animal)","Child (Animal)","discard","discard","discard","discard","discard","discard","discard","discard","discard","discard","discard","discard","discard","discard","discard","discard","discard","discard","discard","discard","discard","discard","Child (2 Dimensions)","High Load","Far (Same)","Far","discard","discard","discard","discard","discard","discard","discard","discard","2 Dimensions","discard","discard","discard","discard","discard","discard","discard","Child (4 item)","discard","discard","discard","Child (4 item)","Child (4 item)","keep"
304,"3339","dedhe",4,"Child","round_2",53,2,"animal","far","same","yes","yes",0,0,1,0,"high",1,0.96,0.97,"2D","2D","pair","alternate","seriate","pair","Pair",0.01,0.01,0.97,NA,0.01,0.97,0.01,0.97,0.01,0.01,NA,NA,NA,NA,NA,0.97,0.02,1,0.97,0.97,1.94,0.02,0.03,0.99,"animal_picture","far","mix","pure","learn_gen","animalpic_animalpic",3,3,6,3,0.98,1,"Tail-recursive",1,0.97,0.97,0.01,NA,NA,NA,NA,0.97,0.97,0.01,NA,0.97,0.97,"Tail-recursive",0.013,0.013,0.97,NA,0.01,0.97,0,0.01,0.01,0.96,0,"Child_80","2D","F",1,0,0,"no","far_same",NA,NA,NA,NA,NA,NA,NA,"discard","Far (Related)","discard","discard","discard","discard","discard","discard","Child (Animal)","Child (Animal)","discard","discard","discard","discard","discard","discard","discard","discard","discard","discard","discard","discard","discard","discard","discard","discard","discard","discard","discard","discard","discard","discard","Child (2 Dimensions)","High Load","Far (Same)","Far","discard","discard","discard","discard","discard","discard","discard","discard","2 Dimensions","discard","discard","discard","discard","discard","discard","discard","Child (4 item)","discard","discard","discard","Child (4 item)","Child (4 item)","keep"
305,"3341","dedhe",4,"Child","round_2",56,4,"animal","far","same","yes","yes",0.63,0.25,0.13,0,"high",1,0.66,0.75,"2D","2D","stack","iterate","iterate","stack","Stack",0.8,0.13,0.07,NA,0.93,0.04,0.03,0.12,0.14,0.74,NA,NA,NA,NA,NA,0.93,0.47,1,0.93,0.74,1.66,0.17,0.25,0.92,"animal_picture","far","mix","pure","learn_gen","animalpic_animalpic",3,3,6,3,0.53,0.25,"Serial-crossed",0.63,0.93,0.14,0.74,NA,NA,NA,NA,0.93,0.14,0.74,NA,0.93,0.6,"Center-embedded",0.799,0.135,0.07,NA,0.93,0.04,0,0.03,0.66,0.66,1,"Child_04","2D","F",1,0,0,"yes","far_same",NA,NA,NA,NA,NA,NA,NA,"discard","Far (Related)","discard","discard","discard","discard","discard","discard","Child (Animal)","Child (Animal)","discard","discard","discard","discard","discard","discard","discard","discard","discard","discard","discard","discard","discard","discard","discard","discard","discard","discard","discard","discard","discard","discard","Child (2 Dimensions)","High Load","Far (Same)","Far","discard","discard","discard","discard","discard","discard","discard","discard","2 Dimensions","discard","discard","discard","discard","discard","discard","discard","Child (4 item)","discard","discard","discard","Child (4 item)","Child (4 item)","keep"
306,"3343","dedhe",4,"Child","round_2",47,1,"animal","far","same","yes","yes",0.22,0.33,0,0.44,"high",0.75,0.21,0.41,"not 2D","1D","queue","iterate","iterate","iterate","Iterate",0.27,0.48,0.25,NA,0.64,0.15,0.22,0.34,0.32,0.34,NA,NA,NA,NA,NA,0.64,0.23,1,0.64,0.34,0.97,0.64,0.59,0.8,"animal_picture","far","mix","pure","learn_gen","animalpic_animalpic",11,9,20,10,0.77,0.33,"Serial-crossed",0.33,0.64,0.32,0.34,NA,NA,NA,NA,0.64,0.32,0.34,NA,0.64,0.49,"Serial-crossed",0.271,0.482,0.25,NA,0.64,0.15,0,0.22,0.21,0.64,0,"Child_21","iterate","M",1.2,2,0.1,"no","far_same",NA,NA,NA,NA,NA,NA,NA,"discard","Far (Related)","discard","discard","discard","discard","discard","discard","Child (Animal)","Child (Animal)","discard","discard","discard","discard","discard","discard","discard","discard","discard","discard","discard","discard","discard","discard","discard","discard","discard","discard","discard","discard","discard","discard","Child (2 Dimensions)","High Load","Far (Same)","Far","discard","discard","discard","discard","discard","discard","discard","discard","2 Dimensions","discard","discard","discard","discard","discard","discard","discard","Child (4 item)","discard","discard","discard","Child (4 item)","Child (4 item)","keep"
307,"3345","dedhe",4,"Child","round_2",56,4,"animal","far","same","yes","yes",0,0,1,0,"low",0.125,0.96,0.97,"2D","2D","pair","iterate","iterate","pair","Pair",0.01,0.01,0.98,NA,0.01,0.97,0.01,0.97,0.01,0.01,NA,NA,NA,NA,NA,0.97,0.02,2,0.97,0.97,1.94,0.02,0.03,0.99,"animal_picture","far","mix","pure","learn_gen","animalpic_animalpic",3,3,6,3,0.98,1,"Tail-recursive",1,0.97,0.97,0.01,NA,NA,NA,NA,0.97,0.97,0.01,NA,0.97,0.97,"Tail-recursive",0.012,0.012,0.98,NA,0.97,0.01,0,0.01,0.01,0.96,0,"Child_22","2D","M",1,0,0,"no","far_same",NA,NA,NA,NA,NA,NA,NA,"discard","Far (Related)","discard","discard","discard","discard","discard","discard","Child (Animal)","Child (Animal)","discard","discard","discard","discard","discard","discard","discard","discard","discard","discard","discard","discard","discard","discard","discard","discard","discard","discard","discard","discard","discard","discard","Child (2 Dimensions)","High Load","Far (Same)","Far","discard","discard","discard","discard","discard","discard","discard","discard","2 Dimensions","discard","discard","discard","discard","discard","discard","discard","Child (4 item)","discard","discard","discard","Child (4 item)","Child (4 item)","keep"
308,"3349","dedhe",4,"Child","round_2",52,2,"animal","far","same","yes","yes",0.25,0,0.25,0.5,"high",0.75,0.01,0.26,"not 2D","1D","stack","iterate","iterate","iterate","Iterate",0.39,0.23,0.38,NA,0.22,0.22,0.56,0.83,0.07,0.1,NA,NA,NA,NA,NA,0.83,0.23,2,0.56,0.83,1.39,0.83,0.74,0.75,"animal_picture","far","mix","pure","learn_gen","animalpic_animalpic",3,4,7,3.5,0.77,0.25,"Tail-recursive",0.25,0.83,0.22,0.56,NA,NA,NA,NA,0.83,0.22,0.56,NA,0.83,0.39,"Center-embedded",0.392,0.226,0.38,NA,0.83,0.07,0,0.1,0.01,0.83,0,"Child_05","iterate","F",0.8,-1,-0.1,"no","far_same",NA,NA,NA,NA,NA,NA,NA,"discard","Far (Related)","discard","discard","discard","discard","discard","discard","Child (Animal)","Child (Animal)","discard","discard","discard","discard","discard","discard","discard","discard","discard","discard","discard","discard","discard","discard","discard","discard","discard","discard","discard","discard","discard","discard","Child (2 Dimensions)","High Load","Far (Same)","Far","discard","discard","discard","discard","discard","discard","discard","discard","2 Dimensions","discard","discard","discard","discard","discard","discard","discard","Child (4 item)","discard","discard","discard","Child (4 item)","Child (4 item)","keep"
309,"3357","dedhe",4,"Child","round_2",54,3,"animal","far","same","yes","yes",0,0,0.5,0.5,"low",0.375,0.61,0.7,"2D","2D","pair","iterate","iterate","pair","Pair",0.13,0.13,0.74,NA,0.14,0.64,0.22,0.87,0.06,0.07,NA,NA,NA,NA,NA,0.87,0.11,2,0.64,0.87,1.51,0.2,0.3,0.9,"animal_picture","far","mix","pure","learn_gen","animalpic_animalpic",26,18,44,22,0.89,0.5,"Tail-recursive",0.5,0.87,0.64,0.22,NA,NA,NA,NA,0.87,0.64,0.22,NA,0.87,0.75,"Tail-recursive",0.131,0.132,0.74,NA,0.87,0.06,0,0.07,0.13,0.61,0,"Child_24","2D","M",1.4,8,0.2,"no","far_same",NA,NA,NA,NA,NA,NA,NA,"discard","Far (Related)","discard","discard","discard","discard","discard","discard","Child (Animal)","Child (Animal)","discard","discard","discard","discard","discard","discard","discard","discard","discard","discard","discard","discard","discard","discard","discard","discard","discard","discard","discard","discard","discard","discard","Child (2 Dimensions)","High Load","Far (Same)","Far","discard","discard","discard","discard","discard","discard","discard","discard","2 Dimensions","discard","discard","discard","discard","discard","discard","discard","Child (4 item)","discard","discard","discard","Child (4 item)","Child (4 item)","keep"
310,"3361","dedhe",4,"Child","round_2",46,2,"animal","far","same","yes","yes",0,0,0.78,0.22,"high",0.5,0.92,0.94,"2D","2D","pair","iterate","iterate","pair","Pair",0.03,0.03,0.95,NA,0.05,0.87,0.08,0.97,0.01,0.01,NA,NA,NA,NA,NA,0.97,0.04,2,0.87,0.97,1.84,0.04,0.06,0.98,"animal_picture","far","mix","pure","learn_gen","animalpic_animalpic",7,4,11,5.5,0.96,0.78,"Tail-recursive",0.78,0.97,0.87,0.08,NA,NA,NA,NA,0.97,0.87,0.08,NA,0.97,0.94,"Tail-recursive",0.026,0.026,0.95,NA,0.97,0.01,0,0.01,0.03,0.92,0,"Child_13","2D","F",1.8,3,0.3,"no","far_same",NA,NA,NA,NA,NA,NA,NA,"discard","Far (Related)","discard","discard","discard","discard","discard","discard","Child (Animal)","Child (Animal)","discard","discard","discard","discard","discard","discard","discard","discard","discard","discard","discard","discard","discard","discard","discard","discard","discard","discard","discard","discard","discard","discard","Child (2 Dimensions)","High Load","Far (Same)","Far","discard","discard","discard","discard","discard","discard","discard","discard","2 Dimensions","discard","discard","discard","discard","discard","discard","discard","Child (4 item)","discard","discard","discard","Child (4 item)","Child (4 item)","keep"
311,"3363","dedhe",4,"Child","round_2",52,2,"animal","far","same","yes","yes",0,0,0.63,0.38,"high",1,0.86,0.9,"2D","2D","pair","iterate","iterate","pair","Pair",0.05,0.04,0.91,NA,0.14,0.65,0.22,0.97,0.02,0.02,NA,NA,NA,NA,NA,0.97,0.07,2,0.65,0.97,1.61,0.07,0.1,0.97,"animal_picture","far","mix","pure","learn_gen","animalpic_animalpic",3,3,6,3,0.93,0.63,"Tail-recursive",0.63,0.97,0.65,0.22,NA,NA,NA,NA,0.97,0.65,0.22,NA,0.97,0.9,"Tail-recursive",0.046,0.044,0.91,NA,0.97,0.02,0,0.02,0.05,0.86,0,"Child_09","2D","M",1,0,0,"no","far_same",NA,NA,NA,NA,NA,NA,NA,"discard","Far (Related)","discard","discard","discard","discard","discard","discard","Child (Animal)","Child (Animal)","discard","discard","discard","discard","discard","discard","discard","discard","discard","discard","discard","discard","discard","discard","discard","discard","discard","discard","discard","discard","discard","discard","Child (2 Dimensions)","High Load","Far (Same)","Far","discard","discard","discard","discard","discard","discard","discard","discard","2 Dimensions","discard","discard","discard","discard","discard","discard","discard","Child (4 item)","discard","discard","discard","Child (4 item)","Child (4 item)","keep"
312,"3365","dedhe",4,"Child","round_2",49,3,"animal","far","same","yes","yes",0.13,0,0.25,0.63,"high",0.625,0.15,0.37,"not 2D","1D","pair","iterate","iterate","iterate","Iterate",0.28,0.28,0.44,NA,0.12,0.14,0.74,0.87,0.06,0.07,NA,NA,NA,NA,NA,0.87,0.19,2,0.74,0.87,1.61,0.87,0.63,0.79,"animal_picture","far","mix","pure","learn_gen","animalpic_animalpic",7,3,10,5,0.81,0.25,"Tail-recursive",0.25,0.87,0.14,0.74,NA,NA,NA,NA,0.87,0.14,0.74,NA,0.87,0.48,"Tail-recursive",0.282,0.282,0.44,NA,0.87,0.06,0,0.07,0.15,0.87,0,"Child_12","iterate","F",2.3,4,0.4,"no","far_same",NA,NA,NA,NA,NA,NA,NA,"discard","Far (Related)","discard","discard","discard","discard","discard","discard","Child (Animal)","Child (Animal)","discard","discard","discard","discard","discard","discard","discard","discard","discard","discard","discard","discard","discard","discard","discard","discard","discard","discard","discard","discard","discard","discard","Child (2 Dimensions)","High Load","Far (Same)","Far","discard","discard","discard","discard","discard","discard","discard","discard","2 Dimensions","discard","discard","discard","discard","discard","discard","discard","Child (4 item)","discard","discard","discard","Child (4 item)","Child (4 item)","keep"
313,"3422","dedhe",4,"Child","round_2",43,2,"animal","far","same","yes","yes",0.11,0.22,0.11,0.56,"low",0.25,0.06,0.29,"not 2D","1D","queue","alternate","seriate","alternate","Seriate",0.31,0.37,0.32,NA,0.3,0.22,0.48,0.16,0.67,0.17,NA,NA,NA,NA,NA,0.67,0.25,2,0.48,0.67,1.15,0.67,0.71,0.76,"animal_picture","far","mix","pure","learn_gen","animalpic_animalpic",3,5,8,4,0.75,0.22,"Serial-crossed",0.22,0.3,0.67,0.48,NA,NA,NA,NA,0.3,0.67,0.48,NA,0.67,0.4,"Serial-crossed",0.308,0.374,0.32,NA,0.16,0.67,0,0.17,0.07,0.67,0,"Child_26","alternate","M",0.6,-2,-0.3,"no","far_same",NA,NA,NA,NA,NA,NA,NA,"discard","Far (Related)","discard","discard","discard","discard","discard","discard","Child (Animal)","Child (Animal)","discard","discard","discard","discard","discard","discard","discard","discard","discard","discard","discard","discard","discard","discard","discard","discard","discard","discard","discard","discard","discard","discard","Child (2 Dimensions)","High Load","Far (Same)","Far","discard","discard","discard","discard","discard","discard","discard","discard","2 Dimensions","discard","discard","discard","discard","discard","discard","discard","Child (4 item)","discard","discard","discard","Child (4 item)","Child (4 item)","keep"
314,"3438","dedhe",4,"Child","round_2",64,4,"animal","far","same","yes","yes",0.33,0.22,0.33,0.11,"high",0.625,0,0.25,"not 2D","1D","pair","iterate","iterate","iterate","Iterate",0.39,0.23,0.39,NA,0.64,0.22,0.15,0.48,0.22,0.3,NA,NA,NA,NA,NA,0.64,0.65,1,0.64,0.48,1.12,0.64,0.75,0.75,"animal_picture","far","mix","pure","learn_gen","animalpic_animalpic",15,4,19,9.5,0.35,0.33,"Tail-recursive",0.33,0.64,0.22,0.3,NA,NA,NA,NA,0.64,0.22,0.3,NA,0.64,0.17,"Center-embedded",0.387,0.227,0.39,NA,0.64,0.22,0,0.15,0,0.64,0,"Child_02","iterate","F",3.8,11,0.6,"no","far_same",NA,NA,NA,NA,NA,NA,NA,"discard","Far (Related)","discard","discard","discard","discard","discard","discard","Child (Animal)","Child (Animal)","discard","discard","discard","discard","discard","discard","discard","discard","discard","discard","discard","discard","discard","discard","discard","discard","discard","discard","discard","discard","discard","discard","Child (2 Dimensions)","High Load","Far (Same)","Far","discard","discard","discard","discard","discard","discard","discard","discard","2 Dimensions","discard","discard","discard","discard","discard","discard","discard","Child (4 item)","discard","discard","discard","Child (4 item)","Child (4 item)","keep"
315,"3442","dedhe",4,"Child","round_2",56,3,"animal","far","same","yes","yes",0,0,0.63,0.38,"low",0.125,0.81,0.86,"2D","2D","pair","iterate","iterate","pair","Pair",0.06,0.06,0.88,NA,0.07,0.83,0.1,0.93,0.03,0.04,NA,NA,NA,NA,NA,0.93,0.07,2,0.83,0.93,1.76,0.09,0.14,0.95,"animal_picture","far","mix","pure","learn_gen","animalpic_animalpic",4,5,9,4.5,0.93,0.63,"Tail-recursive",0.63,0.93,0.83,0.1,NA,NA,NA,NA,0.93,0.83,0.1,NA,0.93,0.87,"Tail-recursive",0.063,0.06,0.88,NA,0.93,0.03,0,0.04,0.06,0.81,0,"Child_15","2D","M",0.8,-1,-0.1,"no","far_same",NA,NA,NA,NA,NA,NA,NA,"discard","Far (Related)","discard","discard","discard","discard","discard","discard","Child (Animal)","Child (Animal)","discard","discard","discard","discard","discard","discard","discard","discard","discard","discard","discard","discard","discard","discard","discard","discard","discard","discard","discard","discard","discard","discard","Child (2 Dimensions)","High Load","Far (Same)","Far","discard","discard","discard","discard","discard","discard","discard","discard","2 Dimensions","discard","discard","discard","discard","discard","discard","discard","Child (4 item)","discard","discard","discard","Child (4 item)","Child (4 item)","keep"
316,"3445","dedhe",4,"Child","round_2",41,2,"animal","far","same","yes","yes",0.22,0.11,0.11,0.56,"high",0.625,0.06,0.29,"not 2D","1D","stack","palindrome","palindrome","palindrome","Palindrome",0.37,0.31,0.32,NA,0.33,0.33,0.34,0.22,0.29,0.49,NA,NA,NA,NA,NA,0.49,0.25,2,0.34,0.49,0.83,0.49,0.71,0.76,"animal_picture","far","mix","pure","learn_gen","animalpic_animalpic",6,3,9,4.5,0.75,0.11,"Serial-crossed",0.22,0.33,0.33,0.49,NA,NA,NA,NA,0.33,0.33,0.49,NA,0.49,0.41,"Center-embedded",0.375,0.31,0.32,NA,0.22,0.29,0,0.49,0.06,0.49,0,"Child_17","palindrome","F",2,3,0.3,"no","far_same",NA,NA,NA,NA,NA,NA,NA,"discard","Far (Related)","discard","discard","discard","discard","discard","discard","Child (Animal)","Child (Animal)","discard","discard","discard","discard","discard","discard","discard","discard","discard","discard","discard","discard","discard","discard","discard","discard","discard","discard","discard","discard","discard","discard","Child (2 Dimensions)","High Load","Far (Same)","Far","discard","discard","discard","discard","discard","discard","discard","discard","2 Dimensions","discard","discard","discard","discard","discard","discard","discard","Child (4 item)","discard","discard","discard","Child (4 item)","Child (4 item)","keep"
317,"3447","dedhe",4,"Child","round_2",40,1,"animal","far","same","yes","yes",0,0,0.44,0.56,"low",0.25,0.81,0.86,"2D","2D","pair","iterate","iterate","pair","Pair",0.06,0.06,0.88,NA,0.16,0.32,0.52,0.97,0.01,0.01,NA,NA,NA,NA,NA,0.97,0.12,2,0.52,0.97,1.5,0.09,0.14,0.95,"animal_picture","far","mix","pure","learn_gen","animalpic_animalpic",6,5,11,5.5,0.88,0.44,"Tail-recursive",0.44,0.97,0.32,0.52,NA,NA,NA,NA,0.97,0.32,0.52,NA,0.97,0.85,"Tail-recursive",0.062,0.062,0.88,NA,0.97,0.01,0,0.01,0.06,0.81,0,"Child_06","2D","M",1.2,1,0.1,"no","far_same",NA,NA,NA,NA,NA,NA,NA,"discard","Far (Related)","discard","discard","discard","discard","discard","discard","Child (Animal)","Child (Animal)","discard","discard","discard","discard","discard","discard","discard","discard","discard","discard","discard","discard","discard","discard","discard","discard","discard","discard","discard","discard","discard","discard","Child (2 Dimensions)","High Load","Far (Same)","Far","discard","discard","discard","discard","discard","discard","discard","discard","2 Dimensions","discard","discard","discard","discard","discard","discard","discard","Child (4 item)","discard","discard","discard","Child (4 item)","Child (4 item)","keep"
318,"3449","dedhe",4,"Child","round_2",65,2,"animal","far","same","yes","yes",0,0.13,0.25,0.63,"low",0,0.27,0.45,"not 2D","1D","pair","iterate","iterate","iterate","Iterate",0.21,0.26,0.53,NA,0.12,0.14,0.74,0.93,0.04,0.03,NA,NA,NA,NA,NA,0.93,0.19,2,0.74,0.93,1.67,0.93,0.55,0.82,"animal_picture","far","mix","pure","learn_gen","animalpic_animalpic",20,9,29,14.5,0.81,0.25,"Tail-recursive",0.25,0.93,0.14,0.74,NA,NA,NA,NA,0.93,0.14,0.74,NA,0.93,0.54,"Tail-recursive",0.21,0.262,0.53,NA,0.93,0.04,0,0.03,0.21,0.93,0,"Child_20","iterate","M",2.2,11,0.4,"no","far_same",NA,NA,NA,NA,NA,NA,NA,"discard","Far (Related)","discard","discard","discard","discard","discard","discard","Child (Animal)","Child (Animal)","discard","discard","discard","discard","discard","discard","discard","discard","discard","discard","discard","discard","discard","discard","discard","discard","discard","discard","discard","discard","discard","discard","Child (2 Dimensions)","High Load","Far (Same)","Far","discard","discard","discard","discard","discard","discard","discard","discard","2 Dimensions","discard","discard","discard","discard","discard","discard","discard","Child (4 item)","discard","discard","discard","Child (4 item)","Child (4 item)","keep"
319,"3456","dedhe",4,"Child","round_2",57,1,"animal","far","same","yes","yes",0,0.13,0.75,0.13,"low",0.125,0.86,0.89,"2D","2D","pair","alternate","seriate","pair","Pair",0.04,0.05,0.91,NA,0.07,0.87,0.07,0.83,0.1,0.07,NA,NA,NA,NA,NA,0.87,0.08,1,0.87,0.83,1.7,0.07,0.11,0.96,"animal_picture","far","mix","pure","learn_gen","animalpic_animalpic",30,5,35,17.5,0.92,0.75,"Tail-recursive",0.75,0.83,0.87,0.07,NA,NA,NA,NA,0.83,0.87,0.07,NA,0.87,0.89,"Tail-recursive",0.036,0.054,0.91,NA,0.07,0.87,0,0.07,0.04,0.86,0,"Child_81","2D","M",6,25,0.7,"no","far_same",NA,NA,NA,NA,NA,NA,NA,"discard","Far (Related)","discard","discard","discard","discard","discard","discard","Child (Animal)","Child (Animal)","discard","discard","discard","discard","discard","discard","discard","discard","discard","discard","discard","discard","discard","discard","discard","discard","discard","discard","discard","discard","discard","discard","Child (2 Dimensions)","High Load","Far (Same)","Far","discard","discard","discard","discard","discard","discard","discard","discard","2 Dimensions","discard","discard","discard","discard","discard","discard","discard","Child (4 item)","discard","discard","discard","Child (4 item)","Child (4 item)","keep"
320,"3458","dedhe",4,"Child","round_2",58,4,"animal","far","same","yes","yes",0.25,0,0.13,0.63,"low",0.375,0.02,0.27,"not 2D","1D","stack","palindrome","palindrome","palindrome","Palindrome",0.37,0.35,0.28,NA,0.26,0.37,0.37,0.29,0.18,0.52,NA,NA,NA,NA,NA,0.52,0.19,2,0.37,0.52,0.9,0.52,0.73,0.76,"animal_picture","far","mix","pure","learn_gen","animalpic_animalpic",14,3,17,8.5,0.81,0.13,"Tail-recursive",0.25,0.29,0.37,0.52,NA,NA,NA,NA,0.29,0.37,0.52,NA,0.52,0.41,"Center-embedded",0.374,0.35,0.28,NA,0.29,0.18,0,0.52,0.02,0.52,0,"Child_16","palindrome","F",4.7,11,0.6,"no","far_same",NA,NA,NA,NA,NA,NA,NA,"discard","Far (Related)","discard","discard","discard","discard","discard","discard","Child (Animal)","Child (Animal)","discard","discard","discard","discard","discard","discard","discard","discard","discard","discard","discard","discard","discard","discard","discard","discard","discard","discard","discard","discard","discard","discard","Child (2 Dimensions)","High Load","Far (Same)","Far","discard","discard","discard","discard","discard","discard","discard","discard","2 Dimensions","discard","discard","discard","discard","discard","discard","discard","Child (4 item)","discard","discard","discard","Child (4 item)","Child (4 item)","keep"
321,"3472","dedhe",4,"Child","round_2",65,2,"animal","far","same","yes","yes",0.25,0.13,0.5,0.13,"high",1,0.5,0.62,"2D","2D","pair","iterate","iterate","pair","Pair",0.19,0.12,0.69,NA,0.29,0.51,0.19,0.74,0.12,0.14,NA,NA,NA,NA,NA,0.74,0.43,2,0.51,0.74,1.26,0.25,0.38,0.87,"animal_picture","far","mix","pure","learn_gen","animalpic_animalpic",3,4,7,3.5,0.57,0.5,"Tail-recursive",0.5,0.74,0.51,0.19,NA,NA,NA,NA,0.74,0.51,0.19,NA,0.74,0.53,"Tail-recursive",0.192,0.118,0.69,NA,0.74,0.12,0,0.14,0.19,0.5,0,"Child_03","2D","F",0.8,-1,-0.1,"no","far_same",NA,NA,NA,NA,NA,NA,NA,"discard","Far (Related)","discard","discard","discard","discard","discard","discard","Child (Animal)","Child (Animal)","discard","discard","discard","discard","discard","discard","discard","discard","discard","discard","discard","discard","discard","discard","discard","discard","discard","discard","discard","discard","discard","discard","Child (2 Dimensions)","High Load","Far (Same)","Far","discard","discard","discard","discard","discard","discard","discard","discard","2 Dimensions","discard","discard","discard","discard","discard","discard","discard","Child (4 item)","discard","discard","discard","Child (4 item)","Child (4 item)","keep"
322,"3474","dedhe",4,"Child","round_2",55,2,"animal","far","same","yes","yes",0.13,0.63,0,0.25,"low",0.25,0.78,0.84,"2D","2D","queue","alternate","seriate","queue","Queue",0.08,0.86,0.06,NA,0.83,0.07,0.1,0.03,0.93,0.04,NA,NA,NA,NA,NA,0.93,0.12,2,0.83,0.93,1.76,0.11,0.16,0.95,"animal_picture","far","mix","pure","learn_gen","animalpic_animalpic",3,5,8,4,0.88,0.63,"Serial-crossed",0.63,0.83,0.93,0.1,NA,NA,NA,NA,0.83,0.93,0.1,NA,0.93,0.83,"Serial-crossed",0.076,0.86,0.06,NA,0.03,0.93,0,0.04,0.08,0.78,0,"Child_82","2D","F",0.6,-2,-0.3,"no","far_same",NA,NA,NA,NA,NA,NA,NA,"discard","Far (Related)","discard","discard","discard","discard","discard","discard","Child (Animal)","Child (Animal)","discard","discard","discard","discard","discard","discard","discard","discard","discard","discard","discard","discard","discard","discard","discard","discard","discard","discard","discard","discard","discard","discard","Child (2 Dimensions)","High Load","Far (Same)","Far","discard","discard","discard","discard","discard","discard","discard","discard","2 Dimensions","discard","discard","discard","discard","discard","discard","discard","Child (4 item)","discard","discard","discard","Child (4 item)","Child (4 item)","keep"
323,"3487","dedhe",4,"Child","round_2",46,2,"animal","far","same","yes","yes",0,0.11,0.56,0.33,"high",0.875,0.77,0.83,"2D","2D","pair","iterate","iterate","pair","Pair",0.07,0.08,0.85,NA,0.15,0.63,0.22,0.94,0.03,0.03,NA,NA,NA,NA,NA,0.94,0.12,2,0.63,0.94,1.57,0.11,0.17,0.94,"animal_picture","far","mix","pure","learn_gen","animalpic_animalpic",7,4,11,5.5,0.88,0.56,"Tail-recursive",0.56,0.94,0.63,0.22,NA,NA,NA,NA,0.94,0.63,0.22,NA,0.94,0.83,"Tail-recursive",0.069,0.079,0.85,NA,0.94,0.03,0,0.03,0.07,0.77,0,"Child_19","2D","F",1.8,3,0.3,"no","far_same",NA,NA,NA,NA,NA,NA,NA,"discard","Far (Related)","discard","discard","discard","discard","discard","discard","Child (Animal)","Child (Animal)","discard","discard","discard","discard","discard","discard","discard","discard","discard","discard","discard","discard","discard","discard","discard","discard","discard","discard","discard","discard","discard","discard","Child (2 Dimensions)","High Load","Far (Same)","Far","discard","discard","discard","discard","discard","discard","discard","discard","2 Dimensions","discard","discard","discard","discard","discard","discard","discard","Child (4 item)","discard","discard","discard","Child (4 item)","Child (4 item)","keep"
324,"3496","dedhe",4,"Child","round_2",60,1,"animal","far","same","yes","yes",0,0,0.63,0.38,"high",0.625,0.86,0.9,"2D","2D","pair","iterate","iterate","pair","Pair",0.05,0.05,0.91,NA,0.14,0.64,0.22,0.97,0.02,0.02,NA,NA,NA,NA,NA,0.97,0.07,2,0.64,0.97,1.61,0.07,0.1,0.97,"animal_picture","far","mix","pure","learn_gen","animalpic_animalpic",9,3,12,6,0.93,0.63,"Tail-recursive",0.63,0.97,0.64,0.22,NA,NA,NA,NA,0.97,0.64,0.22,NA,0.97,0.89,"Tail-recursive",0.046,0.045,0.91,NA,0.97,0.02,0,0.02,0.05,0.86,0,"Child_18","2D","M",3,6,0.5,"no","far_same",NA,NA,NA,NA,NA,NA,NA,"discard","Far (Related)","discard","discard","discard","discard","discard","discard","Child (Animal)","Child (Animal)","discard","discard","discard","discard","discard","discard","discard","discard","discard","discard","discard","discard","discard","discard","discard","discard","discard","discard","discard","discard","discard","discard","Child (2 Dimensions)","High Load","Far (Same)","Far","discard","discard","discard","discard","discard","discard","discard","discard","2 Dimensions","discard","discard","discard","discard","discard","discard","discard","Child (4 item)","discard","discard","discard","Child (4 item)","Child (4 item)","keep"
325,"3508","dedhe",4,"Child","round_2",68,1,"animal","far","same","yes","yes",0.22,0.11,0.11,0.56,"low",0.375,0.07,0.3,"not 2D","1D","stack","palindrome","palindrome","palindrome","Palindrome",0.38,0.31,0.31,NA,0.33,0.33,0.34,0.3,0.22,0.48,NA,NA,NA,NA,NA,0.48,0.24,2,0.34,0.48,0.82,0.48,0.7,0.77,"animal_picture","far","mix","pure","learn_gen","animalpic_animalpic",17,26,43,21.5,0.76,0.11,"Serial-crossed",0.22,0.33,0.33,0.48,NA,NA,NA,NA,0.33,0.33,0.48,NA,0.48,0.42,"Center-embedded",0.382,0.31,0.31,NA,0.3,0.22,0,0.48,0.07,0.48,0,"Child_83","palindrome","M",0.7,-9,-0.2,"no","far_same",NA,NA,NA,NA,NA,NA,NA,"discard","Far (Related)","discard","discard","discard","discard","discard","discard","Child (Animal)","Child (Animal)","discard","discard","discard","discard","discard","discard","discard","discard","discard","discard","discard","discard","discard","discard","discard","discard","discard","discard","discard","discard","discard","discard","Child (2 Dimensions)","High Load","Far (Same)","Far","discard","discard","discard","discard","discard","discard","discard","discard","2 Dimensions","discard","discard","discard","discard","discard","discard","discard","Child (4 item)","discard","discard","discard","Child (4 item)","Child (4 item)","keep"
326,"3510","dedhe",4,"Child","round_2",54,4,"animal","far","same","yes","yes",0.38,0.5,0,0.13,"high",0.875,0.27,0.45,"not 2D","1D","queue","iterate","iterate","iterate","Iterate",0.32,0.59,0.08,NA,0.92,0.03,0.04,0.14,0.65,0.21,NA,NA,NA,NA,NA,0.92,0.33,1,0.92,0.65,1.57,0.92,0.55,0.82,"animal_picture","far","mix","pure","learn_gen","animalpic_animalpic",3,6,9,4.5,0.67,0.5,"Serial-crossed",0.5,0.92,0.65,0.21,NA,NA,NA,NA,0.92,0.65,0.21,NA,0.92,0.47,"Serial-crossed",0.322,0.594,0.08,NA,0.92,0.03,0,0.04,0.27,0.92,0,"Child_84","iterate","F",0.5,-3,-0.3,"no","far_same",NA,NA,NA,NA,NA,NA,NA,"discard","Far (Related)","discard","discard","discard","discard","discard","discard","Child (Animal)","Child (Animal)","discard","discard","discard","discard","discard","discard","discard","discard","discard","discard","discard","discard","discard","discard","discard","discard","discard","discard","discard","discard","discard","discard","Child (2 Dimensions)","High Load","Far (Same)","Far","discard","discard","discard","discard","discard","discard","discard","discard","2 Dimensions","discard","discard","discard","discard","discard","discard","discard","Child (4 item)","discard","discard","discard","Child (4 item)","Child (4 item)","keep"
327,"3514","dedhe",4,"Child","round_2",54,1,"animal","far","same","yes","yes",0,0,0.5,0.5,"low",0.25,0.79,0.84,"2D","2D","pair","iterate","iterate","pair","Pair",0.07,0.07,0.86,NA,0.18,0.4,0.41,0.97,0.02,0.02,NA,NA,NA,NA,NA,0.97,0.12,2,0.41,0.97,1.38,0.1,0.16,0.95,"animal_picture","far","mix","pure","learn_gen","animalpic_animalpic",7,4,11,5.5,0.88,0.5,"Tail-recursive",0.5,0.97,0.4,0.41,NA,NA,NA,NA,0.97,0.4,0.41,NA,0.97,0.84,"Tail-recursive",0.07,0.068,0.86,NA,0.97,0.02,0,0.02,0.07,0.79,0,"Child_14","2D","F",1.8,3,0.3,"no","far_same",NA,NA,NA,NA,NA,NA,NA,"discard","Far (Related)","discard","discard","discard","discard","discard","discard","Child (Animal)","Child (Animal)","discard","discard","discard","discard","discard","discard","discard","discard","discard","discard","discard","discard","discard","discard","discard","discard","discard","discard","discard","discard","discard","discard","Child (2 Dimensions)","High Load","Far (Same)","Far","discard","discard","discard","discard","discard","discard","discard","discard","2 Dimensions","discard","discard","discard","discard","discard","discard","discard","Child (4 item)","discard","discard","discard","Child (4 item)","Child (4 item)","keep"
328,"3629","dedhe",4,"Child","round_2",49,1,"animal","far","same","yes","yes",0,0,0.78,0.22,"high",0.5,0.92,0.94,"2D","2D","pair","iterate","iterate","pair","Pair",0.03,0.03,0.95,NA,0.05,0.87,0.08,0.97,0.01,0.01,NA,NA,NA,NA,NA,0.97,0.04,2,0.87,0.97,1.84,0.04,0.06,0.98,"animal_picture","far","mix","pure","learn_gen","animalpic_animalpic",6,6,12,6,0.96,0.78,"Tail-recursive",0.78,0.97,0.87,0.08,NA,NA,NA,NA,0.97,0.87,0.08,NA,0.97,0.94,"Tail-recursive",0.026,0.026,0.95,NA,0.97,0.01,0,0.01,0.03,0.92,0,"Child_22","2D","M",1,0,0,"no","far_same",NA,NA,NA,NA,NA,NA,NA,"discard","Far (Related)","discard","discard","discard","discard","discard","discard","Child (Animal)","Child (Animal)","discard","discard","discard","discard","discard","discard","discard","discard","discard","discard","discard","discard","discard","discard","discard","discard","discard","discard","discard","discard","discard","discard","Child (2 Dimensions)","High Load","Far (Same)","Far","discard","discard","discard","discard","discard","discard","discard","discard","2 Dimensions","discard","discard","discard","discard","discard","discard","discard","Child (4 item)","discard","discard","discard","Child (4 item)","Child (4 item)","keep"
329,"3631","dedhe",4,"Child","round_2",48,4,"animal","far","same","yes","yes",0.13,0.88,0,0,"low",0.125,0.89,0.92,"2D","2D","queue","iterate","iterate","queue","Queue",0.04,0.93,0.02,NA,0.97,0.02,0.02,0.03,0.93,0.04,NA,NA,NA,NA,NA,0.97,0.06,1,0.97,0.93,1.89,0.05,0.08,0.97,"animal_picture","far","mix","pure","learn_gen","animalpic_animalpic",21,9,30,15,0.94,0.88,"Serial-crossed",0.88,0.97,0.93,0.04,NA,NA,NA,NA,0.97,0.93,0.04,NA,0.97,0.92,"Serial-crossed",0.043,0.934,0.02,NA,0.97,0.02,0,0.02,0.04,0.89,0,"Child_85","2D","F",2.3,12,0.4,"no","far_same",NA,NA,NA,NA,NA,NA,NA,"discard","Far (Related)","discard","discard","discard","discard","discard","discard","Child (Animal)","Child (Animal)","discard","discard","discard","discard","discard","discard","discard","discard","discard","discard","discard","discard","discard","discard","discard","discard","discard","discard","discard","discard","discard","discard","Child (2 Dimensions)","High Load","Far (Same)","Far","discard","discard","discard","discard","discard","discard","discard","discard","2 Dimensions","discard","discard","discard","discard","discard","discard","discard","Child (4 item)","discard","discard","discard","Child (4 item)","Child (4 item)","keep"
330,"3634","dedhe",4,"Child","round_2",40,1,"animal","far","same","yes","yes",0.33,0.44,0,0.22,"low",0.125,0.26,0.45,"not 2D","1D","queue","iterate","iterate","iterate","Iterate",0.31,0.57,0.13,NA,0.87,0.05,0.08,0.1,0.73,0.17,NA,NA,NA,NA,NA,0.87,0.3,1,0.87,0.73,1.6,0.87,0.55,0.82,"animal_picture","far","mix","pure","learn_gen","animalpic_animalpic",10,18,28,14,0.7,0.44,"Serial-crossed",0.44,0.87,0.73,0.17,NA,NA,NA,NA,0.87,0.73,0.17,NA,0.87,0.48,"Serial-crossed",0.307,0.568,0.13,NA,0.87,0.05,0,0.08,0.26,0.87,0,"Child_86","iterate","M",0.6,-8,-0.3,"no","far_same",NA,NA,NA,NA,NA,NA,NA,"discard","Far (Related)","discard","discard","discard","discard","discard","discard","Child (Animal)","Child (Animal)","discard","discard","discard","discard","discard","discard","discard","discard","discard","discard","discard","discard","discard","discard","discard","discard","discard","discard","discard","discard","discard","discard","Child (2 Dimensions)","High Load","Far (Same)","Far","discard","discard","discard","discard","discard","discard","discard","discard","2 Dimensions","discard","discard","discard","discard","discard","discard","discard","Child (4 item)","discard","discard","discard","Child (4 item)","Child (4 item)","keep"
331,"3644","dedhe",4,"Child","round_2",44,1,"animal","far","same","yes","yes",0.33,0,0,0.67,"high",0.625,0.2,0.4,"not 2D","1D","stack","palindrome","palindrome","palindrome","Palindrome",0.47,0.26,0.27,NA,0.29,0.22,0.49,0.22,0.14,0.64,NA,NA,NA,NA,NA,0.64,0.13,2,0.49,0.64,1.13,0.64,0.6,0.8,"animal_picture","far","mix","pure","learn_gen","animalpic_animalpic",4,11,15,7.5,0.87,0,"Serial-crossed",0.33,0.29,0.22,0.64,NA,NA,NA,NA,0.29,0.22,0.64,NA,0.64,0.53,"Center-embedded",0.467,0.265,0.27,NA,0.22,0.14,0,0.64,0.2,0.64,0,"Child_27","palindrome","F",0.4,-7,-0.5,"no","far_same",NA,NA,NA,NA,NA,NA,NA,"discard","Far (Related)","discard","discard","discard","discard","discard","discard","Child (Animal)","Child (Animal)","discard","discard","discard","discard","discard","discard","discard","discard","discard","discard","discard","discard","discard","discard","discard","discard","discard","discard","discard","discard","discard","discard","Child (2 Dimensions)","High Load","Far (Same)","Far","discard","discard","discard","discard","discard","discard","discard","discard","2 Dimensions","discard","discard","discard","discard","discard","discard","discard","Child (4 item)","discard","discard","discard","Child (4 item)","Child (4 item)","keep"
332,"3646","dedhe",4,"Child","round_2",41,1,"animal","far","same","yes","yes",0,0.33,0.11,0.56,"low",0.125,0.23,0.42,"not 2D","1D","queue","palindrome","palindrome","palindrome","Palindrome",0.28,0.5,0.22,NA,0.3,0.22,0.49,0.41,0.41,0.19,NA,NA,NA,NA,NA,0.49,0.18,1,0.49,0.41,0.89,0.49,0.58,0.81,"animal_picture","far","mix","pure","learn_gen","animalpic_animalpic",4,3,7,3.5,0.82,0.33,"Serial-crossed",0.33,0.41,0.41,0.49,NA,NA,NA,NA,0.41,0.41,0.49,NA,0.49,0.52,"Serial-crossed",0.278,0.504,0.22,NA,0.3,0.22,0,0.49,0.23,0.49,0,"Child_87","palindrome","F",1.3,1,0.1,"no","far_same",NA,NA,NA,NA,NA,NA,NA,"discard","Far (Related)","discard","discard","discard","discard","discard","discard","Child (Animal)","Child (Animal)","discard","discard","discard","discard","discard","discard","discard","discard","discard","discard","discard","discard","discard","discard","discard","discard","discard","discard","discard","discard","discard","discard","Child (2 Dimensions)","High Load","Far (Same)","Far","discard","discard","discard","discard","discard","discard","discard","discard","2 Dimensions","discard","discard","discard","discard","discard","discard","discard","Child (4 item)","discard","discard","discard","Child (4 item)","Child (4 item)","keep"
333,"3656","dedhe",4,"Child","round_2",40,1,"animal","far","same","yes","yes",0.25,0,0.13,0.63,"low",0.25,0.02,0.27,"not 2D","1D","stack","palindrome","palindrome","palindrome","Palindrome",0.37,0.35,0.28,NA,0.14,0.12,0.74,0.37,0.37,0.27,NA,NA,NA,NA,NA,0.74,0.19,1,0.74,0.37,1.11,0.74,0.73,0.76,"animal_picture","far","mix","pure","learn_gen","animalpic_animalpic",5,5,10,5,0.81,0.13,"Tail-recursive",0.25,0.37,0.37,0.74,NA,NA,NA,NA,0.37,0.37,0.74,NA,0.74,0.42,"Center-embedded",0.372,0.349,0.28,NA,0.14,0.12,0,0.74,0.02,0.74,0,"Child_88","palindrome","F",1,0,0,"no","far_same",NA,NA,NA,NA,NA,NA,NA,"discard","Far (Related)","discard","discard","discard","discard","discard","discard","Child (Animal)","Child (Animal)","discard","discard","discard","discard","discard","discard","discard","discard","discard","discard","discard","discard","discard","discard","discard","discard","discard","discard","discard","discard","discard","discard","Child (2 Dimensions)","High Load","Far (Same)","Far","discard","discard","discard","discard","discard","discard","discard","discard","2 Dimensions","discard","discard","discard","discard","discard","discard","discard","Child (4 item)","discard","discard","discard","Child (4 item)","Child (4 item)","keep"
334,"3658","dedhe",4,"Child","round_2",45,2,"animal","far","same","yes","yes",0.11,0.44,0,0.44,"low",0,0.55,0.66,"2D","2D","queue","iterate","iterate","queue","Queue",0.14,0.71,0.15,NA,0.64,0.14,0.22,0.29,0.48,0.23,NA,NA,NA,NA,NA,0.64,0.16,1,0.64,0.48,1.12,0.22,0.34,0.89,"animal_picture","far","mix","pure","learn_gen","animalpic_animalpic",5,27,32,16,0.84,0.44,"Serial-crossed",0.44,0.64,0.48,0.23,NA,NA,NA,NA,0.64,0.48,0.23,NA,0.64,0.7,"Serial-crossed",0.14,0.706,0.15,NA,0.64,0.14,0,0.22,0.14,0.55,0,"Child_25","2D","M",0.2,-22,-0.7,"no","far_same",NA,NA,NA,NA,NA,NA,NA,"discard","Far (Related)","discard","discard","discard","discard","discard","discard","Child (Animal)","Child (Animal)","discard","discard","discard","discard","discard","discard","discard","discard","discard","discard","discard","discard","discard","discard","discard","discard","discard","discard","discard","discard","discard","discard","Child (2 Dimensions)","High Load","Far (Same)","Far","discard","discard","discard","discard","discard","discard","discard","discard","2 Dimensions","discard","discard","discard","discard","discard","discard","discard","Child (4 item)","discard","discard","discard","Child (4 item)","Child (4 item)","keep"
335,"S01","dedhe",4,"Child","round_2",48,2,"animal","far","same","yes","yes",0.38,0.13,0.25,0.25,"low",0.375,0.24,0.43,"not 2D","1D","stack","iterate","iterate","iterate","Iterate",0.52,0.2,0.28,NA,0.56,0.21,0.22,0.52,0.18,0.29,NA,NA,NA,NA,NA,0.56,0.41,1,0.56,0.52,1.08,0.56,0.57,0.81,"animal_picture","far","mix","pure","learn_gen","animalpic_animalpic",10,4,14,7,0.59,0.25,"Tail-recursive",0.38,0.56,0.21,0.29,NA,NA,NA,NA,0.56,0.21,0.29,NA,0.56,0.42,"Center-embedded",0.523,0.195,0.28,NA,0.56,0.21,0,0.22,0.24,0.56,0,"Child_28","iterate","M",2.5,6,0.4,"no","far_same",NA,NA,NA,NA,NA,NA,NA,"discard","Far (Related)","discard","discard","discard","discard","discard","discard","Child (Animal)","Child (Animal)","discard","discard","discard","discard","discard","discard","discard","discard","discard","discard","discard","discard","discard","discard","discard","discard","discard","discard","discard","discard","discard","discard","Child (2 Dimensions)","High Load","Far (Same)","Far","discard","discard","discard","discard","discard","discard","discard","discard","2 Dimensions","discard","discard","discard","discard","discard","discard","discard","Child (4 item)","discard","discard","discard","Child (4 item)","Child (4 item)","keep"
336,"S02","dedhe",4,"Child","round_2",54,1,"animal","far","same","yes","yes",0,0,0.38,0.63,"low",0.125,0.48,0.61,"2D","2D","pair","iterate","iterate","pair","Pair",0.18,0.17,0.65,NA,0.18,0.41,0.42,0.93,0.03,0.04,NA,NA,NA,NA,NA,0.93,0.14,2,0.42,0.93,1.34,0.26,0.39,0.87,"animal_picture","far","mix","pure","learn_gen","animalpic_animalpic",7,8,15,7.5,0.86,0.38,"Tail-recursive",0.38,0.93,0.41,0.42,NA,NA,NA,NA,0.93,0.41,0.42,NA,0.93,0.67,"Tail-recursive",0.176,0.169,0.65,NA,0.93,0.03,0,0.04,0.18,0.48,0,"Child_18","2D","M",0.9,-1,-0.1,"no","far_same",NA,NA,NA,NA,NA,NA,NA,"discard","Far (Related)","discard","discard","discard","discard","discard","discard","Child (Animal)","Child (Animal)","discard","discard","discard","discard","discard","discard","discard","discard","discard","discard","discard","discard","discard","discard","discard","discard","discard","discard","discard","discard","discard","discard","Child (2 Dimensions)","High Load","Far (Same)","Far","discard","discard","discard","discard","discard","discard","discard","discard","2 Dimensions","discard","discard","discard","discard","discard","discard","discard","Child (4 item)","discard","discard","discard","Child (4 item)","Child (4 item)","keep"
337,"S03","dedhe",4,"Child","round_2",48,2,"animal","far","same","yes","yes",0,0.25,0.63,0.13,"high",0.5,0.68,0.76,"2D","2D","pair","iterate","iterate","pair","Pair",0.05,0.13,0.81,NA,0.14,0.73,0.12,0.83,0.1,0.07,NA,NA,NA,NA,NA,0.83,0.19,2,0.73,0.83,1.57,0.16,0.24,0.92,"animal_picture","far","mix","pure","learn_gen","animalpic_animalpic",7,4,11,5.5,0.81,0.63,"Tail-recursive",0.63,0.83,0.73,0.12,NA,NA,NA,NA,0.83,0.73,0.12,NA,0.83,0.75,"Tail-recursive",0.054,0.133,0.81,NA,0.83,0.1,0,0.07,0.05,0.68,0,"Child_05","2D","F",1.8,3,0.3,"no","far_same",NA,NA,NA,NA,NA,NA,NA,"discard","Far (Related)","discard","discard","discard","discard","discard","discard","Child (Animal)","Child (Animal)","discard","discard","discard","discard","discard","discard","discard","discard","discard","discard","discard","discard","discard","discard","discard","discard","discard","discard","discard","discard","discard","discard","Child (2 Dimensions)","High Load","Far (Same)","Far","discard","discard","discard","discard","discard","discard","discard","discard","2 Dimensions","discard","discard","discard","discard","discard","discard","discard","Child (4 item)","discard","discard","discard","Child (4 item)","Child (4 item)","keep"
338,"S04","dedhe",4,"Child","round_2",47,2,"animal","far","same","yes","yes",0.44,0.44,0.11,0,"high",1,0.01,0.25,"not 2D","1D","stack","iterate","iterate","iterate","Iterate",0.47,0.46,0.07,NA,0.94,0.03,0.03,0.19,0.41,0.4,NA,NA,NA,NA,NA,0.94,0.68,1,0.94,0.41,1.35,0.94,0.75,0.75,"animal_picture","far","mix","pure","learn_gen","animalpic_animalpic",3,4,7,3.5,0.32,0.44,"Serial-crossed",0.44,0.94,0.41,0.4,NA,NA,NA,NA,0.94,0.41,0.4,NA,0.94,0.16,"Center-embedded",0.467,0.461,0.07,NA,0.94,0.03,0,0.03,0.01,0.94,0,"Child_89","iterate","F",0.8,-1,-0.1,"no","far_same",NA,NA,NA,NA,NA,NA,NA,"discard","Far (Related)","discard","discard","discard","discard","discard","discard","Child (Animal)","Child (Animal)","discard","discard","discard","discard","discard","discard","discard","discard","discard","discard","discard","discard","discard","discard","discard","discard","discard","discard","discard","discard","discard","discard","Child (2 Dimensions)","High Load","Far (Same)","Far","discard","discard","discard","discard","discard","discard","discard","discard","2 Dimensions","discard","discard","discard","discard","discard","discard","discard","Child (4 item)","discard","discard","discard","Child (4 item)","Child (4 item)","keep"
339,"S05","dedhe",4,"Child","round_2",51,3,"animal","far","same","yes","yes",0,0,0.5,0.5,"high",0.625,0.8,0.85,"2D","2D","pair","iterate","iterate","pair","Pair",0.07,0.07,0.87,NA,0.18,0.41,0.41,0.97,0.02,0.02,NA,NA,NA,NA,NA,0.97,0.11,2,0.41,0.97,1.38,0.1,0.15,0.95,"animal_picture","far","mix","pure","learn_gen","animalpic_animalpic",3,3,6,3,0.89,0.5,"Tail-recursive",0.5,0.97,0.41,0.41,NA,NA,NA,NA,0.97,0.41,0.41,NA,0.97,0.84,"Tail-recursive",0.066,0.066,0.87,NA,0.97,0.02,0,0.02,0.07,0.8,0,"Child_90","2D","M",1,0,0,"no","far_same",NA,NA,NA,NA,NA,NA,NA,"discard","Far (Related)","discard","discard","discard","discard","discard","discard","Child (Animal)","Child (Animal)","discard","discard","discard","discard","discard","discard","discard","discard","discard","discard","discard","discard","discard","discard","discard","discard","discard","discard","discard","discard","discard","discard","Child (2 Dimensions)","High Load","Far (Same)","Far","discard","discard","discard","discard","discard","discard","discard","discard","2 Dimensions","discard","discard","discard","discard","discard","discard","discard","Child (4 item)","discard","discard","discard","Child (4 item)","Child (4 item)","keep"
340,"S06","dedhe",4,"Child","round_2",60,2,"animal","far","same","yes","yes",0.13,0.75,0.13,0,"low",0.375,0.84,0.88,"2D","2D","queue","iterate","iterate","queue","Queue",0.05,0.9,0.05,NA,0.93,0.04,0.03,0.07,0.87,0.07,NA,NA,NA,NA,NA,0.93,0.19,1,0.93,0.87,1.79,0.08,0.12,0.96,"animal_picture","far","mix","pure","learn_gen","animalpic_animalpic",4,3,7,3.5,0.81,0.75,"Serial-crossed",0.75,0.93,0.87,0.07,NA,NA,NA,NA,0.93,0.87,0.07,NA,0.93,0.83,"Serial-crossed",0.053,0.897,0.05,NA,0.93,0.04,0,0.03,0.05,0.84,0,"Child_91","2D","M",1.3,1,0.1,"no","far_same",NA,NA,NA,NA,NA,NA,NA,"discard","Far (Related)","discard","discard","discard","discard","discard","discard","Child (Animal)","Child (Animal)","discard","discard","discard","discard","discard","discard","discard","discard","discard","discard","discard","discard","discard","discard","discard","discard","discard","discard","discard","discard","discard","discard","Child (2 Dimensions)","High Load","Far (Same)","Far","discard","discard","discard","discard","discard","discard","discard","discard","2 Dimensions","discard","discard","discard","discard","discard","discard","discard","Child (4 item)","discard","discard","discard","Child (4 item)","Child (4 item)","keep"
341,"S07","dedhe",4,"Child","round_2",45,3,"animal","far","same","yes","yes",0.25,0.13,0.5,0.13,"high",0.5,0.51,0.63,"2D","2D","pair","iterate","iterate","pair","Pair",0.19,0.12,0.69,NA,0.3,0.51,0.19,0.73,0.12,0.15,NA,NA,NA,NA,NA,0.73,0.44,2,0.51,0.73,1.24,0.25,0.37,0.88,"animal_picture","far","mix","pure","learn_gen","animalpic_animalpic",9,3,12,6,0.56,0.5,"Tail-recursive",0.5,0.73,0.51,0.19,NA,NA,NA,NA,0.73,0.51,0.19,NA,0.73,0.53,"Tail-recursive",0.186,0.12,0.69,NA,0.73,0.12,0,0.15,0.19,0.51,0,"Child_12","2D","F",3,6,0.5,"no","far_same",NA,NA,NA,NA,NA,NA,NA,"discard","Far (Related)","discard","discard","discard","discard","discard","discard","Child (Animal)","Child (Animal)","discard","discard","discard","discard","discard","discard","discard","discard","discard","discard","discard","discard","discard","discard","discard","discard","discard","discard","discard","discard","discard","discard","Child (2 Dimensions)","High Load","Far (Same)","Far","discard","discard","discard","discard","discard","discard","discard","discard","2 Dimensions","discard","discard","discard","discard","discard","discard","discard","Child (4 item)","discard","discard","discard","Child (4 item)","Child (4 item)","keep"
342,"S09","dedhe",4,"Child","round_2",51,1,"animal","far","same","yes","yes",0.33,0.44,0.22,0,"high",0.75,0.25,0.44,"not 2D","1D","queue","iterate","iterate","iterate","Iterate",0.3,0.55,0.16,NA,0.87,0.08,0.05,0.22,0.47,0.3,NA,NA,NA,NA,NA,0.87,0.79,1,0.87,0.47,1.35,0.87,0.56,0.81,"animal_picture","far","mix","pure","learn_gen","animalpic_animalpic",11,13,24,12,0.21,0.44,"Serial-crossed",0.44,0.87,0.47,0.3,NA,NA,NA,NA,0.87,0.47,0.3,NA,0.87,0.23,"Serial-crossed",0.295,0.549,0.16,NA,0.87,0.08,0,0.05,0.25,0.87,0,"Child_23","iterate","M",0.8,-2,-0.1,"no","far_same",NA,NA,NA,NA,NA,NA,NA,"discard","Far (Related)","discard","discard","discard","discard","discard","discard","Child (Animal)","Child (Animal)","discard","discard","discard","discard","discard","discard","discard","discard","discard","discard","discard","discard","discard","discard","discard","discard","discard","discard","discard","discard","discard","discard","Child (2 Dimensions)","High Load","Far (Same)","Far","discard","discard","discard","discard","discard","discard","discard","discard","2 Dimensions","discard","discard","discard","discard","discard","discard","discard","Child (4 item)","discard","discard","discard","Child (4 item)","Child (4 item)","keep"
343,"S10","dedhe",4,"Child","round_2",73,3,"animal","far","same","yes","yes",0,0,0.63,0.38,"high",0.5,0.86,0.9,"2D","2D","pair","iterate","iterate","pair","Pair",0.05,0.05,0.91,NA,0.14,0.64,0.21,0.97,0.02,0.02,NA,NA,NA,NA,NA,0.97,0.07,2,0.64,0.97,1.61,0.07,0.1,0.97,"animal_picture","far","mix","pure","learn_gen","animalpic_animalpic",7,5,12,6,0.93,0.63,"Tail-recursive",0.63,0.97,0.64,0.21,NA,NA,NA,NA,0.97,0.64,0.21,NA,0.97,0.89,"Tail-recursive",0.046,0.045,0.91,NA,0.97,0.02,0,0.02,0.05,0.86,0,"Child_29","2D","F",1.4,2,0.2,"no","far_same",NA,NA,NA,NA,NA,NA,NA,"discard","Far (Related)","discard","discard","discard","discard","discard","discard","Child (Animal)","Child (Animal)","discard","discard","discard","discard","discard","discard","discard","discard","discard","discard","discard","discard","discard","discard","discard","discard","discard","discard","discard","discard","discard","discard","Child (2 Dimensions)","High Load","Far (Same)","Far","discard","discard","discard","discard","discard","discard","discard","discard","2 Dimensions","discard","discard","discard","discard","discard","discard","discard","Child (4 item)","discard","discard","discard","Child (4 item)","Child (4 item)","keep"
344,"S11","dedhe",4,"Child","round_2",70,3,"animal","far","same","yes","yes",0.33,0.44,0,0.22,"high",0.875,0.26,0.44,"not 2D","1D","queue","iterate","iterate","iterate","Iterate",0.31,0.57,0.12,NA,0.87,0.08,0.05,0.16,0.32,0.52,NA,NA,NA,NA,NA,0.87,0.3,1,0.87,0.52,1.4,0.87,0.56,0.81,"animal_picture","far","mix","pure","learn_gen","animalpic_animalpic",4,4,8,4,0.7,0.44,"Serial-crossed",0.44,0.87,0.32,0.52,NA,NA,NA,NA,0.87,0.32,0.52,NA,0.87,0.48,"Serial-crossed",0.309,0.569,0.12,NA,0.87,0.08,0,0.05,0.26,0.87,0,"Child_36","iterate","M",1,0,0,"no","far_same",NA,NA,NA,NA,NA,NA,NA,"discard","Far (Related)","discard","discard","discard","discard","discard","discard","Child (Animal)","Child (Animal)","discard","discard","discard","discard","discard","discard","discard","discard","discard","discard","discard","discard","discard","discard","discard","discard","discard","discard","discard","discard","discard","discard","Child (2 Dimensions)","High Load","Far (Same)","Far","discard","discard","discard","discard","discard","discard","discard","discard","2 Dimensions","discard","discard","discard","discard","discard","discard","discard","Child (4 item)","discard","discard","discard","Child (4 item)","Child (4 item)","keep"
345,"S12","dedhe",4,"Child","round_2",48,1,"animal","far","same","yes","yes",0,0.13,0.38,0.5,"high",0.5,0.29,0.47,"not 2D","1D","pair","iterate","iterate","iterate","Iterate",0.25,0.21,0.54,NA,0.12,0.73,0.15,0.74,0.12,0.14,NA,NA,NA,NA,NA,0.74,0.19,2,0.73,0.74,1.47,0.74,0.53,0.82,"animal_picture","far","mix","pure","learn_gen","animalpic_animalpic",4,16,20,10,0.81,0.38,"Tail-recursive",0.38,0.74,0.73,0.15,NA,NA,NA,NA,0.74,0.73,0.15,NA,0.74,0.55,"Tail-recursive",0.252,0.206,0.54,NA,0.74,0.12,0,0.14,0.25,0.74,0,"Child_84","iterate","F",0.3,-12,-0.6,"no","far_same",NA,NA,NA,NA,NA,NA,NA,"discard","Far (Related)","discard","discard","discard","discard","discard","discard","Child (Animal)","Child (Animal)","discard","discard","discard","discard","discard","discard","discard","discard","discard","discard","discard","discard","discard","discard","discard","discard","discard","discard","discard","discard","discard","discard","Child (2 Dimensions)","High Load","Far (Same)","Far","discard","discard","discard","discard","discard","discard","discard","discard","2 Dimensions","discard","discard","discard","discard","discard","discard","discard","Child (4 item)","discard","discard","discard","Child (4 item)","Child (4 item)","keep"
346,"S14","dedhe",4,"Child","round_2",48,3,"animal","far","same","yes","yes",0,0,0,1,"high",0.625,0.01,0.26,"not 2D","1D","stack","palindrome","palindrome","palindrome","Palindrome",0.34,0.33,0.33,NA,0.07,0.1,0.83,0.83,0.07,0.1,NA,NA,NA,NA,NA,0.83,0.1,1,0.83,0.83,1.66,0.83,0.74,0.75,"animal_picture","far","mix","pure","learn_gen","animalpic_animalpic",8,8,16,8,0.9,0,"Serial-crossed",0,0.83,0.1,0.83,NA,NA,NA,NA,0.83,0.1,0.83,NA,0.83,0.46,"Center-embedded",0.34,0.33,0.33,NA,0.07,0.1,0,0.83,0.01,0.83,0,"Child_14","palindrome","F",1,0,0,"no","far_same",NA,NA,NA,NA,NA,NA,NA,"discard","Far (Related)","discard","discard","discard","discard","discard","discard","Child (Animal)","Child (Animal)","discard","discard","discard","discard","discard","discard","discard","discard","discard","discard","discard","discard","discard","discard","discard","discard","discard","discard","discard","discard","discard","discard","Child (2 Dimensions)","High Load","Far (Same)","Far","discard","discard","discard","discard","discard","discard","discard","discard","2 Dimensions","discard","discard","discard","discard","discard","discard","discard","Child (4 item)","discard","discard","discard","Child (4 item)","Child (4 item)","keep"
347,"S15","dedhe",4,"Child","round_2",53,2,"animal","far","same","yes","yes",0.88,0.13,0,0,"high",0.75,0.89,0.92,"2D","2D","stack","iterate","iterate","stack","Stack",0.93,0.04,0.02,NA,0.97,0.02,0.02,0.03,0.04,0.93,NA,NA,NA,NA,NA,0.97,0.06,1,0.97,0.93,1.89,0.05,0.08,0.97,"animal_picture","far","mix","pure","learn_gen","animalpic_animalpic",4,4,8,4,0.94,0.13,"Serial-crossed",0.88,0.97,0.04,0.93,NA,NA,NA,NA,0.97,0.04,0.93,NA,0.97,0.92,"Center-embedded",0.935,0.043,0.02,NA,0.97,0.02,0,0.02,0.89,0.89,1,"Child_04","2D","F",1,0,0,"yes","far_same",NA,NA,NA,NA,NA,NA,NA,"discard","Far (Related)","discard","discard","discard","discard","discard","discard","Child (Animal)","Child (Animal)","discard","discard","discard","discard","discard","discard","discard","discard","discard","discard","discard","discard","discard","discard","discard","discard","discard","discard","discard","discard","discard","discard","Child (2 Dimensions)","High Load","Far (Same)","Far","discard","discard","discard","discard","discard","discard","discard","discard","2 Dimensions","discard","discard","discard","discard","discard","discard","discard","Child (4 item)","discard","discard","discard","Child (4 item)","Child (4 item)","keep"
348,"S16","dedhe",4,"Child","round_2",45,2,"animal","far","same","yes","yes",0.11,0.11,0.67,0.11,"low",0.375,0.83,0.87,"2D","2D","pair","iterate","iterate","pair","Pair",0.06,0.06,0.89,NA,0.1,0.81,0.09,0.9,0.05,0.05,NA,NA,NA,NA,NA,0.9,0.15,2,0.81,0.9,1.71,0.09,0.13,0.96,"animal_picture","far","mix","pure","learn_gen","animalpic_animalpic",18,6,24,12,0.85,0.67,"Tail-recursive",0.67,0.9,0.81,0.09,NA,NA,NA,NA,0.9,0.81,0.09,NA,0.9,0.84,"Tail-recursive",0.058,0.057,0.89,NA,0.9,0.05,0,0.05,0.06,0.83,0,"Child_92","2D","M",3,12,0.5,"no","far_same",NA,NA,NA,NA,NA,NA,NA,"discard","Far (Related)","discard","discard","discard","discard","discard","discard","Child (Animal)","Child (Animal)","discard","discard","discard","discard","discard","discard","discard","discard","discard","discard","discard","discard","discard","discard","discard","discard","discard","discard","discard","discard","discard","discard","Child (2 Dimensions)","High Load","Far (Same)","Far","discard","discard","discard","discard","discard","discard","discard","discard","2 Dimensions","discard","discard","discard","discard","discard","discard","discard","Child (4 item)","discard","discard","discard","Child (4 item)","Child (4 item)","keep"
349,"S18","dedhe",4,"Child","round_2",56,2,"animal","far","same","yes","yes",0.5,0.25,0.13,0.13,"high",0.75,0.51,0.63,"2D","2D","stack","iterate","iterate","stack","Stack",0.7,0.19,0.12,NA,0.84,0.1,0.07,0.12,0.14,0.74,NA,NA,NA,NA,NA,0.84,0.44,1,0.84,0.74,1.57,0.25,0.37,0.88,"animal_picture","far","mix","pure","learn_gen","animalpic_animalpic",9,3,12,6,0.56,0.25,"Serial-crossed",0.5,0.84,0.14,0.74,NA,NA,NA,NA,0.84,0.14,0.74,NA,0.84,0.54,"Center-embedded",0.696,0.186,0.12,NA,0.84,0.1,0,0.07,0.51,0.51,1,"Child_93","2D","F",3,6,0.5,"yes","far_same",NA,NA,NA,NA,NA,NA,NA,"discard","Far (Related)","discard","discard","discard","discard","discard","discard","Child (Animal)","Child (Animal)","discard","discard","discard","discard","discard","discard","discard","discard","discard","discard","discard","discard","discard","discard","discard","discard","discard","discard","discard","discard","discard","discard","Child (2 Dimensions)","High Load","Far (Same)","Far","discard","discard","discard","discard","discard","discard","discard","discard","2 Dimensions","discard","discard","discard","discard","discard","discard","discard","Child (4 item)","discard","discard","discard","Child (4 item)","Child (4 item)","keep"
350,"S19","dedhe",4,"Child","round_2",59,2,"animal","far","same","yes","yes",0.56,0.44,0,0,"high",0.625,0.17,0.38,"not 2D","1D","stack","iterate","iterate","iterate","Iterate",0.57,0.4,0.03,NA,0.97,0.01,0.01,0.15,0.32,0.53,NA,NA,NA,NA,NA,0.97,0.35,1,0.97,0.53,1.5,0.97,0.62,0.79,"animal_picture","far","mix","pure","learn_gen","animalpic_animalpic",3,4,7,3.5,0.65,0.44,"Serial-crossed",0.56,0.97,0.32,0.53,NA,NA,NA,NA,0.97,0.32,0.53,NA,0.97,0.41,"Center-embedded",0.572,0.399,0.03,NA,0.97,0.01,0,0.01,0.17,0.97,0,"Child_02","iterate","F",0.8,-1,-0.1,"no","far_same",NA,NA,NA,NA,NA,NA,NA,"discard","Far (Related)","discard","discard","discard","discard","discard","discard","Child (Animal)","Child (Animal)","discard","discard","discard","discard","discard","discard","discard","discard","discard","discard","discard","discard","discard","discard","discard","discard","discard","discard","discard","discard","discard","discard","Child (2 Dimensions)","High Load","Far (Same)","Far","discard","discard","discard","discard","discard","discard","discard","discard","2 Dimensions","discard","discard","discard","discard","discard","discard","discard","Child (4 item)","discard","discard","discard","Child (4 item)","Child (4 item)","keep"
351,"S20","dedhe",4,"Child","round_2",68,4,"animal","far","same","yes","yes",0.44,0.44,0,0.11,"high",0.875,0,0.25,"not 2D","1D","queue","iterate","iterate","iterate","Iterate",0.47,0.47,0.07,NA,0.94,0.03,0.03,0.15,0.32,0.53,NA,NA,NA,NA,NA,0.94,0.34,1,0.94,0.53,1.47,0.94,0.75,0.75,"animal_picture","far","mix","pure","learn_gen","animalpic_animalpic",7,10,17,8.5,0.66,0.44,"Serial-crossed",0.44,0.94,0.32,0.53,NA,NA,NA,NA,0.94,0.32,0.53,NA,0.94,0.33,"Center-embedded",0.466,0.468,0.07,NA,0.94,0.03,0,0.03,0,0.94,0,"Child_46","iterate","M",0.7,-3,-0.2,"no","far_same",NA,NA,NA,NA,NA,NA,NA,"discard","Far (Related)","discard","discard","discard","discard","discard","discard","Child (Animal)","Child (Animal)","discard","discard","discard","discard","discard","discard","discard","discard","discard","discard","discard","discard","discard","discard","discard","discard","discard","discard","discard","discard","discard","discard","Child (2 Dimensions)","High Load","Far (Same)","Far","discard","discard","discard","discard","discard","discard","discard","discard","2 Dimensions","discard","discard","discard","discard","discard","discard","discard","Child (4 item)","discard","discard","discard","Child (4 item)","Child (4 item)","keep"
352,"S22","dedhe",4,"Child","round_2",53,1,"animal","far","same","yes","yes",0.25,0,0.25,0.5,"low",0.25,0,0.25,"not 2D","1D","pair","iterate","iterate","iterate","Iterate",0.35,0.31,0.35,NA,0.26,0.37,0.37,0.52,0.18,0.3,NA,NA,NA,NA,NA,0.52,0.23,2,0.37,0.52,0.89,0.52,0.75,0.75,"animal_picture","far","mix","pure","learn_gen","animalpic_animalpic",5,11,16,8,0.77,0.25,"Tail-recursive",0.25,0.52,0.37,0.37,NA,NA,NA,NA,0.52,0.37,0.37,NA,0.52,0.38,"Center-embedded",0.346,0.307,0.35,NA,0.52,0.18,0,0.3,0,0.52,0,"Child_16","iterate","F",0.5,-6,-0.4,"no","far_same",NA,NA,NA,NA,NA,NA,NA,"discard","Far (Related)","discard","discard","discard","discard","discard","discard","Child (Animal)","Child (Animal)","discard","discard","discard","discard","discard","discard","discard","discard","discard","discard","discard","discard","discard","discard","discard","discard","discard","discard","discard","discard","discard","discard","Child (2 Dimensions)","High Load","Far (Same)","Far","discard","discard","discard","discard","discard","discard","discard","discard","2 Dimensions","discard","discard","discard","discard","discard","discard","discard","Child (4 item)","discard","discard","discard","Child (4 item)","Child (4 item)","keep"
353,"S23","dedhe",4,"Child","round_2",67,2,"animal","far","same","yes","yes",0.75,0.13,0,0.13,"high",0.5,0.86,0.9,"2D","2D","stack","iterate","iterate","stack","Stack",0.91,0.05,0.03,NA,0.93,0.03,0.04,0.06,0.07,0.87,NA,NA,NA,NA,NA,0.93,0.08,1,0.93,0.87,1.8,0.07,0.1,0.97,"animal_picture","far","mix","pure","learn_gen","animalpic_animalpic",4,6,10,5,0.92,0.13,"Serial-crossed",0.75,0.93,0.07,0.87,NA,NA,NA,NA,0.93,0.07,0.87,NA,0.93,0.89,"Center-embedded",0.914,0.052,0.03,NA,0.93,0.03,0,0.04,0.86,0.86,1,"Child_44","2D","M",0.7,-2,-0.2,"yes","far_same",NA,NA,NA,NA,NA,NA,NA,"discard","Far (Related)","discard","discard","discard","discard","discard","discard","Child (Animal)","Child (Animal)","discard","discard","discard","discard","discard","discard","discard","discard","discard","discard","discard","discard","discard","discard","discard","discard","discard","discard","discard","discard","discard","discard","Child (2 Dimensions)","High Load","Far (Same)","Far","discard","discard","discard","discard","discard","discard","discard","discard","2 Dimensions","discard","discard","discard","discard","discard","discard","discard","Child (4 item)","discard","discard","discard","Child (4 item)","Child (4 item)","keep"
354,"S24","dedhe",4,"Child","round_2",68,2,"animal","far","same","yes","yes",0.88,0.13,0,0,"high",1,0.89,0.92,"2D","2D","stack","iterate","iterate","stack","Stack",0.93,0.04,0.02,NA,0.97,0.02,0.02,0.03,0.04,0.93,NA,NA,NA,NA,NA,0.97,0.05,1,0.97,0.93,1.89,0.05,0.08,0.97,"animal_picture","far","mix","pure","learn_gen","animalpic_animalpic",4,3,7,3.5,0.95,0.13,"Serial-crossed",0.88,0.97,0.04,0.93,NA,NA,NA,NA,0.97,0.04,0.93,NA,0.97,0.92,"Center-embedded",0.934,0.044,0.02,NA,0.97,0.02,0,0.02,0.89,0.89,1,"Child_40","2D","M",1.3,1,0.1,"yes","far_same",NA,NA,NA,NA,NA,NA,NA,"discard","Far (Related)","discard","discard","discard","discard","discard","discard","Child (Animal)","Child (Animal)","discard","discard","discard","discard","discard","discard","discard","discard","discard","discard","discard","discard","discard","discard","discard","discard","discard","discard","discard","discard","discard","discard","Child (2 Dimensions)","High Load","Far (Same)","Far","discard","discard","discard","discard","discard","discard","discard","discard","2 Dimensions","discard","discard","discard","discard","discard","discard","discard","Child (4 item)","discard","discard","discard","Child (4 item)","Child (4 item)","keep"
355,"S25","dedhe",4,"Child","round_2",56,2,"animal","far","same","yes","yes",0,0,0.88,0.13,"high",0.75,0.93,0.95,"2D","2D","pair","alternate","seriate","pair","Pair",0.02,0.02,0.95,NA,0.02,0.97,0.02,0.93,0.03,0.04,NA,NA,NA,NA,NA,0.97,0.03,1,0.97,0.93,1.89,0.04,0.05,0.98,"animal_picture","far","mix","pure","learn_gen","animalpic_animalpic",4,3,7,3.5,0.97,0.88,"Tail-recursive",0.88,0.93,0.97,0.04,NA,NA,NA,NA,0.93,0.97,0.04,NA,0.97,0.95,"Tail-recursive",0.024,0.023,0.95,NA,0.02,0.97,0,0.02,0.02,0.93,0,"Child_41","2D","M",1.3,1,0.1,"no","far_same",NA,NA,NA,NA,NA,NA,NA,"discard","Far (Related)","discard","discard","discard","discard","discard","discard","Child (Animal)","Child (Animal)","discard","discard","discard","discard","discard","discard","discard","discard","discard","discard","discard","discard","discard","discard","discard","discard","discard","discard","discard","discard","discard","discard","Child (2 Dimensions)","High Load","Far (Same)","Far","discard","discard","discard","discard","discard","discard","discard","discard","2 Dimensions","discard","discard","discard","discard","discard","discard","discard","Child (4 item)","discard","discard","discard","Child (4 item)","Child (4 item)","keep"
356,"S26","dedhe",4,"Child","round_2",70,3,"animal","far","same","yes","yes",0.67,0.22,0,0.11,"high",0.5,0.74,0.81,"2D","2D","stack","iterate","iterate","stack","Stack",0.85,0.11,0.04,NA,0.94,0.03,0.04,0.09,0.1,0.81,NA,NA,NA,NA,NA,0.94,0.13,1,0.94,0.81,1.75,0.13,0.19,0.94,"animal_picture","far","mix","pure","learn_gen","animalpic_animalpic",4,12,16,8,0.87,0.22,"Serial-crossed",0.67,0.94,0.1,0.81,NA,NA,NA,NA,0.94,0.1,0.81,NA,0.94,0.81,"Center-embedded",0.852,0.108,0.04,NA,0.94,0.03,0,0.04,0.74,0.74,1,"Child_34","2D","M",0.3,-8,-0.5,"yes","far_same",NA,NA,NA,NA,NA,NA,NA,"discard","Far (Related)","discard","discard","discard","discard","discard","discard","Child (Animal)","Child (Animal)","discard","discard","discard","discard","discard","discard","discard","discard","discard","discard","discard","discard","discard","discard","discard","discard","discard","discard","discard","discard","discard","discard","Child (2 Dimensions)","High Load","Far (Same)","Far","discard","discard","discard","discard","discard","discard","discard","discard","2 Dimensions","discard","discard","discard","discard","discard","discard","discard","Child (4 item)","discard","discard","discard","Child (4 item)","Child (4 item)","keep"
357,"S27","dedhe",4,"Child","round_2",68,4,"animal","far","same","yes","yes",0.44,0.56,0,0,"high",0.5,0.17,0.38,"not 2D","1D","queue","iterate","iterate","iterate","Iterate",0.4,0.57,0.03,NA,0.97,0.01,0.01,0.16,0.52,0.32,NA,NA,NA,NA,NA,0.97,0.34,1,0.97,0.52,1.5,0.97,0.62,0.79,"animal_picture","far","mix","pure","learn_gen","animalpic_animalpic",4,10,14,7,0.66,0.56,"Serial-crossed",0.56,0.97,0.52,0.32,NA,NA,NA,NA,0.97,0.52,0.32,NA,0.97,0.42,"Serial-crossed",0.398,0.573,0.03,NA,0.97,0.01,0,0.01,0.17,0.97,0,"Child_94","iterate","M",0.4,-6,-0.4,"no","far_same",NA,NA,NA,NA,NA,NA,NA,"discard","Far (Related)","discard","discard","discard","discard","discard","discard","Child (Animal)","Child (Animal)","discard","discard","discard","discard","discard","discard","discard","discard","discard","discard","discard","discard","discard","discard","discard","discard","discard","discard","discard","discard","discard","discard","Child (2 Dimensions)","High Load","Far (Same)","Far","discard","discard","discard","discard","discard","discard","discard","discard","2 Dimensions","discard","discard","discard","discard","discard","discard","discard","Child (4 item)","discard","discard","discard","Child (4 item)","Child (4 item)","keep"
358,"S28","dedhe",4,"Child","round_2",70,4,"animal","far","same","yes","yes",0,0,0.44,0.56,"high",0.625,0.47,0.6,"2D","2D","pair","iterate","iterate","pair","Pair",0.18,0.17,0.65,NA,0.1,0.73,0.17,0.81,0.09,0.11,NA,NA,NA,NA,NA,0.81,0.12,2,0.73,0.81,1.53,0.26,0.4,0.87,"animal_picture","far","mix","pure","learn_gen","animalpic_animalpic",12,4,16,8,0.88,0.44,"Tail-recursive",0.44,0.81,0.73,0.17,NA,NA,NA,NA,0.81,0.73,0.17,NA,0.81,0.68,"Tail-recursive",0.178,0.171,0.65,NA,0.81,0.09,0,0.11,0.18,0.47,0,"Child_95","2D","F",3,8,0.5,"no","far_same",NA,NA,NA,NA,NA,NA,NA,"discard","Far (Related)","discard","discard","discard","discard","discard","discard","Child (Animal)","Child (Animal)","discard","discard","discard","discard","discard","discard","discard","discard","discard","discard","discard","discard","discard","discard","discard","discard","discard","discard","discard","discard","discard","discard","Child (2 Dimensions)","High Load","Far (Same)","Far","discard","discard","discard","discard","discard","discard","discard","discard","2 Dimensions","discard","discard","discard","discard","discard","discard","discard","Child (4 item)","discard","discard","discard","Child (4 item)","Child (4 item)","keep"
359,"S29","dedhe",4,"Child","round_2",69,2,"animal","far","same","yes","yes",0,0,1,0,"low",0.375,0.96,0.97,"2D","2D","pair","iterate","iterate","pair","Pair",0.01,0.01,0.97,NA,0.02,0.97,0.02,0.97,0.02,0.02,NA,NA,NA,NA,NA,0.97,0.02,2,0.97,0.97,1.94,0.02,0.03,0.99,"animal_picture","far","mix","pure","learn_gen","animalpic_animalpic",4,9,13,6.5,0.98,1,"Tail-recursive",1,0.97,0.97,0.02,NA,NA,NA,NA,0.97,0.97,0.02,NA,0.97,0.97,"Tail-recursive",0.014,0.014,0.97,NA,0.97,0.02,0,0.02,0.01,0.96,0,"Child_42","2D","F",0.4,-5,-0.4,"no","far_same",NA,NA,NA,NA,NA,NA,NA,"discard","Far (Related)","discard","discard","discard","discard","discard","discard","Child (Animal)","Child (Animal)","discard","discard","discard","discard","discard","discard","discard","discard","discard","discard","discard","discard","discard","discard","discard","discard","discard","discard","discard","discard","discard","discard","Child (2 Dimensions)","High Load","Far (Same)","Far","discard","discard","discard","discard","discard","discard","discard","discard","2 Dimensions","discard","discard","discard","discard","discard","discard","discard","Child (4 item)","discard","discard","discard","Child (4 item)","Child (4 item)","keep"
430,"2768","dedhe",4,"Adult",NA,NA,NA,"animal","far","same","yes","yes",1,0,0,0,"high",0.5,0.96,0.97,"2D","2D","stack","iterate","iterate","stack","Stack",0.98,0.01,0.01,NA,0.97,0.01,0.01,0.01,0.01,0.97,NA,NA,NA,NA,NA,0.97,0.02,1,0.97,0.97,1.94,0.02,0.03,0.99,"animal_picture","far","mix","pure","learn_gen","animalpic_animalpic",13,8,21,10.5,0.98,0,"Serial-crossed",1,0.97,0.01,0.97,NA,NA,NA,NA,0.97,0.01,0.97,NA,0.97,0.97,"Center-embedded",0.975,0.012,0.01,NA,0.97,0.01,0,0.01,0.96,0.96,1,NA,"2D",NA,1.6,5,0.2,"yes","far_same",NA,NA,NA,NA,NA,NA,NA,"discard","Far (Related)","discard","discard","discard","discard","discard","discard","Adult (Animal)","Adult (Animal)","discard","discard","discard","discard","discard","discard","discard","discard","discard","discard","discard","discard","discard","discard","discard","discard","discard","discard","discard","discard","discard","discard","Adult (2 Dimensions)","High Load","Far (Same)","Far","discard","discard","discard","discard","discard","discard","discard","discard","2 Dimensions","discard","discard","discard","discard","discard","discard","discard","Adult (4 item)","discard","discard","discard","Adult (4 item)","Adult (4 item)","keep"
431,"2769","dedhe",4,"Adult",NA,NA,NA,"animal","far","same","yes","yes",1,0,0,0,"high",1,0.96,0.97,"2D","2D","stack","palindrome","palindrome","stack","Stack",0.98,0.01,0.01,NA,0.97,0.01,0.01,0.01,0.01,0.97,NA,NA,NA,NA,NA,0.97,0.02,2,0.97,0.97,1.94,0.02,0.03,0.99,"animal_picture","far","mix","pure","learn_gen","animalpic_animalpic",16,3,19,9.5,0.98,0,"Serial-crossed",1,0.97,0.01,0.97,NA,NA,NA,NA,0.97,0.01,0.97,NA,0.97,0.97,"Center-embedded",0.975,0.013,0.01,NA,0.01,0.01,0,0.97,0.96,0.96,1,NA,"2D",NA,5.3,13,0.7,"yes","far_same",NA,NA,NA,NA,NA,NA,NA,"discard","Far (Related)","discard","discard","discard","discard","discard","discard","Adult (Animal)","Adult (Animal)","discard","discard","discard","discard","discard","discard","discard","discard","discard","discard","discard","discard","discard","discard","discard","discard","discard","discard","discard","discard","discard","discard","Adult (2 Dimensions)","High Load","Far (Same)","Far","discard","discard","discard","discard","discard","discard","discard","discard","2 Dimensions","discard","discard","discard","discard","discard","discard","discard","Adult (4 item)","discard","discard","discard","Adult (4 item)","Adult (4 item)","keep"
432,"2770","dedhe",4,"Adult",NA,NA,NA,"animal","far","same","yes","yes",0.67,0.33,0,0,"high",0.75,0.51,0.63,"2D","2D","stack","iterate","iterate","stack","Stack",0.74,0.23,0.03,NA,0.97,0.01,0.01,0.1,0.17,0.73,NA,NA,NA,NA,NA,0.97,0.24,1,0.97,0.73,1.7,0.24,0.37,0.88,"animal_picture","far","mix","pure","learn_gen","animalpic_animalpic",12,6,18,9,0.76,0.33,"Serial-crossed",0.67,0.97,0.17,0.73,NA,NA,NA,NA,0.97,0.17,0.73,NA,0.97,0.64,"Center-embedded",0.742,0.231,0.03,NA,0.97,0.01,0,0.01,0.51,0.51,1,NA,"2D",NA,2,6,0.3,"yes","far_same",NA,NA,NA,NA,NA,NA,NA,"discard","Far (Related)","discard","discard","discard","discard","discard","discard","Adult (Animal)","Adult (Animal)","discard","discard","discard","discard","discard","discard","discard","discard","discard","discard","discard","discard","discard","discard","discard","discard","discard","discard","discard","discard","discard","discard","Adult (2 Dimensions)","High Load","Far (Same)","Far","discard","discard","discard","discard","discard","discard","discard","discard","2 Dimensions","discard","discard","discard","discard","discard","discard","discard","Adult (4 item)","discard","discard","discard","Adult (4 item)","Adult (4 item)","keep"
433,"2771","dedhe",4,"Adult",NA,NA,NA,"animal","far","same","yes","yes",0.89,0,0,0.11,"high",1,0.94,0.96,"2D","2D","stack","iterate","iterate","stack","Stack",0.96,0.02,0.02,NA,0.94,0.03,0.03,0.04,0.03,0.94,NA,NA,NA,NA,NA,0.94,0.02,1,0.94,0.94,1.88,0.03,0.04,0.99,"animal_picture","far","mix","pure","learn_gen","animalpic_animalpic",35,3,38,19,0.98,0,"Serial-crossed",0.89,0.94,0.03,0.94,NA,NA,NA,NA,0.94,0.03,0.94,NA,0.94,0.96,"Center-embedded",0.962,0.019,0.02,NA,0.94,0.03,0,0.03,0.94,0.94,1,NA,"2D",NA,11.7,32,0.8,"yes","far_same",NA,NA,NA,NA,NA,NA,NA,"discard","Far (Related)","discard","discard","discard","discard","discard","discard","Adult (Animal)","Adult (Animal)","discard","discard","discard","discard","discard","discard","discard","discard","discard","discard","discard","discard","discard","discard","discard","discard","discard","discard","discard","discard","discard","discard","Adult (2 Dimensions)","High Load","Far (Same)","Far","discard","discard","discard","discard","discard","discard","discard","discard","2 Dimensions","discard","discard","discard","discard","discard","discard","discard","Adult (4 item)","discard","discard","discard","Adult (4 item)","Adult (4 item)","keep"
434,"2772","dedhe",4,"Adult",NA,NA,NA,"animal","far","same","yes","yes",0.78,0.11,0,0.11,"high",1,0.89,0.92,"2D","2D","stack","iterate","iterate","stack","Stack",0.94,0.04,0.02,NA,0.97,0.02,0.02,0.03,0.04,0.93,NA,NA,NA,NA,NA,0.97,0.05,1,0.97,0.93,1.89,0.05,0.08,0.97,"animal_picture","far","mix","pure","learn_gen","animalpic_animalpic",3,3,6,3,0.95,0.11,"Serial-crossed",0.78,0.97,0.04,0.93,NA,NA,NA,NA,0.97,0.04,0.93,NA,0.97,0.92,"Center-embedded",0.935,0.043,0.02,NA,0.97,0.02,0,0.02,0.89,0.89,1,NA,"2D",NA,1,0,0,"yes","far_same",NA,NA,NA,NA,NA,NA,NA,"discard","Far (Related)","discard","discard","discard","discard","discard","discard","Adult (Animal)","Adult (Animal)","discard","discard","discard","discard","discard","discard","discard","discard","discard","discard","discard","discard","discard","discard","discard","discard","discard","discard","discard","discard","discard","discard","Adult (2 Dimensions)","High Load","Far (Same)","Far","discard","discard","discard","discard","discard","discard","discard","discard","2 Dimensions","discard","discard","discard","discard","discard","discard","discard","Adult (4 item)","discard","discard","discard","Adult (4 item)","Adult (4 item)","keep"
435,"2773","dedhe",4,"Adult",NA,NA,NA,"animal","far","same","yes","yes",0.67,0,0.22,0.11,"high",1,0.73,0.8,"2D","2D","stack","palindrome","palindrome","stack","Stack",0.85,0.03,0.12,NA,0.83,0.1,0.07,0.1,0.07,0.83,NA,NA,NA,NA,NA,0.83,0.15,2,0.83,0.83,1.67,0.13,0.2,0.93,"animal_picture","far","mix","pure","learn_gen","animalpic_animalpic",6,3,9,4.5,0.85,0.22,"Tail-recursive",0.67,0.83,0.1,0.83,NA,NA,NA,NA,0.83,0.1,0.83,NA,0.83,0.79,"Center-embedded",0.851,0.029,0.12,NA,0.1,0.07,0,0.83,0.73,0.73,1,NA,"2D",NA,2,3,0.3,"yes","far_same",NA,NA,NA,NA,NA,NA,NA,"discard","Far (Related)","discard","discard","discard","discard","discard","discard","Adult (Animal)","Adult (Animal)","discard","discard","discard","discard","discard","discard","discard","discard","discard","discard","discard","discard","discard","discard","discard","discard","discard","discard","discard","discard","discard","discard","Adult (2 Dimensions)","High Load","Far (Same)","Far","discard","discard","discard","discard","discard","discard","discard","discard","2 Dimensions","discard","discard","discard","discard","discard","discard","discard","Adult (4 item)","discard","discard","discard","Adult (4 item)","Adult (4 item)","keep"
436,"2774","dedhe",4,"Adult",NA,NA,NA,"animal","far","same","yes","yes",0.11,0.11,0.22,0.56,"low",0.375,0.05,0.29,"not 2D","1D","pair","alternate","seriate","alternate","Seriate",0.32,0.31,0.37,NA,0.22,0.29,0.49,0.16,0.67,0.17,NA,NA,NA,NA,NA,0.67,0.25,2,0.49,0.67,1.16,0.67,0.71,0.76,"animal_picture","far","mix","pure","learn_gen","animalpic_animalpic",7,4,11,5.5,0.75,0.22,"Tail-recursive",0.22,0.22,0.67,0.49,NA,NA,NA,NA,0.22,0.67,0.49,NA,0.67,0.4,"Tail-recursive",0.318,0.31,0.37,NA,0.16,0.67,0,0.17,0.05,0.67,0,NA,"alternate",NA,1.8,3,0.3,"no","far_same",NA,NA,NA,NA,NA,NA,NA,"discard","Far (Related)","discard","discard","discard","discard","discard","discard","Adult (Animal)","Adult (Animal)","discard","discard","discard","discard","discard","discard","discard","discard","discard","discard","discard","discard","discard","discard","discard","discard","discard","discard","discard","discard","discard","discard","Adult (2 Dimensions)","High Load","Far (Same)","Far","discard","discard","discard","discard","discard","discard","discard","discard","2 Dimensions","discard","discard","discard","discard","discard","discard","discard","Adult (4 item)","discard","discard","discard","Adult (4 item)","Adult (4 item)","keep"
437,"2776","dedhe",4,"Adult",NA,NA,NA,"animal","far","same","yes","yes",0.78,0.22,0,0,"high",0.875,0.77,0.83,"2D","2D","stack","iterate","iterate","stack","Stack",0.87,0.1,0.02,NA,0.97,0.01,0.01,0.05,0.08,0.87,NA,NA,NA,NA,NA,0.97,0.11,1,0.97,0.87,1.84,0.11,0.17,0.94,"animal_picture","far","mix","pure","learn_gen","animalpic_animalpic",3,6,9,4.5,0.89,0.22,"Serial-crossed",0.78,0.97,0.08,0.87,NA,NA,NA,NA,0.97,0.08,0.87,NA,0.97,0.83,"Center-embedded",0.873,0.102,0.02,NA,0.97,0.01,0,0.01,0.77,0.77,1,NA,"2D",NA,0.5,-3,-0.3,"yes","far_same",NA,NA,NA,NA,NA,NA,NA,"discard","Far (Related)","discard","discard","discard","discard","discard","discard","Adult (Animal)","Adult (Animal)","discard","discard","discard","discard","discard","discard","discard","discard","discard","discard","discard","discard","discard","discard","discard","discard","discard","discard","discard","discard","discard","discard","Adult (2 Dimensions)","High Load","Far (Same)","Far","discard","discard","discard","discard","discard","discard","discard","discard","2 Dimensions","discard","discard","discard","discard","discard","discard","discard","Adult (4 item)","discard","discard","discard","Adult (4 item)","Adult (4 item)","keep"
438,"2777","dedhe",4,"Adult",NA,NA,NA,"animal","far","same","yes","yes",0.11,0.56,0.22,0.11,"high",0.75,0.67,0.75,"2D","2D","queue","iterate","iterate","queue","Queue",0.07,0.8,0.13,NA,0.83,0.1,0.07,0.14,0.73,0.12,NA,NA,NA,NA,NA,0.83,0.47,1,0.83,0.73,1.57,0.17,0.25,0.92,"animal_picture","far","mix","pure","learn_gen","animalpic_animalpic",12,5,17,8.5,0.53,0.56,"Serial-crossed",0.56,0.83,0.73,0.12,NA,NA,NA,NA,0.83,0.73,0.12,NA,0.83,0.6,"Serial-crossed",0.067,0.799,0.13,NA,0.83,0.1,0,0.07,0.07,0.67,0,NA,"2D",NA,2.4,7,0.4,"no","far_same",NA,NA,NA,NA,NA,NA,NA,"discard","Far (Related)","discard","discard","discard","discard","discard","discard","Adult (Animal)","Adult (Animal)","discard","discard","discard","discard","discard","discard","discard","discard","discard","discard","discard","discard","discard","discard","discard","discard","discard","discard","discard","discard","discard","discard","Adult (2 Dimensions)","High Load","Far (Same)","Far","discard","discard","discard","discard","discard","discard","discard","discard","2 Dimensions","discard","discard","discard","discard","discard","discard","discard","Adult (4 item)","discard","discard","discard","Adult (4 item)","Adult (4 item)","keep"
439,"2778","dedhe",4,"Adult",NA,NA,NA,"animal","far","same","yes","yes",0,0,0.89,0.11,"high",1,0.96,0.97,"2D","2D","pair","iterate","iterate","pair","Pair",0.01,0.01,0.97,NA,0.02,0.97,0.02,0.97,0.02,0.02,NA,NA,NA,NA,NA,0.97,0.02,2,0.97,0.97,1.93,0.02,0.03,0.99,"animal_picture","far","mix","pure","learn_gen","animalpic_animalpic",8,11,19,9.5,0.98,0.89,"Tail-recursive",0.89,0.97,0.97,0.02,NA,NA,NA,NA,0.97,0.97,0.02,NA,0.97,0.97,"Tail-recursive",0.014,0.014,0.97,NA,0.97,0.02,0,0.02,0.01,0.96,0,NA,"2D",NA,0.7,-3,-0.2,"no","far_same",NA,NA,NA,NA,NA,NA,NA,"discard","Far (Related)","discard","discard","discard","discard","discard","discard","Adult (Animal)","Adult (Animal)","discard","discard","discard","discard","discard","discard","discard","discard","discard","discard","discard","discard","discard","discard","discard","discard","discard","discard","discard","discard","discard","discard","Adult (2 Dimensions)","High Load","Far (Same)","Far","discard","discard","discard","discard","discard","discard","discard","discard","2 Dimensions","discard","discard","discard","discard","discard","discard","discard","Adult (4 item)","discard","discard","discard","Adult (4 item)","Adult (4 item)","keep"
440,"2780","dedhe",4,"Adult",NA,NA,NA,"animal","far","same","yes","yes",0.11,0.11,0.67,0.11,"high",0.75,0.84,0.88,"2D","2D","pair","iterate","iterate","pair","Pair",0.05,0.05,0.9,NA,0.1,0.83,0.07,0.87,0.06,0.07,NA,NA,NA,NA,NA,0.87,0.19,2,0.83,0.87,1.7,0.08,0.12,0.96,"animal_picture","far","mix","pure","learn_gen","animalpic_animalpic",8,10,18,9,0.81,0.67,"Tail-recursive",0.67,0.87,0.83,0.07,NA,NA,NA,NA,0.87,0.83,0.07,NA,0.87,0.83,"Tail-recursive",0.052,0.052,0.9,NA,0.87,0.06,0,0.07,0.05,0.84,0,NA,"2D",NA,0.8,-2,-0.1,"no","far_same",NA,NA,NA,NA,NA,NA,NA,"discard","Far (Related)","discard","discard","discard","discard","discard","discard","Adult (Animal)","Adult (Animal)","discard","discard","discard","discard","discard","discard","discard","discard","discard","discard","discard","discard","discard","discard","discard","discard","discard","discard","discard","discard","discard","discard","Adult (2 Dimensions)","High Load","Far (Same)","Far","discard","discard","discard","discard","discard","discard","discard","discard","2 Dimensions","discard","discard","discard","discard","discard","discard","discard","Adult (4 item)","discard","discard","discard","Adult (4 item)","Adult (4 item)","keep"
441,"2781","dedhe",4,"Adult",NA,NA,NA,"animal","far","same","yes","yes",0.67,0.22,0,0.11,"high",0.5,0.74,0.8,"2D","2D","stack","iterate","iterate","stack","Stack",0.85,0.12,0.03,NA,0.97,0.02,0.02,0.07,0.1,0.83,NA,NA,NA,NA,NA,0.97,0.16,1,0.97,0.83,1.8,0.13,0.2,0.93,"animal_picture","far","mix","pure","learn_gen","animalpic_animalpic",4,5,9,4.5,0.84,0.22,"Serial-crossed",0.67,0.97,0.1,0.83,NA,NA,NA,NA,0.97,0.1,0.83,NA,0.97,0.79,"Center-embedded",0.855,0.117,0.03,NA,0.97,0.02,0,0.02,0.74,0.74,1,NA,"2D",NA,0.8,-1,-0.1,"yes","far_same",NA,NA,NA,NA,NA,NA,NA,"discard","Far (Related)","discard","discard","discard","discard","discard","discard","Adult (Animal)","Adult (Animal)","discard","discard","discard","discard","discard","discard","discard","discard","discard","discard","discard","discard","discard","discard","discard","discard","discard","discard","discard","discard","discard","discard","Adult (2 Dimensions)","High Load","Far (Same)","Far","discard","discard","discard","discard","discard","discard","discard","discard","2 Dimensions","discard","discard","discard","discard","discard","discard","discard","Adult (4 item)","discard","discard","discard","Adult (4 item)","Adult (4 item)","keep"
442,"2782","dedhe",4,"Adult",NA,NA,NA,"animal","far","same","yes","yes",0.78,0.11,0,0.11,"high",1,0.89,0.92,"2D","2D","stack","iterate","iterate","stack","Stack",0.93,0.04,0.02,NA,0.97,0.02,0.02,0.03,0.04,0.93,NA,NA,NA,NA,NA,0.97,0.06,1,0.97,0.93,1.89,0.05,0.08,0.97,"animal_picture","far","mix","pure","learn_gen","animalpic_animalpic",4,3,7,3.5,0.94,0.11,"Serial-crossed",0.78,0.97,0.04,0.93,NA,NA,NA,NA,0.97,0.04,0.93,NA,0.97,0.92,"Center-embedded",0.935,0.044,0.02,NA,0.97,0.02,0,0.02,0.89,0.89,1,NA,"2D",NA,1.3,1,0.1,"yes","far_same",NA,NA,NA,NA,NA,NA,NA,"discard","Far (Related)","discard","discard","discard","discard","discard","discard","Adult (Animal)","Adult (Animal)","discard","discard","discard","discard","discard","discard","discard","discard","discard","discard","discard","discard","discard","discard","discard","discard","discard","discard","discard","discard","discard","discard","Adult (2 Dimensions)","High Load","Far (Same)","Far","discard","discard","discard","discard","discard","discard","discard","discard","2 Dimensions","discard","discard","discard","discard","discard","discard","discard","Adult (4 item)","discard","discard","discard","Adult (4 item)","Adult (4 item)","keep"
443,"2783","dedhe",4,"Adult",NA,NA,NA,"animal","far","same","yes","yes",0.67,0.11,0,0.22,"high",0.5,0.86,0.89,"2D","2D","stack","palindrome","palindrome","stack","Stack",0.91,0.05,0.04,NA,0.93,0.04,0.03,0.03,0.04,0.93,NA,NA,NA,NA,NA,0.93,0.08,2,0.93,0.93,1.85,0.07,0.11,0.96,"animal_picture","far","mix","pure","learn_gen","animalpic_animalpic",5,4,9,4.5,0.92,0.11,"Serial-crossed",0.67,0.93,0.04,0.93,NA,NA,NA,NA,0.93,0.04,0.93,NA,0.93,0.89,"Center-embedded",0.911,0.053,0.04,NA,0.03,0.04,0,0.93,0.86,0.86,1,NA,"2D",NA,1.3,1,0.1,"yes","far_same",NA,NA,NA,NA,NA,NA,NA,"discard","Far (Related)","discard","discard","discard","discard","discard","discard","Adult (Animal)","Adult (Animal)","discard","discard","discard","discard","discard","discard","discard","discard","discard","discard","discard","discard","discard","discard","discard","discard","discard","discard","discard","discard","discard","discard","Adult (2 Dimensions)","High Load","Far (Same)","Far","discard","discard","discard","discard","discard","discard","discard","discard","2 Dimensions","discard","discard","discard","discard","discard","discard","discard","Adult (4 item)","discard","discard","discard","Adult (4 item)","Adult (4 item)","keep"
444,"2784","dedhe",4,"Adult",NA,NA,NA,"animal","far","same","yes","yes",1,0,0,0,"high",1,0.96,0.97,"2D","2D","stack","palindrome","palindrome","stack","Stack",0.97,0.01,0.01,NA,0.97,0.01,0.01,0.01,0.01,0.97,NA,NA,NA,NA,NA,0.97,0.02,2,0.97,0.97,1.94,0.02,0.03,0.99,"animal_picture","far","mix","pure","learn_gen","animalpic_animalpic",44,3,47,23.5,0.98,0,"Serial-crossed",1,0.97,0.01,0.97,NA,NA,NA,NA,0.97,0.01,0.97,NA,0.97,0.97,"Center-embedded",0.975,0.013,0.01,NA,0.01,0.01,0,0.97,0.96,0.96,1,NA,"2D",NA,14.7,41,0.9,"yes","far_same",NA,NA,NA,NA,NA,NA,NA,"discard","Far (Related)","discard","discard","discard","discard","discard","discard","Adult (Animal)","Adult (Animal)","discard","discard","discard","discard","discard","discard","discard","discard","discard","discard","discard","discard","discard","discard","discard","discard","discard","discard","discard","discard","discard","discard","Adult (2 Dimensions)","High Load","Far (Same)","Far","discard","discard","discard","discard","discard","discard","discard","discard","2 Dimensions","discard","discard","discard","discard","discard","discard","discard","Adult (4 item)","discard","discard","discard","Adult (4 item)","Adult (4 item)","keep"
445,"2785","dedhe",4,"Adult",NA,NA,NA,"animal","far","same","yes","yes",0.89,0,0,0.11,"low",0,0.96,0.97,"2D","2D","stack","iterate","iterate","stack","Stack",0.97,0.01,0.01,NA,0.97,0.02,0.02,0.02,0.02,0.97,NA,NA,NA,NA,NA,0.97,0.02,1,0.97,0.97,1.94,0.02,0.03,0.99,"animal_picture","far","mix","pure","learn_gen","animalpic_animalpic",17,3,20,10,0.98,0,"Serial-crossed",0.89,0.97,0.02,0.97,NA,NA,NA,NA,0.97,0.02,0.97,NA,0.97,0.97,"Center-embedded",0.972,0.014,0.01,NA,0.97,0.02,0,0.02,0.96,0.96,1,NA,"2D",NA,5.7,14,0.7,"yes","far_same",NA,NA,NA,NA,NA,NA,NA,"discard","Far (Related)","discard","discard","discard","discard","discard","discard","Adult (Animal)","Adult (Animal)","discard","discard","discard","discard","discard","discard","discard","discard","discard","discard","discard","discard","discard","discard","discard","discard","discard","discard","discard","discard","discard","discard","Adult (2 Dimensions)","High Load","Far (Same)","Far","discard","discard","discard","discard","discard","discard","discard","discard","2 Dimensions","discard","discard","discard","discard","discard","discard","discard","Adult (4 item)","discard","discard","discard","Adult (4 item)","Adult (4 item)","keep"
446,"2786","dedhe",4,"Adult",NA,NA,NA,"animal","far","same","yes","yes",0.33,0.44,0.11,0.11,"high",1,0.27,0.45,"not 2D","1D","queue","iterate","iterate","iterate","Iterate",0.32,0.59,0.09,NA,0.93,0.04,0.03,0.19,0.51,0.3,NA,NA,NA,NA,NA,0.93,0.66,1,0.93,0.51,1.44,0.93,0.55,0.82,"animal_picture","far","mix","pure","learn_gen","animalpic_animalpic",20,7,27,13.5,0.34,0.44,"Serial-crossed",0.44,0.93,0.51,0.3,NA,NA,NA,NA,0.93,0.51,0.3,NA,0.93,0.3,"Serial-crossed",0.323,0.589,0.09,NA,0.93,0.04,0,0.03,0.27,0.93,0,NA,"iterate",NA,2.9,13,0.5,"no","far_same",NA,NA,NA,NA,NA,NA,NA,"discard","Far (Related)","discard","discard","discard","discard","discard","discard","Adult (Animal)","Adult (Animal)","discard","discard","discard","discard","discard","discard","discard","discard","discard","discard","discard","discard","discard","discard","discard","discard","discard","discard","discard","discard","discard","discard","Adult (2 Dimensions)","High Load","Far (Same)","Far","discard","discard","discard","discard","discard","discard","discard","discard","2 Dimensions","discard","discard","discard","discard","discard","discard","discard","Adult (4 item)","discard","discard","discard","Adult (4 item)","Adult (4 item)","keep"
447,"2788","dedhe",4,"Adult",NA,NA,NA,"animal","far","same","yes","yes",0.78,0.22,0,0,"high",0.875,0.77,0.83,"2D","2D","stack","iterate","iterate","stack","Stack",0.87,0.1,0.02,NA,0.97,0.01,0.01,0.05,0.08,0.87,NA,NA,NA,NA,NA,0.97,0.11,1,0.97,0.87,1.84,0.11,0.17,0.94,"animal_picture","far","mix","pure","learn_gen","animalpic_animalpic",12,5,17,8.5,0.89,0.22,"Serial-crossed",0.78,0.97,0.08,0.87,NA,NA,NA,NA,0.97,0.08,0.87,NA,0.97,0.83,"Center-embedded",0.875,0.101,0.02,NA,0.97,0.01,0,0.01,0.77,0.77,1,NA,"2D",NA,2.4,7,0.4,"yes","far_same",NA,NA,NA,NA,NA,NA,NA,"discard","Far (Related)","discard","discard","discard","discard","discard","discard","Adult (Animal)","Adult (Animal)","discard","discard","discard","discard","discard","discard","discard","discard","discard","discard","discard","discard","discard","discard","discard","discard","discard","discard","discard","discard","discard","discard","Adult (2 Dimensions)","High Load","Far (Same)","Far","discard","discard","discard","discard","discard","discard","discard","discard","2 Dimensions","discard","discard","discard","discard","discard","discard","discard","Adult (4 item)","discard","discard","discard","Adult (4 item)","Adult (4 item)","keep"
448,"2789","dedhe",4,"Adult",NA,NA,NA,"animal","far","same","yes","yes",0.11,0.22,0.67,0,"high",1,0.74,0.8,"2D","2D","pair","iterate","iterate","pair","Pair",0.05,0.1,0.84,NA,0.17,0.73,0.11,0.81,0.1,0.09,NA,NA,NA,NA,NA,0.81,0.36,2,0.73,0.81,1.54,0.13,0.2,0.93,"animal_picture","far","mix","pure","learn_gen","animalpic_animalpic",4,3,7,3.5,0.64,0.67,"Tail-recursive",0.67,0.81,0.73,0.11,NA,NA,NA,NA,0.81,0.73,0.11,NA,0.81,0.69,"Tail-recursive",0.052,0.105,0.84,NA,0.81,0.1,0,0.09,0.05,0.74,0,NA,"2D",NA,1.3,1,0.1,"no","far_same",NA,NA,NA,NA,NA,NA,NA,"discard","Far (Related)","discard","discard","discard","discard","discard","discard","Adult (Animal)","Adult (Animal)","discard","discard","discard","discard","discard","discard","discard","discard","discard","discard","discard","discard","discard","discard","discard","discard","discard","discard","discard","discard","discard","discard","Adult (2 Dimensions)","High Load","Far (Same)","Far","discard","discard","discard","discard","discard","discard","discard","discard","2 Dimensions","discard","discard","discard","discard","discard","discard","discard","Adult (4 item)","discard","discard","discard","Adult (4 item)","Adult (4 item)","keep"
449,"2790","dedhe",4,"Adult",NA,NA,NA,"animal","far","same","yes","yes",0.78,0.22,0,0,"high",0.625,0.77,0.83,"2D","2D","stack","iterate","iterate","stack","Stack",0.87,0.1,0.02,NA,0.97,0.01,0.01,0.05,0.08,0.87,NA,NA,NA,NA,NA,0.97,0.1,1,0.97,0.87,1.84,0.11,0.17,0.94,"animal_picture","far","mix","pure","learn_gen","animalpic_animalpic",4,4,8,4,0.9,0.22,"Serial-crossed",0.78,0.97,0.08,0.87,NA,NA,NA,NA,0.97,0.08,0.87,NA,0.97,0.83,"Center-embedded",0.874,0.103,0.02,NA,0.97,0.01,0,0.01,0.77,0.77,1,NA,"2D",NA,1,0,0,"yes","far_same",NA,NA,NA,NA,NA,NA,NA,"discard","Far (Related)","discard","discard","discard","discard","discard","discard","Adult (Animal)","Adult (Animal)","discard","discard","discard","discard","discard","discard","discard","discard","discard","discard","discard","discard","discard","discard","discard","discard","discard","discard","discard","discard","discard","discard","Adult (2 Dimensions)","High Load","Far (Same)","Far","discard","discard","discard","discard","discard","discard","discard","discard","2 Dimensions","discard","discard","discard","discard","discard","discard","discard","Adult (4 item)","discard","discard","discard","Adult (4 item)","Adult (4 item)","keep"
450,"2793","dedhe",4,"Adult",NA,NA,NA,"animal","far","same","yes","yes",0.67,0.22,0,0.11,"high",1,0.73,0.8,"2D","2D","stack","iterate","iterate","stack","Stack",0.85,0.12,0.03,NA,0.97,0.02,0.02,0.07,0.1,0.83,NA,NA,NA,NA,NA,0.97,0.15,1,0.97,0.83,1.8,0.13,0.2,0.93,"animal_picture","far","mix","pure","learn_gen","animalpic_animalpic",5,7,12,6,0.85,0.22,"Serial-crossed",0.67,0.97,0.1,0.83,NA,NA,NA,NA,0.97,0.1,0.83,NA,0.97,0.79,"Center-embedded",0.852,0.119,0.03,NA,0.97,0.02,0,0.02,0.73,0.73,1,NA,"2D",NA,0.7,-2,-0.2,"yes","far_same",NA,NA,NA,NA,NA,NA,NA,"discard","Far (Related)","discard","discard","discard","discard","discard","discard","Adult (Animal)","Adult (Animal)","discard","discard","discard","discard","discard","discard","discard","discard","discard","discard","discard","discard","discard","discard","discard","discard","discard","discard","discard","discard","discard","discard","Adult (2 Dimensions)","High Load","Far (Same)","Far","discard","discard","discard","discard","discard","discard","discard","discard","2 Dimensions","discard","discard","discard","discard","discard","discard","discard","Adult (4 item)","discard","discard","discard","Adult (4 item)","Adult (4 item)","keep"
451,"2794","dedhe",4,"Adult",NA,NA,NA,"animal","far","same","yes","yes",0.44,0.33,0,0.22,"high",0.625,0.27,0.45,"not 2D","1D","stack","iterate","iterate","iterate","Iterate",0.59,0.32,0.08,NA,0.93,0.03,0.04,0.18,0.41,0.41,NA,NA,NA,NA,NA,0.93,0.33,1,0.93,0.41,1.34,0.93,0.55,0.82,"animal_picture","far","mix","pure","learn_gen","animalpic_animalpic",6,4,10,5,0.67,0.33,"Serial-crossed",0.44,0.93,0.41,0.41,NA,NA,NA,NA,0.93,0.41,0.41,NA,0.93,0.47,"Center-embedded",0.593,0.323,0.08,NA,0.93,0.03,0,0.04,0.27,0.93,0,NA,"iterate",NA,1.5,2,0.2,"no","far_same",NA,NA,NA,NA,NA,NA,NA,"discard","Far (Related)","discard","discard","discard","discard","discard","discard","Adult (Animal)","Adult (Animal)","discard","discard","discard","discard","discard","discard","discard","discard","discard","discard","discard","discard","discard","discard","discard","discard","discard","discard","discard","discard","discard","discard","Adult (2 Dimensions)","High Load","Far (Same)","Far","discard","discard","discard","discard","discard","discard","discard","discard","2 Dimensions","discard","discard","discard","discard","discard","discard","discard","Adult (4 item)","discard","discard","discard","Adult (4 item)","Adult (4 item)","keep"
452,"2795","dedhe",4,"Adult",NA,NA,NA,"animal","far","same","yes","yes",0.89,0.11,0,0,"high",1,0.91,0.93,"2D","2D","stack","iterate","iterate","stack","Stack",0.94,0.04,0.02,NA,0.97,0.01,0.01,0.03,0.04,0.94,NA,NA,NA,NA,NA,0.97,0.04,1,0.97,0.94,1.91,0.05,0.07,0.98,"animal_picture","far","mix","pure","learn_gen","animalpic_animalpic",12,5,17,8.5,0.96,0.11,"Serial-crossed",0.89,0.97,0.04,0.94,NA,NA,NA,NA,0.97,0.04,0.94,NA,0.97,0.93,"Center-embedded",0.943,0.038,0.02,NA,0.97,0.01,0,0.01,0.91,0.91,1,NA,"2D",NA,2.4,7,0.4,"yes","far_same",NA,NA,NA,NA,NA,NA,NA,"discard","Far (Related)","discard","discard","discard","discard","discard","discard","Adult (Animal)","Adult (Animal)","discard","discard","discard","discard","discard","discard","discard","discard","discard","discard","discard","discard","discard","discard","discard","discard","discard","discard","discard","discard","discard","discard","Adult (2 Dimensions)","High Load","Far (Same)","Far","discard","discard","discard","discard","discard","discard","discard","discard","2 Dimensions","discard","discard","discard","discard","discard","discard","discard","Adult (4 item)","discard","discard","discard","Adult (4 item)","Adult (4 item)","keep"
453,"2796","dedhe",4,"Adult",NA,NA,NA,"animal","far","same","yes","yes",0,0.11,0.78,0.11,"high",0.5,0.89,0.92,"2D","2D","pair","iterate","iterate","pair","Pair",0.02,0.04,0.94,NA,0.04,0.93,0.03,0.93,0.04,0.03,NA,NA,NA,NA,NA,0.93,0.05,2,0.93,0.93,1.85,0.05,0.08,0.97,"animal_picture","far","mix","pure","learn_gen","animalpic_animalpic",97,11,108,54,0.95,0.78,"Tail-recursive",0.78,0.93,0.93,0.03,NA,NA,NA,NA,0.93,0.93,0.03,NA,0.93,0.92,"Tail-recursive",0.022,0.042,0.94,NA,0.93,0.04,0,0.03,0.02,0.89,0,NA,"2D",NA,8.8,86,0.8,"no","far_same",NA,NA,NA,NA,NA,NA,NA,"discard","Far (Related)","discard","discard","discard","discard","discard","discard","Adult (Animal)","Adult (Animal)","discard","discard","discard","discard","discard","discard","discard","discard","discard","discard","discard","discard","discard","discard","discard","discard","discard","discard","discard","discard","discard","discard","Adult (2 Dimensions)","High Load","Far (Same)","Far","discard","discard","discard","discard","discard","discard","discard","discard","2 Dimensions","discard","discard","discard","discard","discard","discard","discard","Adult (4 item)","discard","discard","discard","Adult (4 item)","Adult (4 item)","keep"
454,"2798","dedhe",4,"Adult",NA,NA,NA,"animal","far","same","yes","yes",0.56,0,0,0.44,"high",0.625,0.8,0.85,"2D","2D","stack","palindrome","palindrome","stack","Stack",0.87,0.07,0.07,NA,0.65,0.21,0.14,0.02,0.02,0.97,NA,NA,NA,NA,NA,0.97,0.07,2,0.65,0.97,1.62,0.1,0.15,0.95,"animal_picture","far","mix","pure","learn_gen","animalpic_animalpic",14,3,17,8.5,0.93,0,"Serial-crossed",0.56,0.65,0.21,0.97,NA,NA,NA,NA,0.65,0.21,0.97,NA,0.97,0.86,"Center-embedded",0.866,0.068,0.07,NA,0.02,0.02,0,0.97,0.8,0.8,1,NA,"2D",NA,4.7,11,0.6,"yes","far_same",NA,NA,NA,NA,NA,NA,NA,"discard","Far (Related)","discard","discard","discard","discard","discard","discard","Adult (Animal)","Adult (Animal)","discard","discard","discard","discard","discard","discard","discard","discard","discard","discard","discard","discard","discard","discard","discard","discard","discard","discard","discard","discard","discard","discard","Adult (2 Dimensions)","High Load","Far (Same)","Far","discard","discard","discard","discard","discard","discard","discard","discard","2 Dimensions","discard","discard","discard","discard","discard","discard","discard","Adult (4 item)","discard","discard","discard","Adult (4 item)","Adult (4 item)","keep"
455,"2800","dedhe",4,"Adult",NA,NA,NA,"animal","far","same","yes","yes",0.78,0.11,0,0.11,"high",0.625,0.89,0.92,"2D","2D","stack","iterate","iterate","stack","Stack",0.93,0.04,0.02,NA,0.97,0.02,0.02,0.03,0.04,0.93,NA,NA,NA,NA,NA,0.97,0.05,1,0.97,0.93,1.89,0.05,0.08,0.97,"animal_picture","far","mix","pure","learn_gen","animalpic_animalpic",6,3,9,4.5,0.95,0.11,"Serial-crossed",0.78,0.97,0.04,0.93,NA,NA,NA,NA,0.97,0.04,0.93,NA,0.97,0.92,"Center-embedded",0.935,0.043,0.02,NA,0.97,0.02,0,0.02,0.89,0.89,1,NA,"2D",NA,2,3,0.3,"yes","far_same",NA,NA,NA,NA,NA,NA,NA,"discard","Far (Related)","discard","discard","discard","discard","discard","discard","Adult (Animal)","Adult (Animal)","discard","discard","discard","discard","discard","discard","discard","discard","discard","discard","discard","discard","discard","discard","discard","discard","discard","discard","discard","discard","discard","discard","Adult (2 Dimensions)","High Load","Far (Same)","Far","discard","discard","discard","discard","discard","discard","discard","discard","2 Dimensions","discard","discard","discard","discard","discard","discard","discard","Adult (4 item)","discard","discard","discard","Adult (4 item)","Adult (4 item)","keep"
456,"2802","dedhe",4,"Adult",NA,NA,NA,"animal","far","same","yes","yes",0.56,0,0.33,0.11,"high",0.5,0.45,0.59,"2D","2D","stack","iterate","iterate","stack","Stack",0.7,0.05,0.25,NA,0.64,0.22,0.15,0.32,0.16,0.53,NA,NA,NA,NA,NA,0.64,0.27,1,0.64,0.53,1.16,0.27,0.41,0.86,"animal_picture","far","mix","pure","learn_gen","animalpic_animalpic",3,3,6,3,0.73,0.33,"Tail-recursive",0.56,0.64,0.22,0.53,NA,NA,NA,NA,0.64,0.22,0.53,NA,0.64,0.59,"Center-embedded",0.699,0.054,0.25,NA,0.64,0.22,0,0.15,0.45,0.45,1,NA,"2D",NA,1,0,0,"yes","far_same",NA,NA,NA,NA,NA,NA,NA,"discard","Far (Related)","discard","discard","discard","discard","discard","discard","Adult (Animal)","Adult (Animal)","discard","discard","discard","discard","discard","discard","discard","discard","discard","discard","discard","discard","discard","discard","discard","discard","discard","discard","discard","discard","discard","discard","Adult (2 Dimensions)","High Load","Far (Same)","Far","discard","discard","discard","discard","discard","discard","discard","discard","2 Dimensions","discard","discard","discard","discard","discard","discard","discard","Adult (4 item)","discard","discard","discard","Adult (4 item)","Adult (4 item)","keep"
457,"2803","dedhe",4,"Adult",NA,NA,NA,"animal","far","same","yes","yes",1,0,0,0,"high",1,0.96,0.97,"2D","2D","stack","iterate","iterate","stack","Stack",0.97,0.01,0.01,NA,0.97,0.01,0.01,0.01,0.01,0.97,NA,NA,NA,NA,NA,0.97,0.02,1,0.97,0.97,1.94,0.02,0.03,0.99,"animal_picture","far","mix","pure","learn_gen","animalpic_animalpic",3,3,6,3,0.98,0,"Serial-crossed",1,0.97,0.01,0.97,NA,NA,NA,NA,0.97,0.01,0.97,NA,0.97,0.97,"Center-embedded",0.975,0.013,0.01,NA,0.97,0.01,0,0.01,0.96,0.96,1,NA,"2D",NA,1,0,0,"yes","far_same",NA,NA,NA,NA,NA,NA,NA,"discard","Far (Related)","discard","discard","discard","discard","discard","discard","Adult (Animal)","Adult (Animal)","discard","discard","discard","discard","discard","discard","discard","discard","discard","discard","discard","discard","discard","discard","discard","discard","discard","discard","discard","discard","discard","discard","Adult (2 Dimensions)","High Load","Far (Same)","Far","discard","discard","discard","discard","discard","discard","discard","discard","2 Dimensions","discard","discard","discard","discard","discard","discard","discard","Adult (4 item)","discard","discard","discard","Adult (4 item)","Adult (4 item)","keep"
458,"2804","dedhe",4,"Adult",NA,NA,NA,"animal","far","same","yes","yes",0.89,0,0.11,0,"high",1,0.91,0.93,"2D","2D","stack","palindrome","palindrome","stack","Stack",0.94,0.02,0.04,NA,0.94,0.03,0.03,0.03,0.03,0.94,NA,NA,NA,NA,NA,0.94,0.04,2,0.94,0.94,1.88,0.05,0.07,0.98,"animal_picture","far","mix","pure","learn_gen","animalpic_animalpic",20,5,25,12.5,0.96,0.11,"Tail-recursive",0.89,0.94,0.03,0.94,NA,NA,NA,NA,0.94,0.03,0.94,NA,0.94,0.93,"Center-embedded",0.944,0.019,0.04,NA,0.03,0.03,0,0.94,0.91,0.91,1,NA,"2D",NA,4,15,0.6,"yes","far_same",NA,NA,NA,NA,NA,NA,NA,"discard","Far (Related)","discard","discard","discard","discard","discard","discard","Adult (Animal)","Adult (Animal)","discard","discard","discard","discard","discard","discard","discard","discard","discard","discard","discard","discard","discard","discard","discard","discard","discard","discard","discard","discard","discard","discard","Adult (2 Dimensions)","High Load","Far (Same)","Far","discard","discard","discard","discard","discard","discard","discard","discard","2 Dimensions","discard","discard","discard","discard","discard","discard","discard","Adult (4 item)","discard","discard","discard","Adult (4 item)","Adult (4 item)","keep"
459,"2805","dedhe",4,"Adult",NA,NA,NA,"animal","far","same","yes","yes",0.33,0.44,0.22,0,"high",0.5,0.25,0.44,"not 2D","1D","queue","iterate","iterate","iterate","Iterate",0.3,0.55,0.16,NA,0.87,0.08,0.05,0.23,0.47,0.3,NA,NA,NA,NA,NA,0.87,0.8,1,0.87,0.47,1.34,0.87,0.56,0.81,"animal_picture","far","mix","pure","learn_gen","animalpic_animalpic",19,6,25,12.5,0.2,0.44,"Serial-crossed",0.44,0.87,0.47,0.3,NA,NA,NA,NA,0.87,0.47,0.3,NA,0.87,0.23,"Serial-crossed",0.296,0.547,0.16,NA,0.87,0.08,0,0.05,0.25,0.87,0,NA,"iterate",NA,3.2,13,0.5,"no","far_same",NA,NA,NA,NA,NA,NA,NA,"discard","Far (Related)","discard","discard","discard","discard","discard","discard","Adult (Animal)","Adult (Animal)","discard","discard","discard","discard","discard","discard","discard","discard","discard","discard","discard","discard","discard","discard","discard","discard","discard","discard","discard","discard","discard","discard","Adult (2 Dimensions)","High Load","Far (Same)","Far","discard","discard","discard","discard","discard","discard","discard","discard","2 Dimensions","discard","discard","discard","discard","discard","discard","discard","Adult (4 item)","discard","discard","discard","Adult (4 item)","Adult (4 item)","keep"
460,"2806","dedhe",4,"Adult",NA,NA,NA,"animal","far","same","yes","yes",0.33,0.67,0,0,"high",0.5,0.51,0.63,"2D","2D","queue","iterate","iterate","queue","Queue",0.23,0.74,0.03,NA,0.97,0.01,0.01,0.1,0.73,0.17,NA,NA,NA,NA,NA,0.97,0.23,1,0.97,0.73,1.7,0.24,0.37,0.88,"animal_picture","far","mix","pure","learn_gen","animalpic_animalpic",32,32,64,32,0.77,0.67,"Serial-crossed",0.67,0.97,0.73,0.17,NA,NA,NA,NA,0.97,0.73,0.17,NA,0.97,0.64,"Serial-crossed",0.231,0.743,0.03,NA,0.97,0.01,0,0.01,0.23,0.51,0,NA,"2D",NA,1,0,0,"no","far_same",NA,NA,NA,NA,NA,NA,NA,"discard","Far (Related)","discard","discard","discard","discard","discard","discard","Adult (Animal)","Adult (Animal)","discard","discard","discard","discard","discard","discard","discard","discard","discard","discard","discard","discard","discard","discard","discard","discard","discard","discard","discard","discard","discard","discard","Adult (2 Dimensions)","High Load","Far (Same)","Far","discard","discard","discard","discard","discard","discard","discard","discard","2 Dimensions","discard","discard","discard","discard","discard","discard","discard","Adult (4 item)","discard","discard","discard","Adult (4 item)","Adult (4 item)","keep"
461,"2807","dedhe",4,"Adult",NA,NA,NA,"animal","far","same","yes","yes",0.33,0.22,0.33,0.11,"high",0.875,0,0.25,"not 2D","1D","pair","iterate","iterate","iterate","Iterate",0.4,0.21,0.4,NA,0.65,0.21,0.14,0.37,0.26,0.37,NA,NA,NA,NA,NA,0.65,0.78,1,0.65,0.37,1.02,0.65,0.75,0.75,"animal_picture","far","mix","pure","learn_gen","animalpic_animalpic",25,6,31,15.5,0.22,0.33,"Tail-recursive",0.33,0.65,0.26,0.37,NA,NA,NA,NA,0.65,0.26,0.37,NA,0.65,0.11,"Center-embedded",0.396,0.207,0.4,NA,0.65,0.21,0,0.14,0,0.65,0,NA,"iterate",NA,4.2,19,0.6,"no","far_same",NA,NA,NA,NA,NA,NA,NA,"discard","Far (Related)","discard","discard","discard","discard","discard","discard","Adult (Animal)","Adult (Animal)","discard","discard","discard","discard","discard","discard","discard","discard","discard","discard","discard","discard","discard","discard","discard","discard","discard","discard","discard","discard","discard","discard","Adult (2 Dimensions)","High Load","Far (Same)","Far","discard","discard","discard","discard","discard","discard","discard","discard","2 Dimensions","discard","discard","discard","discard","discard","discard","discard","Adult (4 item)","discard","discard","discard","Adult (4 item)","Adult (4 item)","keep"
462,"2809","dedhe",4,"Adult",NA,NA,NA,"animal","far","same","yes","yes",0.33,0.44,0,0.22,"low",0.375,0.28,0.46,"not 2D","1D","queue","iterate","iterate","iterate","Iterate",0.32,0.6,0.08,NA,0.93,0.03,0.04,0.19,0.51,0.3,NA,NA,NA,NA,NA,0.93,0.33,1,0.93,0.51,1.44,0.93,0.54,0.82,"animal_picture","far","mix","pure","learn_gen","animalpic_animalpic",12,5,17,8.5,0.67,0.44,"Serial-crossed",0.44,0.93,0.51,0.3,NA,NA,NA,NA,0.93,0.51,0.3,NA,0.93,0.47,"Serial-crossed",0.32,0.597,0.08,NA,0.93,0.03,0,0.04,0.28,0.93,0,NA,"iterate",NA,2.4,7,0.4,"no","far_same",NA,NA,NA,NA,NA,NA,NA,"discard","Far (Related)","discard","discard","discard","discard","discard","discard","Adult (Animal)","Adult (Animal)","discard","discard","discard","discard","discard","discard","discard","discard","discard","discard","discard","discard","discard","discard","discard","discard","discard","discard","discard","discard","discard","discard","Adult (2 Dimensions)","High Load","Far (Same)","Far","discard","discard","discard","discard","discard","discard","discard","discard","2 Dimensions","discard","discard","discard","discard","discard","discard","discard","Adult (4 item)","discard","discard","discard","Adult (4 item)","Adult (4 item)","keep"
463,"2810","dedhe",4,"Adult",NA,NA,NA,"animal","far","same","yes","yes",0.22,0,0.56,0.22,"high",0.5,0.67,0.75,"2D","2D","pair","alternate","seriate","pair","Pair",0.14,0.05,0.81,NA,0.1,0.83,0.07,0.65,0.14,0.22,NA,NA,NA,NA,NA,0.83,0.19,1,0.83,0.65,1.48,0.16,0.25,0.92,"animal_picture","far","mix","pure","learn_gen","animalpic_animalpic",29,3,32,16,0.81,0.56,"Tail-recursive",0.56,0.65,0.83,0.22,NA,NA,NA,NA,0.65,0.83,0.22,NA,0.83,0.74,"Tail-recursive",0.137,0.055,0.81,NA,0.1,0.83,0,0.07,0.14,0.67,0,NA,"2D",NA,9.7,26,0.8,"no","far_same",NA,NA,NA,NA,NA,NA,NA,"discard","Far (Related)","discard","discard","discard","discard","discard","discard","Adult (Animal)","Adult (Animal)","discard","discard","discard","discard","discard","discard","discard","discard","discard","discard","discard","discard","discard","discard","discard","discard","discard","discard","discard","discard","discard","discard","Adult (2 Dimensions)","High Load","Far (Same)","Far","discard","discard","discard","discard","discard","discard","discard","discard","2 Dimensions","discard","discard","discard","discard","discard","discard","discard","Adult (4 item)","discard","discard","discard","Adult (4 item)","Adult (4 item)","keep"
464,"2812","dedhe",4,"Adult",NA,NA,NA,"animal","far","same","yes","yes",1,0,0,0,"high",0.875,0.96,0.97,"2D","2D","stack","iterate","iterate","stack","Stack",0.97,0.01,0.01,NA,0.97,0.01,0.01,0.01,0.01,0.97,NA,NA,NA,NA,NA,0.97,0.02,1,0.97,0.97,1.94,0.02,0.03,0.99,"animal_picture","far","mix","pure","learn_gen","animalpic_animalpic",27,3,30,15,0.98,0,"Serial-crossed",1,0.97,0.01,0.97,NA,NA,NA,NA,0.97,0.01,0.97,NA,0.97,0.97,"Center-embedded",0.975,0.012,0.01,NA,0.97,0.01,0,0.01,0.96,0.96,1,NA,"2D",NA,9,24,0.8,"yes","far_same",NA,NA,NA,NA,NA,NA,NA,"discard","Far (Related)","discard","discard","discard","discard","discard","discard","Adult (Animal)","Adult (Animal)","discard","discard","discard","discard","discard","discard","discard","discard","discard","discard","discard","discard","discard","discard","discard","discard","discard","discard","discard","discard","discard","discard","Adult (2 Dimensions)","High Load","Far (Same)","Far","discard","discard","discard","discard","discard","discard","discard","discard","2 Dimensions","discard","discard","discard","discard","discard","discard","discard","Adult (4 item)","discard","discard","discard","Adult (4 item)","Adult (4 item)","keep"
465,"2815","dedhe",4,"Adult",NA,NA,NA,"animal","far","same","yes","yes",1,0,0,0,"high",0.75,0.96,0.97,"2D","2D","stack","palindrome","palindrome","stack","Stack",0.98,0.01,0.01,NA,0.97,0.01,0.01,0.01,0.01,0.97,NA,NA,NA,NA,NA,0.97,0.02,2,0.97,0.97,1.94,0.02,0.03,0.99,"animal_picture","far","mix","pure","learn_gen","animalpic_animalpic",6,3,9,4.5,0.98,0,"Serial-crossed",1,0.97,0.01,0.97,NA,NA,NA,NA,0.97,0.01,0.97,NA,0.97,0.97,"Center-embedded",0.975,0.012,0.01,NA,0.01,0.01,0,0.97,0.96,0.96,1,NA,"2D",NA,2,3,0.3,"yes","far_same",NA,NA,NA,NA,NA,NA,NA,"discard","Far (Related)","discard","discard","discard","discard","discard","discard","Adult (Animal)","Adult (Animal)","discard","discard","discard","discard","discard","discard","discard","discard","discard","discard","discard","discard","discard","discard","discard","discard","discard","discard","discard","discard","discard","discard","Adult (2 Dimensions)","High Load","Far (Same)","Far","discard","discard","discard","discard","discard","discard","discard","discard","2 Dimensions","discard","discard","discard","discard","discard","discard","discard","Adult (4 item)","discard","discard","discard","Adult (4 item)","Adult (4 item)","keep"
522,"3308","dedhe",6,"Child","round_2",57,3,"animal","near","same","yes","yes",0,0,0.13,0.88,"low",0,0,0.25,"not 2D","associative","queue","iterate","iterate","associative","Associative",0.49,0.51,NA,0.63,NA,NA,NA,NA,NA,NA,0.48,0.52,0.9,0.05,0.05,0.9,0.25,2,0.52,0.9,1.41,0.5,0.75,0.75,"animal_picture","near","mix","pure","learn_gen","animalpic_animalpic",4,32,36,18,0.75,0.13,"Tail-recursive",0.13,0,0,0,0.9,0.52,0.05,0.05,0.9,0.52,0.05,0.05,0.63,0.38,"Tail-recursive",0.18,0.185,NA,0.63,0.9,0.05,0.05,0.05,0.18,0.63,0,"Child_08","associative","F",0.1,-28,-0.8,"no","near",NA,NA,NA,NA,NA,NA,NA,"discard","Near","discard","discard","discard","discard","discard","discard","discard","Child (Animal)","discard","discard","discard","discard","discard","discard","discard","discard","discard","discard","discard","discard","discard","discard","discard","discard","discard","discard","discard","discard","discard","discard","Child (2 Dimensions)","High Load","Near","Near","discard","discard","discard","discard","discard","discard","discard","discard","2 Dimensions","discard","discard","discard","discard","discard","discard","Child (6 item)","discard","discard","discard","discard","Child (6 item)","Child (6 item)","keep"
523,"3310","dedhe",6,"Child","round_2",59,2,"animal","near","same","yes","yes",0.25,0,0,0.75,"high",1,0.74,0.8,"2D","2D","stack","iterate","iterate","stack","Stack",0.9,0.1,NA,0.09,NA,NA,NA,NA,NA,NA,0.98,0.02,0.09,0.09,0.83,0.98,0.17,1,0.98,0.83,1.8,0.13,0.2,0.93,"animal_picture","near","mix","pure","learn_gen","animalpic_animalpic",4,6,10,5,0.83,0,"Serial-crossed",0.25,0,0,0,0.98,0.02,0.09,0.83,0.98,0.02,0.83,0.09,0.98,0.78,"Center-embedded",0.826,0.088,NA,0.09,0.98,0.02,0,0,0.74,0.74,1,"Child_01","2D","F",0.7,-2,-0.2,"yes","near",NA,NA,NA,NA,NA,NA,NA,"discard","Near","discard","discard","discard","discard","discard","discard","discard","Child (Animal)","discard","discard","discard","discard","discard","discard","discard","discard","discard","discard","discard","discard","discard","discard","discard","discard","discard","discard","discard","discard","discard","discard","Child (2 Dimensions)","High Load","Near","Near","discard","discard","discard","discard","discard","discard","discard","discard","2 Dimensions","discard","discard","discard","discard","discard","discard","Child (6 item)","discard","discard","discard","discard","Child (6 item)","Child (6 item)","keep"
524,"3312","dedhe",6,"Child","round_2",56,2,"animal","near","same","yes","yes",0,0,0,1,"low",0.125,0.02,0.26,"not 2D","1D","stack","iterate","iterate","iterate","Iterate",0.51,0.49,NA,0.34,NA,NA,NA,NA,NA,NA,0.68,0.32,0.25,0.38,0.37,0.68,0.22,1,0.68,0.38,1.06,0.68,0.74,0.75,"animal_picture","near","mix","pure","learn_gen","animalpic_animalpic",11,4,15,7.5,0.78,0,"Serial-crossed",0,0,0,0,0.68,0.32,0.38,0.37,0.68,0.32,0.37,0.38,0.68,0.4,"Center-embedded",0.339,0.324,NA,0.34,0.68,0.32,0,0,0,0.68,0,"Child_16","iterate","F",2.8,7,0.5,"no","near",NA,NA,NA,NA,NA,NA,NA,"discard","Near","discard","discard","discard","discard","discard","discard","discard","Child (Animal)","discard","discard","discard","discard","discard","discard","discard","discard","discard","discard","discard","discard","discard","discard","discard","discard","discard","discard","discard","discard","discard","discard","Child (2 Dimensions)","High Load","Near","Near","discard","discard","discard","discard","discard","discard","discard","discard","2 Dimensions","discard","discard","discard","discard","discard","discard","Child (6 item)","discard","discard","discard","discard","Child (6 item)","Child (6 item)","keep"
525,"3314","dedhe",6,"Child","round_2",62,4,"animal","near","same","yes","yes",0,0.63,0,0.38,"high",0.5,0.9,0.93,"2D","2D","queue","iterate","iterate","queue","Queue",0.03,0.97,NA,0.03,NA,NA,NA,NA,NA,NA,0.99,0.01,0.04,0.92,0.04,0.99,0.05,1,0.99,0.92,1.91,0.05,0.07,0.98,"animal_picture","near","mix","pure","learn_gen","animalpic_animalpic",6,33,39,19.5,0.95,0.63,"Serial-crossed",0.63,0,0,0,0.99,0.01,0.92,0.04,0.99,0.01,0.04,0.92,0.99,0.93,"Serial-crossed",0.033,0.934,NA,0.03,0.99,0.01,0,0,0.03,0.9,0,"Child_02","2D","F",0.2,-27,-0.7,"no","near",NA,NA,NA,NA,NA,NA,NA,"discard","Near","discard","discard","discard","discard","discard","discard","discard","Child (Animal)","discard","discard","discard","discard","discard","discard","discard","discard","discard","discard","discard","discard","discard","discard","discard","discard","discard","discard","discard","discard","discard","discard","Child (2 Dimensions)","High Load","Near","Near","discard","discard","discard","discard","discard","discard","discard","discard","2 Dimensions","discard","discard","discard","discard","discard","discard","Child (6 item)","discard","discard","discard","discard","Child (6 item)","Child (6 item)","keep"
526,"3318","dedhe",6,"Child","round_2",59,1,"animal","near","same","yes","yes",0.13,0.13,0,0.75,"low",0.25,0,0.25,"not 2D","1D","queue","iterate","iterate","iterate","Iterate",0.5,0.5,NA,0.13,NA,NA,NA,NA,NA,NA,0.98,0.02,0.25,0.37,0.38,0.98,0.37,1,0.98,0.38,1.36,0.98,0.75,0.75,"animal_picture","near","mix","pure","learn_gen","animalpic_animalpic",10,4,14,7,0.63,0.13,"Serial-crossed",0.13,0,0,0,0.98,0.02,0.37,0.38,0.98,0.02,0.38,0.37,0.98,0.32,"Center-embedded",0.432,0.434,NA,0.13,0.98,0.02,0,0,0,0.98,0,"Child_11","iterate","F",2.5,6,0.4,"no","near",NA,NA,NA,NA,NA,NA,NA,"discard","Near","discard","discard","discard","discard","discard","discard","discard","Child (Animal)","discard","discard","discard","discard","discard","discard","discard","discard","discard","discard","discard","discard","discard","discard","discard","discard","discard","discard","discard","discard","discard","discard","Child (2 Dimensions)","High Load","Near","Near","discard","discard","discard","discard","discard","discard","discard","discard","2 Dimensions","discard","discard","discard","discard","discard","discard","Child (6 item)","discard","discard","discard","discard","Child (6 item)","Child (6 item)","keep"
527,"3339","dedhe",6,"Child","round_2",53,2,"animal","near","same","yes","yes",0.5,0,0,0.5,"high",1,0.87,0.91,"2D","2D","stack","iterate","iterate","stack","Stack",0.96,0.04,NA,0.04,NA,NA,NA,NA,NA,NA,0.99,0.01,0.05,0.05,0.89,0.99,0.07,1,0.99,0.89,1.88,0.06,0.09,0.97,"animal_picture","near","mix","pure","learn_gen","animalpic_animalpic",3,3,6,3,0.93,0,"Serial-crossed",0.5,0,0,0,0.99,0.01,0.05,0.89,0.99,0.01,0.89,0.05,0.99,0.9,"Center-embedded",0.917,0.042,NA,0.04,0.99,0.01,0,0,0.87,0.87,1,"Child_80","2D","F",1,0,0,"yes","near",NA,NA,NA,NA,NA,NA,NA,"discard","Near","discard","discard","discard","discard","discard","discard","discard","Child (Animal)","discard","discard","discard","discard","discard","discard","discard","discard","discard","discard","discard","discard","discard","discard","discard","discard","discard","discard","discard","discard","discard","discard","Child (2 Dimensions)","High Load","Near","Near","discard","discard","discard","discard","discard","discard","discard","discard","2 Dimensions","discard","discard","discard","discard","discard","discard","Child (6 item)","discard","discard","discard","discard","Child (6 item)","Child (6 item)","keep"
528,"3341","dedhe",6,"Child","round_2",56,4,"animal","near","same","yes","yes",0.88,0,0,0.13,"high",1,0.94,0.96,"2D","2D","stack","iterate","iterate","stack","Stack",0.98,0.02,NA,0.02,NA,NA,NA,NA,NA,NA,0.98,0.02,0.02,0.02,0.96,0.98,0.03,1,0.98,0.96,1.94,0.03,0.04,0.99,"animal_picture","near","mix","pure","learn_gen","animalpic_animalpic",3,3,6,3,0.97,0,"Serial-crossed",0.88,0,0,0,0.98,0.02,0.02,0.96,0.98,0.02,0.96,0.02,0.98,0.96,"Center-embedded",0.962,0.019,NA,0.02,0.98,0.02,0,0,0.94,0.94,1,"Child_04","2D","F",1,0,0,"yes","near",NA,NA,NA,NA,NA,NA,NA,"discard","Near","discard","discard","discard","discard","discard","discard","discard","Child (Animal)","discard","discard","discard","discard","discard","discard","discard","discard","discard","discard","discard","discard","discard","discard","discard","discard","discard","discard","discard","discard","discard","discard","Child (2 Dimensions)","High Load","Near","Near","discard","discard","discard","discard","discard","discard","discard","discard","2 Dimensions","discard","discard","discard","discard","discard","discard","Child (6 item)","discard","discard","discard","discard","Child (6 item)","Child (6 item)","keep"
529,"3343","dedhe",6,"Child","round_2",47,1,"animal","near","same","yes","yes",0.25,0,0,0.75,"high",0.75,0.74,0.8,"2D","2D","stack","iterate","iterate","stack","Stack",0.9,0.1,NA,0.09,NA,NA,NA,NA,NA,NA,0.98,0.02,0.17,0.16,0.66,0.98,0.17,1,0.98,0.66,1.64,0.13,0.2,0.93,"animal_picture","near","mix","pure","learn_gen","animalpic_animalpic",11,9,20,10,0.83,0,"Serial-crossed",0.25,0,0,0,0.98,0.02,0.16,0.66,0.98,0.02,0.66,0.16,0.98,0.78,"Center-embedded",0.827,0.087,NA,0.09,0.98,0.02,0,0,0.74,0.74,1,"Child_21","2D","M",1.2,2,0.1,"yes","near",NA,NA,NA,NA,NA,NA,NA,"discard","Near","discard","discard","discard","discard","discard","discard","discard","Child (Animal)","discard","discard","discard","discard","discard","discard","discard","discard","discard","discard","discard","discard","discard","discard","discard","discard","discard","discard","discard","discard","discard","discard","Child (2 Dimensions)","High Load","Near","Near","discard","discard","discard","discard","discard","discard","discard","discard","2 Dimensions","discard","discard","discard","discard","discard","discard","Child (6 item)","discard","discard","discard","discard","Child (6 item)","Child (6 item)","keep"
530,"3345","dedhe",6,"Child","round_2",56,4,"animal","near","same","yes","yes",0,0,0.63,0.38,"low",0.125,0,0.25,"not 2D","associative","queue","alternate","seriate","associative","Associative",0.5,0.5,NA,0.94,NA,NA,NA,NA,NA,NA,0.05,0.95,0.94,0.03,0.03,0.95,0.05,1,0.95,0.94,1.89,0.5,0.75,0.75,"animal_picture","near","mix","pure","learn_gen","animalpic_animalpic",3,3,6,3,0.95,0.63,"Tail-recursive",0.63,0,0,0,0.94,0.95,0.03,0.03,0.94,0.95,0.03,0.03,0.94,0.48,"Tail-recursive",0.032,0.032,NA,0.94,0.05,0.95,0,0,0.03,0.94,0,"Child_22","associative","M",1,0,0,"no","near",NA,NA,NA,NA,NA,NA,NA,"discard","Near","discard","discard","discard","discard","discard","discard","discard","Child (Animal)","discard","discard","discard","discard","discard","discard","discard","discard","discard","discard","discard","discard","discard","discard","discard","discard","discard","discard","discard","discard","discard","discard","Child (2 Dimensions)","High Load","Near","Near","discard","discard","discard","discard","discard","discard","discard","discard","2 Dimensions","discard","discard","discard","discard","discard","discard","Child (6 item)","discard","discard","discard","discard","Child (6 item)","Child (6 item)","keep"
531,"3349","dedhe",6,"Child","round_2",52,2,"animal","near","same","yes","yes",0.13,0,0,0.88,"high",0.75,0.45,0.59,"2D","2D","stack","iterate","iterate","stack","Stack",0.77,0.23,NA,0.18,NA,NA,NA,NA,NA,NA,0.99,0.01,0.28,0.28,0.44,0.99,0.25,1,0.99,0.44,1.43,0.28,0.41,0.86,"animal_picture","near","mix","pure","learn_gen","animalpic_animalpic",3,4,7,3.5,0.75,0,"Serial-crossed",0.13,0,0,0,0.99,0.01,0.28,0.44,0.99,0.01,0.44,0.28,0.99,0.6,"Center-embedded",0.634,0.186,NA,0.18,0.99,0.01,0,0,0.45,0.45,1,"Child_05","2D","F",0.8,-1,-0.1,"yes","near",NA,NA,NA,NA,NA,NA,NA,"discard","Near","discard","discard","discard","discard","discard","discard","discard","Child (Animal)","discard","discard","discard","discard","discard","discard","discard","discard","discard","discard","discard","discard","discard","discard","discard","discard","discard","discard","discard","discard","discard","discard","Child (2 Dimensions)","High Load","Near","Near","discard","discard","discard","discard","discard","discard","discard","discard","2 Dimensions","discard","discard","discard","discard","discard","discard","Child (6 item)","discard","discard","discard","discard","Child (6 item)","Child (6 item)","keep"
532,"3357","dedhe",6,"Child","round_2",54,3,"animal","near","same","yes","yes",0,0.13,0.13,0.75,"low",0.375,0.28,0.46,"not 2D","1D","queue","iterate","iterate","iterate","Iterate",0.25,0.75,NA,0.43,NA,NA,NA,NA,NA,NA,0.5,0.5,0.59,0.25,0.15,0.59,0.36,2,0.5,0.59,1.1,0.59,0.54,0.82,"animal_picture","near","mix","pure","learn_gen","animalpic_animalpic",26,18,44,22,0.64,0.13,"Serial-crossed",0.13,0,0,0,0.59,0.5,0.25,0.15,0.59,0.5,0.15,0.25,0.59,0.46,"Serial-crossed",0.141,0.424,NA,0.43,0.59,0.25,0.25,0.15,0.14,0.59,0,"Child_24","iterate","M",1.4,8,0.2,"no","near",NA,NA,NA,NA,NA,NA,NA,"discard","Near","discard","discard","discard","discard","discard","discard","discard","Child (Animal)","discard","discard","discard","discard","discard","discard","discard","discard","discard","discard","discard","discard","discard","discard","discard","discard","discard","discard","discard","discard","discard","discard","Child (2 Dimensions)","High Load","Near","Near","discard","discard","discard","discard","discard","discard","discard","discard","2 Dimensions","discard","discard","discard","discard","discard","discard","Child (6 item)","discard","discard","discard","discard","Child (6 item)","Child (6 item)","keep"
533,"3361","dedhe",6,"Child","round_2",46,2,"animal","near","same","yes","yes",0.25,0,0,0.75,"high",0.5,0.73,0.8,"2D","2D","stack","iterate","iterate","stack","Stack",0.9,0.1,NA,0.09,NA,NA,NA,NA,NA,NA,0.99,0.01,0.17,0.17,0.66,0.99,0.17,1,0.99,0.66,1.65,0.13,0.2,0.93,"animal_picture","near","mix","pure","learn_gen","animalpic_animalpic",7,4,11,5.5,0.83,0,"Serial-crossed",0.25,0,0,0,0.99,0.01,0.17,0.66,0.99,0.01,0.66,0.17,0.99,0.78,"Center-embedded",0.823,0.09,NA,0.09,0.99,0.01,0,0,0.73,0.73,1,"Child_13","2D","F",1.8,3,0.3,"yes","near",NA,NA,NA,NA,NA,NA,NA,"discard","Near","discard","discard","discard","discard","discard","discard","discard","Child (Animal)","discard","discard","discard","discard","discard","discard","discard","discard","discard","discard","discard","discard","discard","discard","discard","discard","discard","discard","discard","discard","discard","discard","Child (2 Dimensions)","High Load","Near","Near","discard","discard","discard","discard","discard","discard","discard","discard","2 Dimensions","discard","discard","discard","discard","discard","discard","Child (6 item)","discard","discard","discard","discard","Child (6 item)","Child (6 item)","keep"
534,"3363","dedhe",6,"Child","round_2",52,2,"animal","near","same","yes","yes",0.38,0,0,0.63,"high",1,0.83,0.88,"2D","2D","stack","iterate","iterate","stack","Stack",0.94,0.06,NA,0.06,NA,NA,NA,NA,NA,NA,0.99,0.01,0.09,0.09,0.83,0.99,0.1,1,0.99,0.83,1.81,0.08,0.12,0.96,"animal_picture","near","mix","pure","learn_gen","animalpic_animalpic",3,3,6,3,0.9,0,"Serial-crossed",0.38,0,0,0,0.99,0.01,0.09,0.83,0.99,0.01,0.83,0.09,0.99,0.87,"Center-embedded",0.889,0.055,NA,0.06,0.99,0.01,0,0,0.83,0.83,1,"Child_09","2D","M",1,0,0,"yes","near",NA,NA,NA,NA,NA,NA,NA,"discard","Near","discard","discard","discard","discard","discard","discard","discard","Child (Animal)","discard","discard","discard","discard","discard","discard","discard","discard","discard","discard","discard","discard","discard","discard","discard","discard","discard","discard","discard","discard","discard","discard","Child (2 Dimensions)","High Load","Near","Near","discard","discard","discard","discard","discard","discard","discard","discard","2 Dimensions","discard","discard","discard","discard","discard","discard","Child (6 item)","discard","discard","discard","discard","Child (6 item)","Child (6 item)","keep"
535,"3365","dedhe",6,"Child","round_2",49,3,"animal","near","same","yes","yes",0.13,0,0,0.88,"high",0.625,0.46,0.6,"2D","2D","stack","iterate","iterate","stack","Stack",0.79,0.21,NA,0.19,NA,NA,NA,NA,NA,NA,0.92,0.08,0.25,0.38,0.38,0.92,0.24,1,0.92,0.38,1.3,0.27,0.4,0.87,"animal_picture","near","mix","pure","learn_gen","animalpic_animalpic",7,3,10,5,0.76,0,"Serial-crossed",0.13,0,0,0,0.92,0.08,0.38,0.38,0.92,0.08,0.38,0.38,0.92,0.61,"Center-embedded",0.636,0.174,NA,0.19,0.92,0.08,0,0,0.45,0.46,1,"Child_12","2D","F",2.3,4,0.4,"yes","near",NA,NA,NA,NA,NA,NA,NA,"discard","Near","discard","discard","discard","discard","discard","discard","discard","Child (Animal)","discard","discard","discard","discard","discard","discard","discard","discard","discard","discard","discard","discard","discard","discard","discard","discard","discard","discard","discard","discard","discard","discard","Child (2 Dimensions)","High Load","Near","Near","discard","discard","discard","discard","discard","discard","discard","discard","2 Dimensions","discard","discard","discard","discard","discard","discard","Child (6 item)","discard","discard","discard","discard","Child (6 item)","Child (6 item)","keep"
536,"3422","dedhe",6,"Child","round_2",43,2,"animal","near","same","yes","yes",0,0.13,0,0.88,"low",0.25,0.43,0.57,"2D","2D","queue","iterate","iterate","queue","Queue",0.24,0.76,NA,0.18,NA,NA,NA,NA,NA,NA,0.67,0.33,0.25,0.37,0.38,0.67,0.24,1,0.67,0.38,1.05,0.28,0.43,0.86,"animal_picture","near","mix","pure","learn_gen","animalpic_animalpic",3,5,8,4,0.76,0.13,"Serial-crossed",0.13,0,0,0,0.67,0.33,0.37,0.38,0.67,0.33,0.38,0.37,0.67,0.59,"Serial-crossed",0.192,0.624,NA,0.18,0.67,0.33,0,0,0.19,0.43,0,"Child_26","2D","M",0.6,-2,-0.3,"no","near",NA,NA,NA,NA,NA,NA,NA,"discard","Near","discard","discard","discard","discard","discard","discard","discard","Child (Animal)","discard","discard","discard","discard","discard","discard","discard","discard","discard","discard","discard","discard","discard","discard","discard","discard","discard","discard","discard","discard","discard","discard","Child (2 Dimensions)","High Load","Near","Near","discard","discard","discard","discard","discard","discard","discard","discard","2 Dimensions","discard","discard","discard","discard","discard","discard","Child (6 item)","discard","discard","discard","discard","Child (6 item)","Child (6 item)","keep"
537,"3438","dedhe",6,"Child","round_2",64,4,"animal","near","same","yes","yes",0.25,0.13,0,0.63,"high",0.625,0.4,0.55,"2D","2D","stack","iterate","iterate","stack","Stack",0.72,0.28,NA,0.08,NA,NA,NA,NA,NA,NA,0.99,0.01,0.15,0.25,0.6,0.99,0.35,1,0.99,0.6,1.58,0.3,0.45,0.85,"animal_picture","near","mix","pure","learn_gen","animalpic_animalpic",15,4,19,9.5,0.65,0.13,"Serial-crossed",0.25,0,0,0,0.99,0.01,0.25,0.6,0.99,0.01,0.6,0.25,0.99,0.53,"Center-embedded",0.657,0.261,NA,0.08,0.99,0.01,0,0,0.4,0.4,1,"Child_02","2D","F",3.8,11,0.6,"yes","near",NA,NA,NA,NA,NA,NA,NA,"discard","Near","discard","discard","discard","discard","discard","discard","discard","Child (Animal)","discard","discard","discard","discard","discard","discard","discard","discard","discard","discard","discard","discard","discard","discard","discard","discard","discard","discard","discard","discard","discard","discard","Child (2 Dimensions)","High Load","Near","Near","discard","discard","discard","discard","discard","discard","discard","discard","2 Dimensions","discard","discard","discard","discard","discard","discard","Child (6 item)","discard","discard","discard","discard","Child (6 item)","Child (6 item)","keep"
538,"3442","dedhe",6,"Child","round_2",56,3,"animal","near","same","yes","yes",0.13,0,0.25,0.63,"low",0.125,0.18,0.38,"not 2D","associative","stack","iterate","iterate","associative","Associative",0.76,0.24,NA,0.66,NA,NA,NA,NA,NA,NA,0.75,0.25,0.44,0.11,0.45,0.75,0.34,1,0.75,0.45,1.19,0.41,0.62,0.79,"animal_picture","near","mix","pure","learn_gen","animalpic_animalpic",4,5,9,4.5,0.66,0.25,"Tail-recursive",0.25,0,0,0,0.75,0.25,0.11,0.45,0.75,0.25,0.45,0.11,0.66,0.42,"Tail-recursive",0.261,0.081,NA,0.66,0.75,0.25,0,0,0.26,0.66,0,"Child_15","associative","M",0.8,-1,-0.1,"no","near",NA,NA,NA,NA,NA,NA,NA,"discard","Near","discard","discard","discard","discard","discard","discard","discard","Child (Animal)","discard","discard","discard","discard","discard","discard","discard","discard","discard","discard","discard","discard","discard","discard","discard","discard","discard","discard","discard","discard","discard","discard","Child (2 Dimensions)","High Load","Near","Near","discard","discard","discard","discard","discard","discard","discard","discard","2 Dimensions","discard","discard","discard","discard","discard","discard","Child (6 item)","discard","discard","discard","discard","Child (6 item)","Child (6 item)","keep"
539,"3445","dedhe",6,"Child","round_2",41,2,"animal","near","same","yes","yes",0.38,0,0,0.63,"high",0.625,0.83,0.88,"2D","2D","stack","iterate","iterate","stack","Stack",0.94,0.06,NA,0.05,NA,NA,NA,NA,NA,NA,0.98,0.02,0.09,0.09,0.83,0.98,0.1,1,0.98,0.83,1.8,0.08,0.12,0.96,"animal_picture","near","mix","pure","learn_gen","animalpic_animalpic",6,3,9,4.5,0.9,0,"Serial-crossed",0.38,0,0,0,0.98,0.02,0.09,0.83,0.98,0.02,0.83,0.09,0.98,0.87,"Center-embedded",0.89,0.055,NA,0.05,0.98,0.02,0,0,0.83,0.83,1,"Child_17","2D","F",2,3,0.3,"yes","near",NA,NA,NA,NA,NA,NA,NA,"discard","Near","discard","discard","discard","discard","discard","discard","discard","Child (Animal)","discard","discard","discard","discard","discard","discard","discard","discard","discard","discard","discard","discard","discard","discard","discard","discard","discard","discard","discard","discard","discard","discard","Child (2 Dimensions)","High Load","Near","Near","discard","discard","discard","discard","discard","discard","discard","discard","2 Dimensions","discard","discard","discard","discard","discard","discard","Child (6 item)","discard","discard","discard","discard","Child (6 item)","Child (6 item)","keep"
540,"3447","dedhe",6,"Child","round_2",40,1,"animal","near","same","yes","yes",0,0,0,1,"low",0.25,0.01,0.26,"not 2D","1D","stack","iterate","iterate","iterate","Iterate",0.51,0.49,NA,0.34,NA,NA,NA,NA,NA,NA,0.95,0.05,0.28,0.44,0.28,0.95,0.23,1,0.95,0.44,1.39,0.95,0.74,0.75,"animal_picture","near","mix","pure","learn_gen","animalpic_animalpic",6,5,11,5.5,0.77,0,"Serial-crossed",0,0,0,0,0.95,0.05,0.44,0.28,0.95,0.05,0.28,0.44,0.95,0.39,"Center-embedded",0.338,0.324,NA,0.34,0.95,0.05,0,0,0,0.95,0,"Child_06","iterate","M",1.2,1,0.1,"no","near",NA,NA,NA,NA,NA,NA,NA,"discard","Near","discard","discard","discard","discard","discard","discard","discard","Child (Animal)","discard","discard","discard","discard","discard","discard","discard","discard","discard","discard","discard","discard","discard","discard","discard","discard","discard","discard","discard","discard","discard","discard","Child (2 Dimensions)","High Load","Near","Near","discard","discard","discard","discard","discard","discard","discard","discard","2 Dimensions","discard","discard","discard","discard","discard","discard","Child (6 item)","discard","discard","discard","discard","Child (6 item)","Child (6 item)","keep"
541,"3449","dedhe",6,"Child","round_2",65,2,"animal","near","same","yes","yes",0,0.13,0.13,0.75,"low",0,0.29,0.47,"not 2D","1D","queue","iterate","iterate","iterate","Iterate",0.24,0.76,NA,0.43,NA,NA,NA,NA,NA,NA,0.35,0.65,0.84,0.08,0.08,0.84,0.36,2,0.65,0.84,1.49,0.84,0.53,0.82,"animal_picture","near","mix","pure","learn_gen","animalpic_animalpic",20,9,29,14.5,0.64,0.13,"Serial-crossed",0.13,0,0,0,0.84,0.65,0.08,0.08,0.84,0.65,0.08,0.08,0.84,0.46,"Serial-crossed",0.138,0.429,NA,0.43,0.84,0.08,0.08,0.08,0.14,0.84,0,"Child_20","iterate","M",2.2,11,0.4,"no","near",NA,NA,NA,NA,NA,NA,NA,"discard","Near","discard","discard","discard","discard","discard","discard","discard","Child (Animal)","discard","discard","discard","discard","discard","discard","discard","discard","discard","discard","discard","discard","discard","discard","discard","discard","discard","discard","discard","discard","discard","discard","Child (2 Dimensions)","High Load","Near","Near","discard","discard","discard","discard","discard","discard","discard","discard","2 Dimensions","discard","discard","discard","discard","discard","discard","Child (6 item)","discard","discard","discard","discard","Child (6 item)","Child (6 item)","keep"
542,"3456","dedhe",6,"Child","round_2",57,1,"animal","near","same","yes","yes",0,0.13,0,0.88,"low",0.125,0.44,0.58,"2D","2D","queue","iterate","iterate","queue","Queue",0.23,0.77,NA,0.18,NA,NA,NA,NA,NA,NA,0.51,0.49,0.24,0.37,0.38,0.51,0.24,1,0.51,0.38,0.89,0.28,0.42,0.86,"animal_picture","near","mix","pure","learn_gen","animalpic_animalpic",30,5,35,17.5,0.76,0.13,"Serial-crossed",0.13,0,0,0,0.51,0.49,0.37,0.38,0.51,0.49,0.38,0.37,0.51,0.6,"Serial-crossed",0.19,0.627,NA,0.18,0.51,0.49,0,0,0.19,0.44,0,"Child_81","2D","M",6,25,0.7,"no","near",NA,NA,NA,NA,NA,NA,NA,"discard","Near","discard","discard","discard","discard","discard","discard","discard","Child (Animal)","discard","discard","discard","discard","discard","discard","discard","discard","discard","discard","discard","discard","discard","discard","discard","discard","discard","discard","discard","discard","discard","discard","Child (2 Dimensions)","High Load","Near","Near","discard","discard","discard","discard","discard","discard","discard","discard","2 Dimensions","discard","discard","discard","discard","discard","discard","Child (6 item)","discard","discard","discard","discard","Child (6 item)","Child (6 item)","keep"
543,"3458","dedhe",6,"Child","round_2",58,4,"animal","near","same","yes","yes",0,0,0.13,0.88,"low",0.375,0,0.25,"not 2D","associative","stack","iterate","iterate","associative","Associative",0.51,0.49,NA,0.63,NA,NA,NA,NA,NA,NA,0.79,0.21,0.65,0.17,0.18,0.79,0.24,1,0.79,0.65,1.44,0.5,0.75,0.75,"animal_picture","near","mix","pure","learn_gen","animalpic_animalpic",14,3,17,8.5,0.76,0.13,"Tail-recursive",0.13,0,0,0,0.79,0.21,0.17,0.18,0.79,0.21,0.18,0.17,0.63,0.38,"Tail-recursive",0.185,0.18,NA,0.63,0.79,0.21,0,0,0.19,0.63,0,"Child_16","associative","F",4.7,11,0.6,"no","near",NA,NA,NA,NA,NA,NA,NA,"discard","Near","discard","discard","discard","discard","discard","discard","discard","Child (Animal)","discard","discard","discard","discard","discard","discard","discard","discard","discard","discard","discard","discard","discard","discard","discard","discard","discard","discard","discard","discard","discard","discard","Child (2 Dimensions)","High Load","Near","Near","discard","discard","discard","discard","discard","discard","discard","discard","2 Dimensions","discard","discard","discard","discard","discard","discard","Child (6 item)","discard","discard","discard","discard","Child (6 item)","Child (6 item)","keep"
544,"3472","dedhe",6,"Child","round_2",65,2,"animal","near","same","yes","yes",0.75,0,0,0.25,"high",1,0.92,0.94,"2D","2D","stack","iterate","iterate","stack","Stack",0.97,0.03,NA,0.03,NA,NA,NA,NA,NA,NA,0.98,0.02,0.03,0.03,0.94,0.98,0.03,1,0.98,0.94,1.92,0.04,0.06,0.98,"animal_picture","near","mix","pure","learn_gen","animalpic_animalpic",3,4,7,3.5,0.97,0,"Serial-crossed",0.75,0,0,0,0.98,0.02,0.03,0.94,0.98,0.02,0.94,0.03,0.98,0.94,"Center-embedded",0.948,0.026,NA,0.03,0.98,0.02,0,0,0.92,0.92,1,"Child_03","2D","F",0.8,-1,-0.1,"yes","near",NA,NA,NA,NA,NA,NA,NA,"discard","Near","discard","discard","discard","discard","discard","discard","discard","Child (Animal)","discard","discard","discard","discard","discard","discard","discard","discard","discard","discard","discard","discard","discard","discard","discard","discard","discard","discard","discard","discard","discard","discard","Child (2 Dimensions)","High Load","Near","Near","discard","discard","discard","discard","discard","discard","discard","discard","2 Dimensions","discard","discard","discard","discard","discard","discard","Child (6 item)","discard","discard","discard","discard","Child (6 item)","Child (6 item)","keep"
545,"3474","dedhe",6,"Child","round_2",55,2,"animal","near","same","yes","yes",0.13,0,0,0.88,"low",0.25,0.45,0.59,"2D","2D","stack","iterate","iterate","stack","Stack",0.78,0.22,NA,0.19,NA,NA,NA,NA,NA,NA,0.84,0.16,0.24,0.37,0.38,0.84,0.25,1,0.84,0.38,1.22,0.27,0.41,0.86,"animal_picture","near","mix","pure","learn_gen","animalpic_animalpic",3,5,8,4,0.75,0,"Serial-crossed",0.13,0,0,0,0.84,0.16,0.37,0.38,0.84,0.16,0.38,0.37,0.84,0.6,"Center-embedded",0.633,0.179,NA,0.19,0.84,0.16,0,0,0.45,0.45,1,"Child_82","2D","F",0.6,-2,-0.3,"yes","near",NA,NA,NA,NA,NA,NA,NA,"discard","Near","discard","discard","discard","discard","discard","discard","discard","Child (Animal)","discard","discard","discard","discard","discard","discard","discard","discard","discard","discard","discard","discard","discard","discard","discard","discard","discard","discard","discard","discard","discard","discard","Child (2 Dimensions)","High Load","Near","Near","discard","discard","discard","discard","discard","discard","discard","discard","2 Dimensions","discard","discard","discard","discard","discard","discard","Child (6 item)","discard","discard","discard","discard","Child (6 item)","Child (6 item)","keep"
546,"3487","dedhe",6,"Child","round_2",46,2,"animal","near","same","yes","yes",0,0,0,1,"high",0.875,0,0.25,"not 2D","1D","queue","iterate","iterate","iterate","Iterate",0.5,0.5,NA,0.33,NA,NA,NA,NA,NA,NA,0.99,0.01,0.33,0.32,0.34,0.99,0.23,1,0.99,0.34,1.33,0.99,0.75,0.75,"animal_picture","near","mix","pure","learn_gen","animalpic_animalpic",7,4,11,5.5,0.77,0,"Serial-crossed",0,0,0,0,0.99,0.01,0.32,0.34,0.99,0.01,0.34,0.32,0.99,0.39,"Center-embedded",0.333,0.334,NA,0.33,0.99,0.01,0,0,0,0.99,0,"Child_19","iterate","F",1.8,3,0.3,"no","near",NA,NA,NA,NA,NA,NA,NA,"discard","Near","discard","discard","discard","discard","discard","discard","discard","Child (Animal)","discard","discard","discard","discard","discard","discard","discard","discard","discard","discard","discard","discard","discard","discard","discard","discard","discard","discard","discard","discard","discard","discard","Child (2 Dimensions)","High Load","Near","Near","discard","discard","discard","discard","discard","discard","discard","discard","2 Dimensions","discard","discard","discard","discard","discard","discard","Child (6 item)","discard","discard","discard","discard","Child (6 item)","Child (6 item)","keep"
547,"3496","dedhe",6,"Child","round_2",60,1,"animal","near","same","yes","yes",0.13,0.13,0,0.75,"high",0.625,0.02,0.27,"not 2D","1D","stack","iterate","iterate","iterate","Iterate",0.51,0.49,NA,0.13,NA,NA,NA,NA,NA,NA,0.98,0.02,0.15,0.59,0.25,0.98,0.36,1,0.98,0.59,1.57,0.98,0.73,0.76,"animal_picture","near","mix","pure","learn_gen","animalpic_animalpic",9,3,12,6,0.64,0.13,"Serial-crossed",0.13,0,0,0,0.98,0.02,0.59,0.25,0.98,0.02,0.25,0.59,0.98,0.33,"Center-embedded",0.444,0.422,NA,0.13,0.98,0.02,0,0,0.02,0.98,0,"Child_18","iterate","M",3,6,0.5,"no","near",NA,NA,NA,NA,NA,NA,NA,"discard","Near","discard","discard","discard","discard","discard","discard","discard","Child (Animal)","discard","discard","discard","discard","discard","discard","discard","discard","discard","discard","discard","discard","discard","discard","discard","discard","discard","discard","discard","discard","discard","discard","Child (2 Dimensions)","High Load","Near","Near","discard","discard","discard","discard","discard","discard","discard","discard","2 Dimensions","discard","discard","discard","discard","discard","discard","Child (6 item)","discard","discard","discard","discard","Child (6 item)","Child (6 item)","keep"
548,"3508","dedhe",6,"Child","round_2",68,1,"animal","near","same","yes","yes",0.13,0,0,0.88,"low",0.375,0.47,0.6,"2D","2D","stack","iterate","iterate","stack","Stack",0.79,0.21,NA,0.18,NA,NA,NA,NA,NA,NA,0.84,0.16,0.28,0.28,0.45,0.84,0.24,1,0.84,0.45,1.28,0.27,0.4,0.87,"animal_picture","near","mix","pure","learn_gen","animalpic_animalpic",17,26,43,21.5,0.76,0,"Serial-crossed",0.13,0,0,0,0.84,0.16,0.28,0.45,0.84,0.16,0.45,0.28,0.84,0.61,"Center-embedded",0.642,0.174,NA,0.18,0.84,0.16,0,0,0.46,0.47,1,"Child_83","2D","M",0.7,-9,-0.2,"yes","near",NA,NA,NA,NA,NA,NA,NA,"discard","Near","discard","discard","discard","discard","discard","discard","discard","Child (Animal)","discard","discard","discard","discard","discard","discard","discard","discard","discard","discard","discard","discard","discard","discard","discard","discard","discard","discard","discard","discard","discard","discard","Child (2 Dimensions)","High Load","Near","Near","discard","discard","discard","discard","discard","discard","discard","discard","2 Dimensions","discard","discard","discard","discard","discard","discard","Child (6 item)","discard","discard","discard","discard","Child (6 item)","Child (6 item)","keep"
549,"3510","dedhe",6,"Child","round_2",54,4,"animal","near","same","yes","yes",0.38,0,0,0.63,"high",0.875,0.83,0.88,"2D","2D","stack","iterate","iterate","stack","Stack",0.94,0.06,NA,0.06,NA,NA,NA,NA,NA,NA,0.99,0.01,0.09,0.08,0.83,0.99,0.1,1,0.99,0.83,1.82,0.08,0.12,0.96,"animal_picture","near","mix","pure","learn_gen","animalpic_animalpic",3,6,9,4.5,0.9,0,"Serial-crossed",0.38,0,0,0,0.99,0.01,0.08,0.83,0.99,0.01,0.83,0.08,0.99,0.87,"Center-embedded",0.889,0.055,NA,0.06,0.99,0.01,0,0,0.83,0.83,1,"Child_84","2D","F",0.5,-3,-0.3,"yes","near",NA,NA,NA,NA,NA,NA,NA,"discard","Near","discard","discard","discard","discard","discard","discard","discard","Child (Animal)","discard","discard","discard","discard","discard","discard","discard","discard","discard","discard","discard","discard","discard","discard","discard","discard","discard","discard","discard","discard","discard","discard","Child (2 Dimensions)","High Load","Near","Near","discard","discard","discard","discard","discard","discard","discard","discard","2 Dimensions","discard","discard","discard","discard","discard","discard","Child (6 item)","discard","discard","discard","discard","Child (6 item)","Child (6 item)","keep"
550,"3514","dedhe",6,"Child","round_2",54,1,"animal","near","same","yes","yes",0,0,0,1,"low",0.25,0,0.25,"not 2D","1D","stack","iterate","iterate","iterate","Iterate",0.5,0.5,NA,0.34,NA,NA,NA,NA,NA,NA,0.92,0.08,0.33,0.32,0.34,0.92,0.23,1,0.92,0.34,1.26,0.92,0.75,0.75,"animal_picture","near","mix","pure","learn_gen","animalpic_animalpic",7,4,11,5.5,0.77,0,"Serial-crossed",0,0,0,0,0.92,0.08,0.32,0.34,0.92,0.08,0.34,0.32,0.92,0.39,"Center-embedded",0.331,0.327,NA,0.34,0.92,0.08,0,0,0.01,0.92,0,"Child_14","iterate","F",1.8,3,0.3,"no","near",NA,NA,NA,NA,NA,NA,NA,"discard","Near","discard","discard","discard","discard","discard","discard","discard","Child (Animal)","discard","discard","discard","discard","discard","discard","discard","discard","discard","discard","discard","discard","discard","discard","discard","discard","discard","discard","discard","discard","discard","discard","Child (2 Dimensions)","High Load","Near","Near","discard","discard","discard","discard","discard","discard","discard","discard","2 Dimensions","discard","discard","discard","discard","discard","discard","Child (6 item)","discard","discard","discard","discard","Child (6 item)","Child (6 item)","keep"
551,"3629","dedhe",6,"Child","round_2",49,1,"animal","near","same","yes","yes",0.13,0.38,0,0.5,"high",0.5,0.57,0.67,"2D","2D","queue","iterate","iterate","queue","Queue",0.2,0.8,NA,0.05,NA,NA,NA,NA,NA,NA,0.97,0.03,0.08,0.76,0.16,0.97,0.27,1,0.97,0.76,1.73,0.22,0.33,0.89,"animal_picture","near","mix","pure","learn_gen","animalpic_animalpic",6,6,12,6,0.73,0.38,"Serial-crossed",0.38,0,0,0,0.97,0.03,0.76,0.16,0.97,0.03,0.16,0.76,0.97,0.65,"Serial-crossed",0.19,0.755,NA,0.05,0.97,0.03,0,0,0.19,0.57,0,"Child_22","2D","M",1,0,0,"no","near",NA,NA,NA,NA,NA,NA,NA,"discard","Near","discard","discard","discard","discard","discard","discard","discard","Child (Animal)","discard","discard","discard","discard","discard","discard","discard","discard","discard","discard","discard","discard","discard","discard","discard","discard","discard","discard","discard","discard","discard","discard","Child (2 Dimensions)","High Load","Near","Near","discard","discard","discard","discard","discard","discard","discard","discard","2 Dimensions","discard","discard","discard","discard","discard","discard","Child (6 item)","discard","discard","discard","discard","Child (6 item)","Child (6 item)","keep"
552,"3631","dedhe",6,"Child","round_2",48,4,"animal","near","same","yes","yes",0,0.38,0,0.63,"low",0.125,0.82,0.87,"2D","2D","queue","iterate","iterate","queue","Queue",0.06,0.94,NA,0.06,NA,NA,NA,NA,NA,NA,0.99,0.01,0.09,0.83,0.09,0.99,0.11,1,0.99,0.83,1.81,0.09,0.13,0.96,"animal_picture","near","mix","pure","learn_gen","animalpic_animalpic",21,9,30,15,0.89,0.38,"Serial-crossed",0.38,0,0,0,0.99,0.01,0.83,0.09,0.99,0.01,0.09,0.83,0.99,0.86,"Serial-crossed",0.058,0.883,NA,0.06,0.99,0.01,0,0,0.06,0.82,0,"Child_85","2D","F",2.3,12,0.4,"no","near",NA,NA,NA,NA,NA,NA,NA,"discard","Near","discard","discard","discard","discard","discard","discard","discard","Child (Animal)","discard","discard","discard","discard","discard","discard","discard","discard","discard","discard","discard","discard","discard","discard","discard","discard","discard","discard","discard","discard","discard","discard","Child (2 Dimensions)","High Load","Near","Near","discard","discard","discard","discard","discard","discard","discard","discard","2 Dimensions","discard","discard","discard","discard","discard","discard","Child (6 item)","discard","discard","discard","discard","Child (6 item)","Child (6 item)","keep"
553,"3634","dedhe",6,"Child","round_2",40,1,"animal","near","same","yes","yes",0,0.13,0,0.88,"low",0.125,0.45,0.58,"2D","2D","queue","iterate","iterate","queue","Queue",0.23,0.77,NA,0.18,NA,NA,NA,NA,NA,NA,0.98,0.02,0.28,0.43,0.29,0.98,0.25,1,0.98,0.43,1.41,0.28,0.42,0.86,"animal_picture","near","mix","pure","learn_gen","animalpic_animalpic",10,18,28,14,0.75,0.13,"Serial-crossed",0.13,0,0,0,0.98,0.02,0.43,0.29,0.98,0.02,0.29,0.43,0.98,0.6,"Serial-crossed",0.187,0.632,NA,0.18,0.98,0.02,0,0,0.19,0.45,0,"Child_86","2D","M",0.6,-8,-0.3,"no","near",NA,NA,NA,NA,NA,NA,NA,"discard","Near","discard","discard","discard","discard","discard","discard","discard","Child (Animal)","discard","discard","discard","discard","discard","discard","discard","discard","discard","discard","discard","discard","discard","discard","discard","discard","discard","discard","discard","discard","discard","discard","Child (2 Dimensions)","High Load","Near","Near","discard","discard","discard","discard","discard","discard","discard","discard","2 Dimensions","discard","discard","discard","discard","discard","discard","Child (6 item)","discard","discard","discard","discard","Child (6 item)","Child (6 item)","keep"
554,"3644","dedhe",6,"Child","round_2",44,1,"animal","near","same","yes","yes",0.13,0.13,0,0.75,"high",0.625,0,0.25,"not 2D","1D","stack","iterate","iterate","iterate","Iterate",0.5,0.5,NA,0.13,NA,NA,NA,NA,NA,NA,0.97,0.03,0.24,0.38,0.38,0.97,0.36,1,0.97,0.38,1.35,0.97,0.75,0.75,"animal_picture","near","mix","pure","learn_gen","animalpic_animalpic",4,11,15,7.5,0.64,0.13,"Serial-crossed",0.13,0,0,0,0.97,0.03,0.38,0.38,0.97,0.03,0.38,0.38,0.97,0.32,"Center-embedded",0.434,0.433,NA,0.13,0.97,0.03,0,0,0,0.97,0,"Child_27","iterate","F",0.4,-7,-0.5,"no","near",NA,NA,NA,NA,NA,NA,NA,"discard","Near","discard","discard","discard","discard","discard","discard","discard","Child (Animal)","discard","discard","discard","discard","discard","discard","discard","discard","discard","discard","discard","discard","discard","discard","discard","discard","discard","discard","discard","discard","discard","discard","Child (2 Dimensions)","High Load","Near","Near","discard","discard","discard","discard","discard","discard","discard","discard","2 Dimensions","discard","discard","discard","discard","discard","discard","Child (6 item)","discard","discard","discard","discard","Child (6 item)","Child (6 item)","keep"
555,"3646","dedhe",6,"Child","round_2",41,1,"animal","near","same","yes","yes",0,0,0.13,0.88,"low",0.125,0,0.25,"not 2D","associative","queue","alternate","seriate","associative","Associative",0.5,0.5,NA,0.64,NA,NA,NA,NA,NA,NA,0.47,0.53,0.38,0.37,0.25,0.53,0.25,1,0.53,0.38,0.91,0.5,0.75,0.75,"animal_picture","near","mix","pure","learn_gen","animalpic_animalpic",4,3,7,3.5,0.75,0.13,"Tail-recursive",0.13,0,0,0,0.47,0.53,0.37,0.25,0.47,0.53,0.25,0.37,0.64,0.38,"Tail-recursive",0.181,0.182,NA,0.64,0.47,0.53,0,0,0.18,0.64,0,"Child_87","associative","F",1.3,1,0.1,"no","near",NA,NA,NA,NA,NA,NA,NA,"discard","Near","discard","discard","discard","discard","discard","discard","discard","Child (Animal)","discard","discard","discard","discard","discard","discard","discard","discard","discard","discard","discard","discard","discard","discard","discard","discard","discard","discard","discard","discard","discard","discard","Child (2 Dimensions)","High Load","Near","Near","discard","discard","discard","discard","discard","discard","discard","discard","2 Dimensions","discard","discard","discard","discard","discard","discard","Child (6 item)","discard","discard","discard","discard","Child (6 item)","Child (6 item)","keep"
556,"3656","dedhe",6,"Child","round_2",40,1,"animal","near","same","yes","yes",0,0,0,1,"low",0.25,0.02,0.26,"not 2D","1D","stack","alternate","seriate","alternate","Seriate",0.51,0.49,NA,0.33,NA,NA,NA,NA,NA,NA,0.49,0.51,0.34,0.33,0.33,0.51,0.23,1,0.51,0.34,0.85,0.51,0.74,0.75,"animal_picture","near","mix","pure","learn_gen","animalpic_animalpic",5,5,10,5,0.77,0,"Serial-crossed",0,0,0,0,0.49,0.51,0.33,0.33,0.49,0.51,0.33,0.33,0.51,0.39,"Center-embedded",0.341,0.324,NA,0.33,0.49,0.51,0,0,0.01,0.51,0,"Child_88","alternate","F",1,0,0,"no","near",NA,NA,NA,NA,NA,NA,NA,"discard","Near","discard","discard","discard","discard","discard","discard","discard","Child (Animal)","discard","discard","discard","discard","discard","discard","discard","discard","discard","discard","discard","discard","discard","discard","discard","discard","discard","discard","discard","discard","discard","discard","Child (2 Dimensions)","High Load","Near","Near","discard","discard","discard","discard","discard","discard","discard","discard","2 Dimensions","discard","discard","discard","discard","discard","discard","Child (6 item)","discard","discard","discard","discard","Child (6 item)","Child (6 item)","keep"
557,"3658","dedhe",6,"Child","round_2",45,2,"animal","near","same","yes","yes",0.25,0,0,0.75,"low",0,0.74,0.81,"2D","2D","stack","iterate","iterate","stack","Stack",0.91,0.09,NA,0.09,NA,NA,NA,NA,NA,NA,0.92,0.08,0.17,0.17,0.66,0.92,0.17,1,0.92,0.66,1.58,0.13,0.19,0.94,"animal_picture","near","mix","pure","learn_gen","animalpic_animalpic",5,27,32,16,0.83,0,"Serial-crossed",0.25,0,0,0,0.92,0.08,0.17,0.66,0.92,0.08,0.66,0.17,0.92,0.79,"Center-embedded",0.829,0.085,NA,0.09,0.92,0.08,0,0,0.74,0.74,1,"Child_25","2D","M",0.2,-22,-0.7,"yes","near",NA,NA,NA,NA,NA,NA,NA,"discard","Near","discard","discard","discard","discard","discard","discard","discard","Child (Animal)","discard","discard","discard","discard","discard","discard","discard","discard","discard","discard","discard","discard","discard","discard","discard","discard","discard","discard","discard","discard","discard","discard","Child (2 Dimensions)","High Load","Near","Near","discard","discard","discard","discard","discard","discard","discard","discard","2 Dimensions","discard","discard","discard","discard","discard","discard","Child (6 item)","discard","discard","discard","discard","Child (6 item)","Child (6 item)","keep"
558,"S01","dedhe",6,"Child","round_2",48,2,"animal","near","same","yes","yes",0.13,0.25,0,0.63,"low",0.375,0.39,0.54,"2D","2D","queue","iterate","iterate","queue","Queue",0.29,0.71,NA,0.08,NA,NA,NA,NA,NA,NA,0.87,0.13,0.24,0.52,0.25,0.87,0.34,1,0.87,0.52,1.39,0.31,0.46,0.85,"animal_picture","near","mix","pure","learn_gen","animalpic_animalpic",10,4,14,7,0.66,0.25,"Serial-crossed",0.25,0,0,0,0.87,0.13,0.52,0.25,0.87,0.13,0.25,0.52,0.87,0.52,"Serial-crossed",0.265,0.652,NA,0.08,0.87,0.13,0,0,0.27,0.39,0,"Child_28","2D","M",2.5,6,0.4,"no","near",NA,NA,NA,NA,NA,NA,NA,"discard","Near","discard","discard","discard","discard","discard","discard","discard","Child (Animal)","discard","discard","discard","discard","discard","discard","discard","discard","discard","discard","discard","discard","discard","discard","discard","discard","discard","discard","discard","discard","discard","discard","Child (2 Dimensions)","High Load","Near","Near","discard","discard","discard","discard","discard","discard","discard","discard","2 Dimensions","discard","discard","discard","discard","discard","discard","Child (6 item)","discard","discard","discard","discard","Child (6 item)","Child (6 item)","keep"
559,"S02","dedhe",6,"Child","round_2",54,1,"animal","near","same","yes","yes",0,0,0.13,0.88,"low",0.125,0.01,0.26,"not 2D","associative","stack","iterate","iterate","associative","Associative",0.51,0.49,NA,0.64,NA,NA,NA,NA,NA,NA,0.35,0.65,0.93,0.04,0.04,0.93,0.25,2,0.65,0.93,1.58,0.5,0.74,0.75,"animal_picture","near","mix","pure","learn_gen","animalpic_animalpic",7,8,15,7.5,0.75,0.13,"Tail-recursive",0.13,0,0,0,0.93,0.65,0.04,0.04,0.93,0.65,0.04,0.04,0.64,0.38,"Tail-recursive",0.187,0.177,NA,0.64,0.93,0.04,0.04,0.04,0.19,0.64,0,"Child_18","associative","M",0.9,-1,-0.1,"no","near",NA,NA,NA,NA,NA,NA,NA,"discard","Near","discard","discard","discard","discard","discard","discard","discard","Child (Animal)","discard","discard","discard","discard","discard","discard","discard","discard","discard","discard","discard","discard","discard","discard","discard","discard","discard","discard","discard","discard","discard","discard","Child (2 Dimensions)","High Load","Near","Near","discard","discard","discard","discard","discard","discard","discard","discard","2 Dimensions","discard","discard","discard","discard","discard","discard","Child (6 item)","discard","discard","discard","discard","Child (6 item)","Child (6 item)","keep"
560,"S03","dedhe",6,"Child","round_2",48,2,"animal","near","same","yes","yes",0.13,0.38,0,0.5,"high",0.5,0.58,0.68,"2D","2D","queue","iterate","iterate","queue","Queue",0.2,0.8,NA,0.05,NA,NA,NA,NA,NA,NA,0.99,0.01,0.08,0.76,0.16,0.99,0.27,1,0.99,0.76,1.75,0.21,0.32,0.89,"animal_picture","near","mix","pure","learn_gen","animalpic_animalpic",7,4,11,5.5,0.73,0.38,"Serial-crossed",0.38,0,0,0,0.99,0.01,0.76,0.16,0.99,0.01,0.16,0.76,0.99,0.65,"Serial-crossed",0.185,0.762,NA,0.05,0.99,0.01,0,0,0.19,0.58,0,"Child_05","2D","F",1.8,3,0.3,"no","near",NA,NA,NA,NA,NA,NA,NA,"discard","Near","discard","discard","discard","discard","discard","discard","discard","Child (Animal)","discard","discard","discard","discard","discard","discard","discard","discard","discard","discard","discard","discard","discard","discard","discard","discard","discard","discard","discard","discard","discard","discard","Child (2 Dimensions)","High Load","Near","Near","discard","discard","discard","discard","discard","discard","discard","discard","2 Dimensions","discard","discard","discard","discard","discard","discard","Child (6 item)","discard","discard","discard","discard","Child (6 item)","Child (6 item)","keep"
561,"S04","dedhe",6,"Child","round_2",47,2,"animal","near","same","yes","yes",0.75,0,0,0.25,"high",1,0.92,0.94,"2D","2D","stack","iterate","iterate","stack","Stack",0.97,0.03,NA,0.03,NA,NA,NA,NA,NA,NA,0.98,0.02,0.03,0.03,0.94,0.98,0.04,1,0.98,0.94,1.92,0.04,0.06,0.98,"animal_picture","near","mix","pure","learn_gen","animalpic_animalpic",3,4,7,3.5,0.96,0,"Serial-crossed",0.75,0,0,0,0.98,0.02,0.03,0.94,0.98,0.02,0.94,0.03,0.98,0.94,"Center-embedded",0.949,0.026,NA,0.03,0.98,0.02,0,0,0.92,0.92,1,"Child_89","2D","F",0.8,-1,-0.1,"yes","near",NA,NA,NA,NA,NA,NA,NA,"discard","Near","discard","discard","discard","discard","discard","discard","discard","Child (Animal)","discard","discard","discard","discard","discard","discard","discard","discard","discard","discard","discard","discard","discard","discard","discard","discard","discard","discard","discard","discard","discard","discard","Child (2 Dimensions)","High Load","Near","Near","discard","discard","discard","discard","discard","discard","discard","discard","2 Dimensions","discard","discard","discard","discard","discard","discard","Child (6 item)","discard","discard","discard","discard","Child (6 item)","Child (6 item)","keep"
562,"S05","dedhe",6,"Child","round_2",51,3,"animal","near","same","yes","yes",0.13,0,0.38,0.5,"high",0.625,0.14,0.35,"not 2D","associative","stack","iterate","iterate","associative","Associative",0.78,0.22,NA,0.76,NA,NA,NA,NA,NA,NA,0.2,0.8,0.92,0.02,0.06,0.92,0.26,2,0.8,0.92,1.72,0.43,0.65,0.78,"animal_picture","near","mix","pure","learn_gen","animalpic_animalpic",3,3,6,3,0.74,0.38,"Tail-recursive",0.38,0,0,0,0.92,0.8,0.02,0.06,0.92,0.8,0.06,0.02,0.76,0.44,"Tail-recursive",0.189,0.053,NA,0.76,0.92,0.02,0.02,0.06,0.19,0.76,0,"Child_90","associative","M",1,0,0,"no","near",NA,NA,NA,NA,NA,NA,NA,"discard","Near","discard","discard","discard","discard","discard","discard","discard","Child (Animal)","discard","discard","discard","discard","discard","discard","discard","discard","discard","discard","discard","discard","discard","discard","discard","discard","discard","discard","discard","discard","discard","discard","Child (2 Dimensions)","High Load","Near","Near","discard","discard","discard","discard","discard","discard","discard","discard","2 Dimensions","discard","discard","discard","discard","discard","discard","Child (6 item)","discard","discard","discard","discard","Child (6 item)","Child (6 item)","keep"
563,"S06","dedhe",6,"Child","round_2",60,2,"animal","near","same","yes","yes",0,0.63,0.13,0.25,"low",0.375,0.82,0.86,"2D","2D","queue","iterate","iterate","queue","Queue",0.03,0.97,NA,0.12,NA,NA,NA,NA,NA,NA,0.93,0.07,0.08,0.88,0.04,0.93,0.14,1,0.93,0.88,1.81,0.09,0.14,0.95,"animal_picture","near","mix","pure","learn_gen","animalpic_animalpic",4,3,7,3.5,0.86,0.63,"Serial-crossed",0.63,0,0,0,0.93,0.07,0.88,0.04,0.93,0.07,0.04,0.88,0.93,0.84,"Serial-crossed",0.03,0.847,NA,0.12,0.93,0.07,0,0,0.03,0.82,0,"Child_91","2D","M",1.3,1,0.1,"no","near",NA,NA,NA,NA,NA,NA,NA,"discard","Near","discard","discard","discard","discard","discard","discard","discard","Child (Animal)","discard","discard","discard","discard","discard","discard","discard","discard","discard","discard","discard","discard","discard","discard","discard","discard","discard","discard","discard","discard","discard","discard","Child (2 Dimensions)","High Load","Near","Near","discard","discard","discard","discard","discard","discard","discard","discard","2 Dimensions","discard","discard","discard","discard","discard","discard","Child (6 item)","discard","discard","discard","discard","Child (6 item)","Child (6 item)","keep"
564,"S07","dedhe",6,"Child","round_2",45,3,"animal","near","same","yes","yes",0.38,0,0,0.63,"high",0.5,0.83,0.87,"2D","2D","stack","iterate","iterate","stack","Stack",0.94,0.06,NA,0.06,NA,NA,NA,NA,NA,NA,0.98,0.02,0.09,0.09,0.82,0.98,0.1,1,0.98,0.82,1.8,0.08,0.13,0.96,"animal_picture","near","mix","pure","learn_gen","animalpic_animalpic",9,3,12,6,0.9,0,"Serial-crossed",0.38,0,0,0,0.98,0.02,0.09,0.82,0.98,0.02,0.82,0.09,0.98,0.87,"Center-embedded",0.889,0.055,NA,0.06,0.98,0.02,0,0,0.83,0.83,1,"Child_12","2D","F",3,6,0.5,"yes","near",NA,NA,NA,NA,NA,NA,NA,"discard","Near","discard","discard","discard","discard","discard","discard","discard","Child (Animal)","discard","discard","discard","discard","discard","discard","discard","discard","discard","discard","discard","discard","discard","discard","discard","discard","discard","discard","discard","discard","discard","discard","Child (2 Dimensions)","High Load","Near","Near","discard","discard","discard","discard","discard","discard","discard","discard","2 Dimensions","discard","discard","discard","discard","discard","discard","Child (6 item)","discard","discard","discard","discard","Child (6 item)","Child (6 item)","keep"
565,"S09","dedhe",6,"Child","round_2",51,1,"animal","near","same","yes","yes",0.13,0.13,0,0.75,"high",0.75,0.01,0.26,"not 2D","1D","stack","iterate","iterate","iterate","Iterate",0.51,0.49,NA,0.14,NA,NA,NA,NA,NA,NA,0.98,0.02,0.24,0.38,0.39,0.98,0.37,1,0.98,0.39,1.36,0.98,0.74,0.75,"animal_picture","near","mix","pure","learn_gen","animalpic_animalpic",11,13,24,12,0.63,0.13,"Serial-crossed",0.13,0,0,0,0.98,0.02,0.38,0.39,0.98,0.02,0.39,0.38,0.98,0.32,"Center-embedded",0.436,0.427,NA,0.14,0.98,0.02,0,0,0.01,0.98,0,"Child_23","iterate","M",0.8,-2,-0.1,"no","near",NA,NA,NA,NA,NA,NA,NA,"discard","Near","discard","discard","discard","discard","discard","discard","discard","Child (Animal)","discard","discard","discard","discard","discard","discard","discard","discard","discard","discard","discard","discard","discard","discard","discard","discard","discard","discard","discard","discard","discard","discard","Child (2 Dimensions)","High Load","Near","Near","discard","discard","discard","discard","discard","discard","discard","discard","2 Dimensions","discard","discard","discard","discard","discard","discard","Child (6 item)","discard","discard","discard","discard","Child (6 item)","Child (6 item)","keep"
566,"S10","dedhe",6,"Child","round_2",73,3,"animal","near","same","yes","yes",0,0.25,0,0.75,"high",0.5,0.73,0.8,"2D","2D","queue","iterate","iterate","queue","Queue",0.1,0.9,NA,0.09,NA,NA,NA,NA,NA,NA,0.97,0.03,0.17,0.65,0.18,0.97,0.17,1,0.97,0.65,1.62,0.13,0.2,0.93,"animal_picture","near","mix","pure","learn_gen","animalpic_animalpic",7,5,12,6,0.83,0.25,"Serial-crossed",0.25,0,0,0,0.97,0.03,0.65,0.18,0.97,0.03,0.18,0.65,0.97,0.78,"Serial-crossed",0.09,0.823,NA,0.09,0.97,0.03,0,0,0.09,0.73,0,"Child_29","2D","F",1.4,2,0.2,"no","near",NA,NA,NA,NA,NA,NA,NA,"discard","Near","discard","discard","discard","discard","discard","discard","discard","Child (Animal)","discard","discard","discard","discard","discard","discard","discard","discard","discard","discard","discard","discard","discard","discard","discard","discard","discard","discard","discard","discard","discard","discard","Child (2 Dimensions)","High Load","Near","Near","discard","discard","discard","discard","discard","discard","discard","discard","2 Dimensions","discard","discard","discard","discard","discard","discard","Child (6 item)","discard","discard","discard","discard","Child (6 item)","Child (6 item)","keep"
567,"S11","dedhe",6,"Child","round_2",70,3,"animal","near","same","yes","yes",0.75,0,0,0.25,"high",0.875,0.92,0.94,"2D","2D","stack","iterate","iterate","stack","Stack",0.97,0.03,NA,0.02,NA,NA,NA,NA,NA,NA,0.99,0.01,0.03,0.03,0.94,0.99,0.04,1,0.99,0.94,1.93,0.04,0.06,0.98,"animal_picture","near","mix","pure","learn_gen","animalpic_animalpic",4,4,8,4,0.96,0,"Serial-crossed",0.75,0,0,0,0.99,0.01,0.03,0.94,0.99,0.01,0.94,0.03,0.99,0.94,"Center-embedded",0.949,0.026,NA,0.02,0.99,0.01,0,0,0.92,0.92,1,"Child_36","2D","M",1,0,0,"yes","near",NA,NA,NA,NA,NA,NA,NA,"discard","Near","discard","discard","discard","discard","discard","discard","discard","Child (Animal)","discard","discard","discard","discard","discard","discard","discard","discard","discard","discard","discard","discard","discard","discard","discard","discard","discard","discard","discard","discard","discard","discard","Child (2 Dimensions)","High Load","Near","Near","discard","discard","discard","discard","discard","discard","discard","discard","2 Dimensions","discard","discard","discard","discard","discard","discard","Child (6 item)","discard","discard","discard","discard","Child (6 item)","Child (6 item)","keep"
568,"S12","dedhe",6,"Child","round_2",48,1,"animal","near","same","yes","yes",0.13,0,0,0.88,"high",0.5,0.45,0.59,"2D","2D","stack","iterate","iterate","stack","Stack",0.78,0.22,NA,0.18,NA,NA,NA,NA,NA,NA,0.84,0.16,0.24,0.38,0.38,0.84,0.24,1,0.84,0.38,1.22,0.27,0.41,0.86,"animal_picture","near","mix","pure","learn_gen","animalpic_animalpic",4,16,20,10,0.76,0,"Serial-crossed",0.13,0,0,0,0.84,0.16,0.38,0.38,0.84,0.16,0.38,0.38,0.84,0.61,"Center-embedded",0.638,0.183,NA,0.18,0.84,0.16,0,0,0.45,0.45,1,"Child_84","2D","F",0.3,-12,-0.6,"yes","near",NA,NA,NA,NA,NA,NA,NA,"discard","Near","discard","discard","discard","discard","discard","discard","discard","Child (Animal)","discard","discard","discard","discard","discard","discard","discard","discard","discard","discard","discard","discard","discard","discard","discard","discard","discard","discard","discard","discard","discard","discard","Child (2 Dimensions)","High Load","Near","Near","discard","discard","discard","discard","discard","discard","discard","discard","2 Dimensions","discard","discard","discard","discard","discard","discard","Child (6 item)","discard","discard","discard","discard","Child (6 item)","Child (6 item)","keep"
569,"S14","dedhe",6,"Child","round_2",48,3,"animal","near","same","yes","yes",0.25,0.13,0,0.63,"high",0.625,0.4,0.55,"2D","2D","stack","iterate","iterate","stack","Stack",0.72,0.28,NA,0.08,NA,NA,NA,NA,NA,NA,0.79,0.21,0.08,0.15,0.76,0.79,0.35,1,0.79,0.76,1.56,0.3,0.45,0.85,"animal_picture","near","mix","pure","learn_gen","animalpic_animalpic",8,8,16,8,0.65,0.13,"Serial-crossed",0.25,0,0,0,0.79,0.21,0.15,0.76,0.79,0.21,0.76,0.15,0.79,0.53,"Center-embedded",0.658,0.26,NA,0.08,0.79,0.21,0,0,0.4,0.4,1,"Child_14","2D","F",1,0,0,"yes","near",NA,NA,NA,NA,NA,NA,NA,"discard","Near","discard","discard","discard","discard","discard","discard","discard","Child (Animal)","discard","discard","discard","discard","discard","discard","discard","discard","discard","discard","discard","discard","discard","discard","discard","discard","discard","discard","discard","discard","discard","discard","Child (2 Dimensions)","High Load","Near","Near","discard","discard","discard","discard","discard","discard","discard","discard","2 Dimensions","discard","discard","discard","discard","discard","discard","Child (6 item)","discard","discard","discard","discard","Child (6 item)","Child (6 item)","keep"
570,"S15","dedhe",6,"Child","round_2",53,2,"animal","near","same","yes","yes",0.25,0.25,0,0.5,"high",0.75,0.01,0.25,"not 2D","1D","stack","iterate","iterate","iterate","Iterate",0.5,0.5,NA,0.07,NA,NA,NA,NA,NA,NA,0.99,0.01,0.11,0.44,0.45,0.99,0.41,1,0.99,0.45,1.44,0.99,0.75,0.75,"animal_picture","near","mix","pure","learn_gen","animalpic_animalpic",4,4,8,4,0.59,0.25,"Serial-crossed",0.25,0,0,0,0.99,0.01,0.44,0.45,0.99,0.01,0.45,0.44,0.99,0.3,"Center-embedded",0.47,0.465,NA,0.07,0.99,0.01,0,0,0.01,0.99,0,"Child_04","iterate","F",1,0,0,"no","near",NA,NA,NA,NA,NA,NA,NA,"discard","Near","discard","discard","discard","discard","discard","discard","discard","Child (Animal)","discard","discard","discard","discard","discard","discard","discard","discard","discard","discard","discard","discard","discard","discard","discard","discard","discard","discard","discard","discard","discard","discard","Child (2 Dimensions)","High Load","Near","Near","discard","discard","discard","discard","discard","discard","discard","discard","2 Dimensions","discard","discard","discard","discard","discard","discard","Child (6 item)","discard","discard","discard","discard","Child (6 item)","Child (6 item)","keep"
571,"S16","dedhe",6,"Child","round_2",45,2,"animal","near","same","yes","yes",0.13,0,0,0.88,"low",0.375,0.47,0.6,"2D","2D","stack","iterate","iterate","stack","Stack",0.79,0.21,NA,0.18,NA,NA,NA,NA,NA,NA,0.97,0.03,0.28,0.28,0.43,0.97,0.24,1,0.97,0.43,1.4,0.26,0.4,0.87,"animal_picture","near","mix","pure","learn_gen","animalpic_animalpic",18,6,24,12,0.76,0,"Serial-crossed",0.13,0,0,0,0.97,0.03,0.28,0.43,0.97,0.03,0.43,0.28,0.97,0.61,"Center-embedded",0.645,0.174,NA,0.18,0.97,0.03,0,0,0.46,0.47,1,"Child_92","2D","M",3,12,0.5,"yes","near",NA,NA,NA,NA,NA,NA,NA,"discard","Near","discard","discard","discard","discard","discard","discard","discard","Child (Animal)","discard","discard","discard","discard","discard","discard","discard","discard","discard","discard","discard","discard","discard","discard","discard","discard","discard","discard","discard","discard","discard","discard","Child (2 Dimensions)","High Load","Near","Near","discard","discard","discard","discard","discard","discard","discard","discard","2 Dimensions","discard","discard","discard","discard","discard","discard","Child (6 item)","discard","discard","discard","discard","Child (6 item)","Child (6 item)","keep"
572,"S18","dedhe",6,"Child","round_2",56,2,"animal","near","same","yes","yes",0,0,0.13,0.88,"high",0.75,0,0.25,"not 2D","associative","stack","iterate","iterate","associative","Associative",0.51,0.49,NA,0.63,NA,NA,NA,NA,NA,NA,0.93,0.07,0.38,0.24,0.38,0.93,0.24,1,0.93,0.38,1.31,0.5,0.75,0.75,"animal_picture","near","mix","pure","learn_gen","animalpic_animalpic",9,3,12,6,0.76,0.13,"Tail-recursive",0.13,0,0,0,0.93,0.07,0.24,0.38,0.93,0.07,0.38,0.24,0.63,0.38,"Tail-recursive",0.186,0.182,NA,0.63,0.93,0.07,0,0,0.19,0.63,0,"Child_93","associative","F",3,6,0.5,"no","near",NA,NA,NA,NA,NA,NA,NA,"discard","Near","discard","discard","discard","discard","discard","discard","discard","Child (Animal)","discard","discard","discard","discard","discard","discard","discard","discard","discard","discard","discard","discard","discard","discard","discard","discard","discard","discard","discard","discard","discard","discard","Child (2 Dimensions)","High Load","Near","Near","discard","discard","discard","discard","discard","discard","discard","discard","2 Dimensions","discard","discard","discard","discard","discard","discard","Child (6 item)","discard","discard","discard","discard","Child (6 item)","Child (6 item)","keep"
573,"S19","dedhe",6,"Child","round_2",59,2,"animal","near","same","yes","yes",0,0.13,0,0.88,"high",0.625,0.44,0.58,"2D","2D","queue","iterate","iterate","queue","Queue",0.23,0.77,NA,0.18,NA,NA,NA,NA,NA,NA,0.99,0.01,0.29,0.43,0.29,0.99,0.25,1,0.99,0.43,1.41,0.28,0.42,0.86,"animal_picture","near","mix","pure","learn_gen","animalpic_animalpic",3,4,7,3.5,0.75,0.13,"Serial-crossed",0.13,0,0,0,0.99,0.01,0.43,0.29,0.99,0.01,0.29,0.43,0.99,0.6,"Serial-crossed",0.185,0.63,NA,0.18,0.99,0.01,0,0,0.19,0.44,0,"Child_02","2D","F",0.8,-1,-0.1,"no","near",NA,NA,NA,NA,NA,NA,NA,"discard","Near","discard","discard","discard","discard","discard","discard","discard","Child (Animal)","discard","discard","discard","discard","discard","discard","discard","discard","discard","discard","discard","discard","discard","discard","discard","discard","discard","discard","discard","discard","discard","discard","Child (2 Dimensions)","High Load","Near","Near","discard","discard","discard","discard","discard","discard","discard","discard","2 Dimensions","discard","discard","discard","discard","discard","discard","Child (6 item)","discard","discard","discard","discard","Child (6 item)","Child (6 item)","keep"
574,"S20","dedhe",6,"Child","round_2",68,4,"animal","near","same","yes","yes",0.13,0.38,0.13,0.38,"high",0.875,0.5,0.62,"2D","2D","queue","iterate","iterate","queue","Queue",0.2,0.8,NA,0.16,NA,NA,NA,NA,NA,NA,0.95,0.05,0.15,0.7,0.15,0.95,0.59,1,0.95,0.7,1.64,0.25,0.38,0.87,"animal_picture","near","mix","pure","learn_gen","animalpic_animalpic",7,10,17,8.5,0.41,0.38,"Serial-crossed",0.38,0,0,0,0.95,0.05,0.7,0.15,0.95,0.05,0.15,0.7,0.95,0.45,"Serial-crossed",0.169,0.667,NA,0.16,0.95,0.05,0,0,0.17,0.5,0,"Child_46","2D","M",0.7,-3,-0.2,"no","near",NA,NA,NA,NA,NA,NA,NA,"discard","Near","discard","discard","discard","discard","discard","discard","discard","Child (Animal)","discard","discard","discard","discard","discard","discard","discard","discard","discard","discard","discard","discard","discard","discard","discard","discard","discard","discard","discard","discard","discard","discard","Child (2 Dimensions)","High Load","Near","Near","discard","discard","discard","discard","discard","discard","discard","discard","2 Dimensions","discard","discard","discard","discard","discard","discard","Child (6 item)","discard","discard","discard","discard","Child (6 item)","Child (6 item)","keep"
575,"S22","dedhe",6,"Child","round_2",53,1,"animal","near","same","yes","yes",0,0,0,1,"low",0.25,0,0.25,"not 2D","1D","stack","iterate","iterate","iterate","Iterate",0.5,0.5,NA,0.33,NA,NA,NA,NA,NA,NA,0.84,0.16,0.34,0.32,0.34,0.84,0.23,1,0.84,0.34,1.17,0.84,0.75,0.75,"animal_picture","near","mix","pure","learn_gen","animalpic_animalpic",5,11,16,8,0.77,0,"Serial-crossed",0,0,0,0,0.84,0.16,0.32,0.34,0.84,0.16,0.34,0.32,0.84,0.39,"Center-embedded",0.337,0.332,NA,0.33,0.84,0.16,0,0,0,0.84,0,"Child_16","iterate","F",0.5,-6,-0.4,"no","near",NA,NA,NA,NA,NA,NA,NA,"discard","Near","discard","discard","discard","discard","discard","discard","discard","Child (Animal)","discard","discard","discard","discard","discard","discard","discard","discard","discard","discard","discard","discard","discard","discard","discard","discard","discard","discard","discard","discard","discard","discard","Child (2 Dimensions)","High Load","Near","Near","discard","discard","discard","discard","discard","discard","discard","discard","2 Dimensions","discard","discard","discard","discard","discard","discard","Child (6 item)","discard","discard","discard","discard","Child (6 item)","Child (6 item)","keep"
576,"S23","dedhe",6,"Child","round_2",67,2,"animal","near","same","yes","yes",0.75,0,0,0.25,"high",0.5,0.92,0.94,"2D","2D","stack","iterate","iterate","stack","Stack",0.97,0.03,NA,0.03,NA,NA,NA,NA,NA,NA,0.98,0.02,0.03,0.03,0.94,0.98,0.04,1,0.98,0.94,1.92,0.04,0.06,0.98,"animal_picture","near","mix","pure","learn_gen","animalpic_animalpic",4,6,10,5,0.96,0,"Serial-crossed",0.75,0,0,0,0.98,0.02,0.03,0.94,0.98,0.02,0.94,0.03,0.98,0.94,"Center-embedded",0.949,0.025,NA,0.03,0.98,0.02,0,0,0.92,0.92,1,"Child_44","2D","M",0.7,-2,-0.2,"yes","near",NA,NA,NA,NA,NA,NA,NA,"discard","Near","discard","discard","discard","discard","discard","discard","discard","Child (Animal)","discard","discard","discard","discard","discard","discard","discard","discard","discard","discard","discard","discard","discard","discard","discard","discard","discard","discard","discard","discard","discard","discard","Child (2 Dimensions)","High Load","Near","Near","discard","discard","discard","discard","discard","discard","discard","discard","2 Dimensions","discard","discard","discard","discard","discard","discard","Child (6 item)","discard","discard","discard","discard","Child (6 item)","Child (6 item)","keep"
577,"S24","dedhe",6,"Child","round_2",68,2,"animal","near","same","yes","yes",0.63,0,0,0.38,"high",1,0.9,0.93,"2D","2D","stack","iterate","iterate","stack","Stack",0.97,0.03,NA,0.03,NA,NA,NA,NA,NA,NA,0.98,0.02,0.04,0.04,0.93,0.98,0.05,1,0.98,0.93,1.9,0.05,0.07,0.98,"animal_picture","near","mix","pure","learn_gen","animalpic_animalpic",4,3,7,3.5,0.95,0,"Serial-crossed",0.63,0,0,0,0.98,0.02,0.04,0.93,0.98,0.02,0.93,0.04,0.98,0.93,"Center-embedded",0.935,0.032,NA,0.03,0.98,0.02,0,0,0.9,0.9,1,"Child_40","2D","M",1.3,1,0.1,"yes","near",NA,NA,NA,NA,NA,NA,NA,"discard","Near","discard","discard","discard","discard","discard","discard","discard","Child (Animal)","discard","discard","discard","discard","discard","discard","discard","discard","discard","discard","discard","discard","discard","discard","discard","discard","discard","discard","discard","discard","discard","discard","Child (2 Dimensions)","High Load","Near","Near","discard","discard","discard","discard","discard","discard","discard","discard","2 Dimensions","discard","discard","discard","discard","discard","discard","Child (6 item)","discard","discard","discard","discard","Child (6 item)","Child (6 item)","keep"
578,"S25","dedhe",6,"Child","round_2",56,2,"animal","near","same","yes","yes",0,0,0,1,"high",0.75,0.01,0.26,"not 2D","1D","stack","alternate","seriate","alternate","Seriate",0.51,0.49,NA,0.32,NA,NA,NA,NA,NA,NA,0.49,0.51,0.34,0.33,0.33,0.51,0.23,1,0.51,0.34,0.84,0.51,0.74,0.75,"animal_picture","near","mix","pure","learn_gen","animalpic_animalpic",4,3,7,3.5,0.77,0,"Serial-crossed",0,0,0,0,0.49,0.51,0.33,0.33,0.49,0.51,0.33,0.33,0.51,0.39,"Center-embedded",0.343,0.332,NA,0.32,0.49,0.51,0,0,0.01,0.51,0,"Child_41","alternate","M",1.3,1,0.1,"no","near",NA,NA,NA,NA,NA,NA,NA,"discard","Near","discard","discard","discard","discard","discard","discard","discard","Child (Animal)","discard","discard","discard","discard","discard","discard","discard","discard","discard","discard","discard","discard","discard","discard","discard","discard","discard","discard","discard","discard","discard","discard","Child (2 Dimensions)","High Load","Near","Near","discard","discard","discard","discard","discard","discard","discard","discard","2 Dimensions","discard","discard","discard","discard","discard","discard","Child (6 item)","discard","discard","discard","discard","Child (6 item)","Child (6 item)","keep"
579,"S26","dedhe",6,"Child","round_2",70,3,"animal","near","same","yes","yes",0.5,0,0,0.5,"high",0.5,0.87,0.91,"2D","2D","stack","iterate","iterate","stack","Stack",0.96,0.04,NA,0.04,NA,NA,NA,NA,NA,NA,0.98,0.02,0.05,0.05,0.89,0.98,0.07,1,0.98,0.89,1.87,0.06,0.09,0.97,"animal_picture","near","mix","pure","learn_gen","animalpic_animalpic",4,12,16,8,0.93,0,"Serial-crossed",0.5,0,0,0,0.98,0.02,0.05,0.89,0.98,0.02,0.89,0.05,0.98,0.9,"Center-embedded",0.916,0.042,NA,0.04,0.98,0.02,0,0,0.87,0.87,1,"Child_34","2D","M",0.3,-8,-0.5,"yes","near",NA,NA,NA,NA,NA,NA,NA,"discard","Near","discard","discard","discard","discard","discard","discard","discard","Child (Animal)","discard","discard","discard","discard","discard","discard","discard","discard","discard","discard","discard","discard","discard","discard","discard","discard","discard","discard","discard","discard","discard","discard","Child (2 Dimensions)","High Load","Near","Near","discard","discard","discard","discard","discard","discard","discard","discard","2 Dimensions","discard","discard","discard","discard","discard","discard","Child (6 item)","discard","discard","discard","discard","Child (6 item)","Child (6 item)","keep"
580,"S27","dedhe",6,"Child","round_2",68,4,"animal","near","same","yes","yes",0,0,0,1,"high",0.5,0.02,0.27,"not 2D","1D","stack","iterate","iterate","iterate","Iterate",0.52,0.48,NA,0.33,NA,NA,NA,NA,NA,NA,0.99,0.01,0.33,0.34,0.33,0.99,0.23,1,0.99,0.34,1.32,0.99,0.73,0.76,"animal_picture","near","mix","pure","learn_gen","animalpic_animalpic",4,10,14,7,0.77,0,"Serial-crossed",0,0,0,0,0.99,0.01,0.34,0.33,0.99,0.01,0.33,0.34,0.99,0.39,"Center-embedded",0.347,0.324,NA,0.33,0.99,0.01,0,0,0.02,0.99,0,"Child_94","iterate","M",0.4,-6,-0.4,"no","near",NA,NA,NA,NA,NA,NA,NA,"discard","Near","discard","discard","discard","discard","discard","discard","discard","Child (Animal)","discard","discard","discard","discard","discard","discard","discard","discard","discard","discard","discard","discard","discard","discard","discard","discard","discard","discard","discard","discard","discard","discard","Child (2 Dimensions)","High Load","Near","Near","discard","discard","discard","discard","discard","discard","discard","discard","2 Dimensions","discard","discard","discard","discard","discard","discard","Child (6 item)","discard","discard","discard","discard","Child (6 item)","Child (6 item)","keep"
581,"S28","dedhe",6,"Child","round_2",70,4,"animal","near","same","yes","yes",0,0,0,1,"high",0.625,0.02,0.27,"not 2D","1D","stack","alternate","seriate","alternate","Seriate",0.52,0.48,NA,0.33,NA,NA,NA,NA,NA,NA,0.5,0.5,0.43,0.28,0.29,0.5,0.23,1,0.5,0.43,0.94,0.5,0.73,0.76,"animal_picture","near","mix","pure","learn_gen","animalpic_animalpic",12,4,16,8,0.77,0,"Serial-crossed",0,0,0,0,0.5,0.5,0.28,0.29,0.5,0.5,0.29,0.28,0.5,0.4,"Center-embedded",0.345,0.323,NA,0.33,0.5,0.5,0,0,0.01,0.5,0,"Child_95","alternate","F",3,8,0.5,"no","near",NA,NA,NA,NA,NA,NA,NA,"discard","Near","discard","discard","discard","discard","discard","discard","discard","Child (Animal)","discard","discard","discard","discard","discard","discard","discard","discard","discard","discard","discard","discard","discard","discard","discard","discard","discard","discard","discard","discard","discard","discard","Child (2 Dimensions)","High Load","Near","Near","discard","discard","discard","discard","discard","discard","discard","discard","2 Dimensions","discard","discard","discard","discard","discard","discard","Child (6 item)","discard","discard","discard","discard","Child (6 item)","Child (6 item)","keep"
582,"S29","dedhe",6,"Child","round_2",69,2,"animal","near","same","yes","yes",0.13,0.38,0.25,0.25,"low",0.375,0.38,0.54,"2D","2D","queue","iterate","iterate","queue","Queue",0.23,0.77,NA,0.3,NA,NA,NA,NA,NA,NA,0.84,0.16,0.29,0.57,0.14,0.84,0.76,1,0.84,0.57,1.41,0.31,0.46,0.85,"animal_picture","near","mix","pure","learn_gen","animalpic_animalpic",4,9,13,6.5,0.24,0.38,"Serial-crossed",0.38,0,0,0,0.84,0.16,0.57,0.14,0.84,0.16,0.14,0.57,0.84,0.31,"Serial-crossed",0.159,0.54,NA,0.3,0.84,0.16,0,0,0.16,0.38,0,"Child_42","2D","F",0.4,-5,-0.4,"no","near",NA,NA,NA,NA,NA,NA,NA,"discard","Near","discard","discard","discard","discard","discard","discard","discard","Child (Animal)","discard","discard","discard","discard","discard","discard","discard","discard","discard","discard","discard","discard","discard","discard","discard","discard","discard","discard","discard","discard","discard","discard","Child (2 Dimensions)","High Load","Near","Near","discard","discard","discard","discard","discard","discard","discard","discard","2 Dimensions","discard","discard","discard","discard","discard","discard","Child (6 item)","discard","discard","discard","discard","Child (6 item)","Child (6 item)","keep"
583,"3308","dedhe",6,"Child","round_2",57,3,"animal","far","same","yes","yes",0,0,0.33,0.67,"low",0,0.83,0.87,"2D","2D","pair","iterate","iterate","pair","Pair",0.06,0.06,0.88,NA,NA,NA,NA,NA,NA,NA,0.19,0.81,0.96,0.02,0.02,0.96,0.1,2,0.81,0.96,1.78,0.09,0.13,0.96,"animal_picture","far","mix","pure","learn_gen","animalpic_animalpic",4,32,36,18,0.9,0.33,"Tail-recursive",0.33,0,0,0,0.96,0.81,0.02,0.02,0.96,0.81,0.02,0.02,0.96,0.86,"Tail-recursive",0.06,0.055,0.88,NA,0.96,0.02,0.02,0.02,0.06,0.83,0,"Child_08","2D","F",0.1,-28,-0.8,"no","far_same",NA,NA,NA,NA,NA,NA,NA,"discard","Far (Related)","discard","discard","discard","discard","discard","discard","Child (Animal)","Child (Animal)","discard","discard","discard","discard","discard","discard","discard","discard","discard","discard","discard","discard","discard","discard","discard","discard","discard","discard","discard","discard","discard","discard","Child (2 Dimensions)","High Load","Far (Same)","Far","discard","discard","discard","discard","discard","discard","discard","discard","2 Dimensions","discard","discard","discard","discard","discard","discard","discard","Child (6 item)","discard","discard","discard","discard","Child (6 item)","keep"
584,"3310","dedhe",6,"Child","round_2",59,2,"animal","far","same","yes","yes",0,0,0,1,"high",1,0,0.25,"not 2D","1D","stack","iterate","iterate","iterate","Iterate",0.34,0.32,0.34,NA,NA,NA,NA,NA,NA,NA,0.5,0.5,0.98,0.01,0.01,0.98,0.22,2,0.5,0.98,1.48,0.98,0.75,0.75,"animal_picture","far","mix","pure","learn_gen","animalpic_animalpic",4,6,10,5,0.78,0,"Serial-crossed",0,0,0,0,0.98,0.5,0.01,0.01,0.98,0.5,0.01,0.01,0.98,0.39,"Center-embedded",0.339,0.321,0.34,NA,0.98,0.01,0.01,0.01,0,0.98,0,"Child_01","iterate","F",0.7,-2,-0.2,"no","far_same",NA,NA,NA,NA,NA,NA,NA,"discard","Far (Related)","discard","discard","discard","discard","discard","discard","Child (Animal)","Child (Animal)","discard","discard","discard","discard","discard","discard","discard","discard","discard","discard","discard","discard","discard","discard","discard","discard","discard","discard","discard","discard","discard","discard","Child (2 Dimensions)","High Load","Far (Same)","Far","discard","discard","discard","discard","discard","discard","discard","discard","2 Dimensions","discard","discard","discard","discard","discard","discard","discard","Child (6 item)","discard","discard","discard","discard","Child (6 item)","keep"
585,"3312","dedhe",6,"Child","round_2",56,2,"animal","far","same","yes","yes",0,0,0,1,"low",0.125,0,0.25,"not 2D","1D","pair","alternate","seriate","alternate","Seriate",0.34,0.33,0.34,NA,NA,NA,NA,NA,NA,NA,0.49,0.51,0.37,0.37,0.26,0.51,0.23,1,0.51,0.37,0.88,0.51,0.75,0.75,"animal_picture","far","mix","pure","learn_gen","animalpic_animalpic",11,4,15,7.5,0.77,0,"Serial-crossed",0,0,0,0,0.49,0.51,0.37,0.26,0.49,0.51,0.26,0.37,0.51,0.39,"Center-embedded",0.337,0.325,0.34,NA,0.49,0.51,0,0,0,0.51,0,"Child_16","alternate","F",2.8,7,0.5,"no","far_same",NA,NA,NA,NA,NA,NA,NA,"discard","Far (Related)","discard","discard","discard","discard","discard","discard","Child (Animal)","Child (Animal)","discard","discard","discard","discard","discard","discard","discard","discard","discard","discard","discard","discard","discard","discard","discard","discard","discard","discard","discard","discard","discard","discard","Child (2 Dimensions)","High Load","Far (Same)","Far","discard","discard","discard","discard","discard","discard","discard","discard","2 Dimensions","discard","discard","discard","discard","discard","discard","discard","Child (6 item)","discard","discard","discard","discard","Child (6 item)","keep"
586,"3314","dedhe",6,"Child","round_2",62,4,"animal","far","same","yes","yes",0.11,0,0,0.89,"high",0.5,0.44,0.58,"2D","2D","stack","iterate","iterate","stack","Stack",0.63,0.19,0.19,NA,NA,NA,NA,NA,NA,NA,0.64,0.36,0.75,0.09,0.16,0.75,0.24,2,0.64,0.75,1.39,0.28,0.42,0.86,"animal_picture","far","mix","pure","learn_gen","animalpic_animalpic",6,33,39,19.5,0.76,0,"Serial-crossed",0.11,0,0,0,0.75,0.36,0.09,0.16,0.75,0.36,0.16,0.09,0.75,0.6,"Center-embedded",0.626,0.188,0.19,NA,0.75,0.09,0.09,0.16,0.44,0.44,1,"Child_02","2D","F",0.2,-27,-0.7,"yes","far_same",NA,NA,NA,NA,NA,NA,NA,"discard","Far (Related)","discard","discard","discard","discard","discard","discard","Child (Animal)","Child (Animal)","discard","discard","discard","discard","discard","discard","discard","discard","discard","discard","discard","discard","discard","discard","discard","discard","discard","discard","discard","discard","discard","discard","Child (2 Dimensions)","High Load","Far (Same)","Far","discard","discard","discard","discard","discard","discard","discard","discard","2 Dimensions","discard","discard","discard","discard","discard","discard","discard","Child (6 item)","discard","discard","discard","discard","Child (6 item)","keep"
587,"3318","dedhe",6,"Child","round_2",59,1,"animal","far","same","yes","yes",0,0,0.33,0.67,"low",0.25,0.83,0.87,"2D","2D","pair","iterate","iterate","pair","Pair",0.06,0.06,0.88,NA,NA,NA,NA,NA,NA,NA,0.19,0.81,0.88,0.06,0.06,0.88,0.11,2,0.81,0.88,1.7,0.09,0.13,0.96,"animal_picture","far","mix","pure","learn_gen","animalpic_animalpic",10,4,14,7,0.89,0.33,"Tail-recursive",0.33,0,0,0,0.88,0.81,0.06,0.06,0.88,0.81,0.06,0.06,0.88,0.86,"Tail-recursive",0.059,0.057,0.88,NA,0.88,0.06,0.06,0.06,0.06,0.83,0,"Child_11","2D","F",2.5,6,0.4,"no","far_same",NA,NA,NA,NA,NA,NA,NA,"discard","Far (Related)","discard","discard","discard","discard","discard","discard","Child (Animal)","Child (Animal)","discard","discard","discard","discard","discard","discard","discard","discard","discard","discard","discard","discard","discard","discard","discard","discard","discard","discard","discard","discard","discard","discard","Child (2 Dimensions)","High Load","Far (Same)","Far","discard","discard","discard","discard","discard","discard","discard","discard","2 Dimensions","discard","discard","discard","discard","discard","discard","discard","Child (6 item)","discard","discard","discard","discard","Child (6 item)","keep"
588,"3339","dedhe",6,"Child","round_2",53,2,"animal","far","same","yes","yes",0,0,0.75,0.25,"high",1,0.92,0.94,"2D","2D","pair","alternate","seriate","pair","Pair",0.03,0.02,0.95,NA,NA,NA,NA,NA,NA,NA,0.03,0.97,0.96,0.02,0.02,0.97,0.03,1,0.97,0.96,1.93,0.04,0.06,0.98,"animal_picture","far","mix","pure","learn_gen","animalpic_animalpic",3,3,6,3,0.97,0.75,"Tail-recursive",0.75,0,0,0,0.96,0.97,0.02,0.02,0.96,0.97,0.02,0.02,0.97,0.94,"Tail-recursive",0.026,0.025,0.95,NA,0.03,0.97,0,0,0.03,0.92,0,"Child_80","2D","F",1,0,0,"no","far_same",NA,NA,NA,NA,NA,NA,NA,"discard","Far (Related)","discard","discard","discard","discard","discard","discard","Child (Animal)","Child (Animal)","discard","discard","discard","discard","discard","discard","discard","discard","discard","discard","discard","discard","discard","discard","discard","discard","discard","discard","discard","discard","discard","discard","Child (2 Dimensions)","High Load","Far (Same)","Far","discard","discard","discard","discard","discard","discard","discard","discard","2 Dimensions","discard","discard","discard","discard","discard","discard","discard","Child (6 item)","discard","discard","discard","discard","Child (6 item)","keep"
589,"3341","dedhe",6,"Child","round_2",56,4,"animal","far","same","yes","yes",0.11,0.44,0,0.44,"high",1,0.66,0.75,"2D","2D","queue","iterate","iterate","queue","Queue",0.15,0.81,0.04,NA,NA,NA,NA,NA,NA,NA,0.98,0.02,0.06,0.84,0.11,0.98,0.18,1,0.98,0.84,1.82,0.17,0.25,0.92,"animal_picture","far","mix","pure","learn_gen","animalpic_animalpic",3,3,6,3,0.82,0.44,"Serial-crossed",0.44,0,0,0,0.98,0.02,0.84,0.11,0.98,0.02,0.11,0.84,0.98,0.74,"Serial-crossed",0.149,0.81,0.04,NA,0.98,0.02,0,0,0.15,0.66,0,"Child_04","2D","F",1,0,0,"no","far_same",NA,NA,NA,NA,NA,NA,NA,"discard","Far (Related)","discard","discard","discard","discard","discard","discard","Child (Animal)","Child (Animal)","discard","discard","discard","discard","discard","discard","discard","discard","discard","discard","discard","discard","discard","discard","discard","discard","discard","discard","discard","discard","discard","discard","Child (2 Dimensions)","High Load","Far (Same)","Far","discard","discard","discard","discard","discard","discard","discard","discard","2 Dimensions","discard","discard","discard","discard","discard","discard","discard","Child (6 item)","discard","discard","discard","discard","Child (6 item)","keep"
590,"3343","dedhe",6,"Child","round_2",47,1,"animal","far","same","yes","yes",0,0,0,1,"high",0.75,0.01,0.25,"not 2D","1D","stack","iterate","iterate","iterate","Iterate",0.34,0.33,0.33,NA,NA,NA,NA,NA,NA,NA,0.68,0.32,0.17,0.16,0.66,0.68,0.22,1,0.68,0.66,1.34,0.68,0.75,0.75,"animal_picture","far","mix","pure","learn_gen","animalpic_animalpic",11,9,20,10,0.78,0,"Serial-crossed",0,0,0,0,0.68,0.32,0.16,0.66,0.68,0.32,0.66,0.16,0.68,0.39,"Center-embedded",0.338,0.333,0.33,NA,0.68,0.32,0,0,0.01,0.68,0,"Child_21","iterate","M",1.2,2,0.1,"no","far_same",NA,NA,NA,NA,NA,NA,NA,"discard","Far (Related)","discard","discard","discard","discard","discard","discard","Child (Animal)","Child (Animal)","discard","discard","discard","discard","discard","discard","discard","discard","discard","discard","discard","discard","discard","discard","discard","discard","discard","discard","discard","discard","discard","discard","Child (2 Dimensions)","High Load","Far (Same)","Far","discard","discard","discard","discard","discard","discard","discard","discard","2 Dimensions","discard","discard","discard","discard","discard","discard","discard","Child (6 item)","discard","discard","discard","discard","Child (6 item)","keep"
591,"3345","dedhe",6,"Child","round_2",56,4,"animal","far","same","yes","yes",0,0,1,0,"low",0.125,0.96,0.97,"2D","2D","pair","alternate","seriate","pair","Pair",0.01,0.01,0.98,NA,NA,NA,NA,NA,NA,NA,0.01,0.99,0.97,0.01,0.01,0.99,0.02,1,0.99,0.97,1.96,0.02,0.03,0.99,"animal_picture","far","mix","pure","learn_gen","animalpic_animalpic",3,3,6,3,0.98,1,"Tail-recursive",1,0,0,0,0.97,0.99,0.01,0.01,0.97,0.99,0.01,0.01,0.99,0.97,"Tail-recursive",0.012,0.012,0.98,NA,0.01,0.99,0,0,0.01,0.96,0,"Child_22","2D","M",1,0,0,"no","far_same",NA,NA,NA,NA,NA,NA,NA,"discard","Far (Related)","discard","discard","discard","discard","discard","discard","Child (Animal)","Child (Animal)","discard","discard","discard","discard","discard","discard","discard","discard","discard","discard","discard","discard","discard","discard","discard","discard","discard","discard","discard","discard","discard","discard","Child (2 Dimensions)","High Load","Far (Same)","Far","discard","discard","discard","discard","discard","discard","discard","discard","2 Dimensions","discard","discard","discard","discard","discard","discard","discard","Child (6 item)","discard","discard","discard","discard","Child (6 item)","keep"
592,"3349","dedhe",6,"Child","round_2",52,2,"animal","far","same","yes","yes",0.11,0,0.33,0.56,"high",0.75,0.58,0.68,"2D","2D","pair","iterate","iterate","pair","Pair",0.18,0.05,0.76,NA,NA,NA,NA,NA,NA,NA,0.69,0.31,0.84,0.06,0.11,0.84,0.25,2,0.69,0.84,1.53,0.21,0.32,0.89,"animal_picture","far","mix","pure","learn_gen","animalpic_animalpic",3,4,7,3.5,0.75,0.33,"Tail-recursive",0.33,0,0,0,0.84,0.31,0.06,0.11,0.84,0.31,0.11,0.06,0.84,0.66,"Tail-recursive",0.183,0.053,0.76,NA,0.84,0.06,0.06,0.11,0.18,0.58,0,"Child_05","2D","F",0.8,-1,-0.1,"no","far_same",NA,NA,NA,NA,NA,NA,NA,"discard","Far (Related)","discard","discard","discard","discard","discard","discard","Child (Animal)","Child (Animal)","discard","discard","discard","discard","discard","discard","discard","discard","discard","discard","discard","discard","discard","discard","discard","discard","discard","discard","discard","discard","discard","discard","Child (2 Dimensions)","High Load","Far (Same)","Far","discard","discard","discard","discard","discard","discard","discard","discard","2 Dimensions","discard","discard","discard","discard","discard","discard","discard","Child (6 item)","discard","discard","discard","discard","Child (6 item)","keep"
593,"3357","dedhe",6,"Child","round_2",54,3,"animal","far","same","yes","yes",0,0,0.22,0.78,"low",0.375,0.73,0.8,"2D","2D","pair","alternate","seriate","pair","Pair",0.09,0.09,0.82,NA,NA,NA,NA,NA,NA,NA,0.13,0.87,0.58,0.25,0.17,0.87,0.17,1,0.87,0.58,1.44,0.14,0.2,0.93,"animal_picture","far","mix","pure","learn_gen","animalpic_animalpic",26,18,44,22,0.83,0.22,"Tail-recursive",0.22,0,0,0,0.58,0.87,0.25,0.17,0.58,0.87,0.17,0.25,0.87,0.78,"Tail-recursive",0.092,0.088,0.82,NA,0.13,0.87,0,0,0.09,0.73,0,"Child_24","2D","M",1.4,8,0.2,"no","far_same",NA,NA,NA,NA,NA,NA,NA,"discard","Far (Related)","discard","discard","discard","discard","discard","discard","Child (Animal)","Child (Animal)","discard","discard","discard","discard","discard","discard","discard","discard","discard","discard","discard","discard","discard","discard","discard","discard","discard","discard","discard","discard","discard","discard","Child (2 Dimensions)","High Load","Far (Same)","Far","discard","discard","discard","discard","discard","discard","discard","discard","2 Dimensions","discard","discard","discard","discard","discard","discard","discard","Child (6 item)","discard","discard","discard","discard","Child (6 item)","keep"
594,"3361","dedhe",6,"Child","round_2",46,2,"animal","far","same","yes","yes",0,0,0.5,0.5,"high",0.5,0.87,0.91,"2D","2D","pair","iterate","iterate","pair","Pair",0.04,0.04,0.92,NA,NA,NA,NA,NA,NA,NA,0.08,0.92,0.97,0.01,0.01,0.97,0.07,2,0.92,0.97,1.9,0.06,0.09,0.97,"animal_picture","far","mix","pure","learn_gen","animalpic_animalpic",7,4,11,5.5,0.93,0.5,"Tail-recursive",0.5,0,0,0,0.97,0.92,0.01,0.01,0.97,0.92,0.01,0.01,0.97,0.9,"Tail-recursive",0.042,0.041,0.92,NA,0.97,0.01,0.01,0.01,0.04,0.87,0,"Child_13","2D","F",1.8,3,0.3,"no","far_same",NA,NA,NA,NA,NA,NA,NA,"discard","Far (Related)","discard","discard","discard","discard","discard","discard","Child (Animal)","Child (Animal)","discard","discard","discard","discard","discard","discard","discard","discard","discard","discard","discard","discard","discard","discard","discard","discard","discard","discard","discard","discard","discard","discard","Child (2 Dimensions)","High Load","Far (Same)","Far","discard","discard","discard","discard","discard","discard","discard","discard","2 Dimensions","discard","discard","discard","discard","discard","discard","discard","Child (6 item)","discard","discard","discard","discard","Child (6 item)","keep"
595,"3363","dedhe",6,"Child","round_2",52,2,"animal","far","same","yes","yes",0,0,0.33,0.67,"high",1,0.83,0.87,"2D","2D","pair","iterate","iterate","pair","Pair",0.06,0.06,0.89,NA,NA,NA,NA,NA,NA,NA,0.19,0.81,0.98,0.01,0.01,0.98,0.11,2,0.81,0.98,1.79,0.09,0.13,0.96,"animal_picture","far","mix","pure","learn_gen","animalpic_animalpic",3,3,6,3,0.89,0.33,"Tail-recursive",0.33,0,0,0,0.98,0.81,0.01,0.01,0.98,0.81,0.01,0.01,0.98,0.86,"Tail-recursive",0.059,0.056,0.89,NA,0.98,0.01,0.01,0.01,0.06,0.83,0,"Child_09","2D","M",1,0,0,"no","far_same",NA,NA,NA,NA,NA,NA,NA,"discard","Far (Related)","discard","discard","discard","discard","discard","discard","Child (Animal)","Child (Animal)","discard","discard","discard","discard","discard","discard","discard","discard","discard","discard","discard","discard","discard","discard","discard","discard","discard","discard","discard","discard","discard","discard","Child (2 Dimensions)","High Load","Far (Same)","Far","discard","discard","discard","discard","discard","discard","discard","discard","2 Dimensions","discard","discard","discard","discard","discard","discard","discard","Child (6 item)","discard","discard","discard","discard","Child (6 item)","keep"
596,"3365","dedhe",6,"Child","round_2",49,3,"animal","far","same","yes","yes",0.11,0,0,0.89,"high",0.625,0.44,0.58,"2D","2D","stack","iterate","iterate","stack","Stack",0.62,0.19,0.19,NA,NA,NA,NA,NA,NA,NA,0.64,0.36,0.58,0.14,0.29,0.64,0.24,1,0.64,0.58,1.22,0.28,0.42,0.86,"animal_picture","far","mix","pure","learn_gen","animalpic_animalpic",7,3,10,5,0.76,0,"Serial-crossed",0.11,0,0,0,0.64,0.36,0.14,0.29,0.64,0.36,0.29,0.14,0.64,0.6,"Center-embedded",0.625,0.187,0.19,NA,0.64,0.36,0,0,0.44,0.44,1,"Child_12","2D","F",2.3,4,0.4,"yes","far_same",NA,NA,NA,NA,NA,NA,NA,"discard","Far (Related)","discard","discard","discard","discard","discard","discard","Child (Animal)","Child (Animal)","discard","discard","discard","discard","discard","discard","discard","discard","discard","discard","discard","discard","discard","discard","discard","discard","discard","discard","discard","discard","discard","discard","Child (2 Dimensions)","High Load","Far (Same)","Far","discard","discard","discard","discard","discard","discard","discard","discard","2 Dimensions","discard","discard","discard","discard","discard","discard","discard","Child (6 item)","discard","discard","discard","discard","Child (6 item)","keep"
597,"3422","dedhe",6,"Child","round_2",43,2,"animal","far","same","yes","yes",0,0,0.13,0.88,"low",0.25,0.45,0.59,"2D","2D","pair","alternate","seriate","pair","Pair",0.18,0.18,0.63,NA,NA,NA,NA,NA,NA,NA,0.47,0.53,0.44,0.28,0.28,0.53,0.24,1,0.53,0.44,0.96,0.27,0.41,0.86,"animal_picture","far","mix","pure","learn_gen","animalpic_animalpic",3,5,8,4,0.76,0.13,"Tail-recursive",0.13,0,0,0,0.47,0.53,0.28,0.28,0.47,0.53,0.28,0.28,0.53,0.6,"Tail-recursive",0.184,0.181,0.63,NA,0.47,0.53,0,0,0.18,0.45,0,"Child_26","2D","M",0.6,-2,-0.3,"no","far_same",NA,NA,NA,NA,NA,NA,NA,"discard","Far (Related)","discard","discard","discard","discard","discard","discard","Child (Animal)","Child (Animal)","discard","discard","discard","discard","discard","discard","discard","discard","discard","discard","discard","discard","discard","discard","discard","discard","discard","discard","discard","discard","discard","discard","Child (2 Dimensions)","High Load","Far (Same)","Far","discard","discard","discard","discard","discard","discard","discard","discard","2 Dimensions","discard","discard","discard","discard","discard","discard","discard","Child (6 item)","discard","discard","discard","discard","Child (6 item)","keep"
598,"3438","dedhe",6,"Child","round_2",64,4,"animal","far","same","yes","yes",0.13,0,0.13,0.75,"high",0.625,0.01,0.26,"not 2D","1D","stack","iterate","iterate","iterate","Iterate",0.44,0.13,0.43,NA,NA,NA,NA,NA,NA,NA,0.79,0.21,0.77,0.08,0.15,0.79,0.36,1,0.79,0.77,1.56,0.79,0.74,0.75,"animal_picture","far","mix","pure","learn_gen","animalpic_animalpic",15,4,19,9.5,0.64,0.13,"Tail-recursive",0.13,0,0,0,0.79,0.21,0.08,0.15,0.79,0.21,0.15,0.08,0.79,0.33,"Center-embedded",0.44,0.133,0.43,NA,0.79,0.21,0,0,0.01,0.79,0,"Child_02","iterate","F",3.8,11,0.6,"no","far_same",NA,NA,NA,NA,NA,NA,NA,"discard","Far (Related)","discard","discard","discard","discard","discard","discard","Child (Animal)","Child (Animal)","discard","discard","discard","discard","discard","discard","discard","discard","discard","discard","discard","discard","discard","discard","discard","discard","discard","discard","discard","discard","discard","discard","Child (2 Dimensions)","High Load","Far (Same)","Far","discard","discard","discard","discard","discard","discard","discard","discard","2 Dimensions","discard","discard","discard","discard","discard","discard","discard","Child (6 item)","discard","discard","discard","discard","Child (6 item)","keep"
599,"3442","dedhe",6,"Child","round_2",56,3,"animal","far","same","yes","yes",0,0,0.22,0.78,"low",0.125,0.73,0.79,"2D","2D","pair","iterate","iterate","pair","Pair",0.09,0.09,0.82,NA,NA,NA,NA,NA,NA,NA,0.19,0.81,0.9,0.03,0.07,0.9,0.17,2,0.81,0.9,1.71,0.14,0.21,0.93,"animal_picture","far","mix","pure","learn_gen","animalpic_animalpic",4,5,9,4.5,0.83,0.22,"Tail-recursive",0.22,0,0,0,0.9,0.81,0.03,0.07,0.9,0.81,0.07,0.03,0.9,0.78,"Tail-recursive",0.093,0.088,0.82,NA,0.9,0.03,0.03,0.07,0.09,0.73,0,"Child_15","2D","M",0.8,-1,-0.1,"no","far_same",NA,NA,NA,NA,NA,NA,NA,"discard","Far (Related)","discard","discard","discard","discard","discard","discard","Child (Animal)","Child (Animal)","discard","discard","discard","discard","discard","discard","discard","discard","discard","discard","discard","discard","discard","discard","discard","discard","discard","discard","discard","discard","discard","discard","Child (2 Dimensions)","High Load","Far (Same)","Far","discard","discard","discard","discard","discard","discard","discard","discard","2 Dimensions","discard","discard","discard","discard","discard","discard","discard","Child (6 item)","discard","discard","discard","discard","Child (6 item)","keep"
600,"3445","dedhe",6,"Child","round_2",41,2,"animal","far","same","yes","yes",0,0,0.25,0.75,"high",0.625,0.74,0.8,"2D","2D","pair","alternate","seriate","pair","Pair",0.09,0.09,0.83,NA,NA,NA,NA,NA,NA,NA,0.33,0.67,0.66,0.16,0.17,0.67,0.17,1,0.67,0.66,1.33,0.13,0.2,0.93,"animal_picture","far","mix","pure","learn_gen","animalpic_animalpic",6,3,9,4.5,0.83,0.25,"Tail-recursive",0.25,0,0,0,0.66,0.67,0.16,0.17,0.66,0.67,0.17,0.16,0.67,0.79,"Tail-recursive",0.086,0.087,0.83,NA,0.33,0.67,0,0,0.09,0.74,0,"Child_17","2D","F",2,3,0.3,"no","far_same",NA,NA,NA,NA,NA,NA,NA,"discard","Far (Related)","discard","discard","discard","discard","discard","discard","Child (Animal)","Child (Animal)","discard","discard","discard","discard","discard","discard","discard","discard","discard","discard","discard","discard","discard","discard","discard","discard","discard","discard","discard","discard","discard","discard","Child (2 Dimensions)","High Load","Far (Same)","Far","discard","discard","discard","discard","discard","discard","discard","discard","2 Dimensions","discard","discard","discard","discard","discard","discard","discard","Child (6 item)","discard","discard","discard","discard","Child (6 item)","keep"
601,"3447","dedhe",6,"Child","round_2",40,1,"animal","far","same","yes","yes",0,0,0.38,0.63,"low",0.25,0.83,0.87,"2D","2D","pair","iterate","iterate","pair","Pair",0.06,0.05,0.89,NA,NA,NA,NA,NA,NA,NA,0.16,0.84,0.96,0.02,0.02,0.96,0.1,2,0.84,0.96,1.8,0.08,0.13,0.96,"animal_picture","far","mix","pure","learn_gen","animalpic_animalpic",6,5,11,5.5,0.9,0.38,"Tail-recursive",0.38,0,0,0,0.96,0.84,0.02,0.02,0.96,0.84,0.02,0.02,0.96,0.86,"Tail-recursive",0.057,0.054,0.89,NA,0.96,0.02,0.02,0.02,0.06,0.83,0,"Child_06","2D","M",1.2,1,0.1,"no","far_same",NA,NA,NA,NA,NA,NA,NA,"discard","Far (Related)","discard","discard","discard","discard","discard","discard","Child (Animal)","Child (Animal)","discard","discard","discard","discard","discard","discard","discard","discard","discard","discard","discard","discard","discard","discard","discard","discard","discard","discard","discard","discard","discard","discard","Child (2 Dimensions)","High Load","Far (Same)","Far","discard","discard","discard","discard","discard","discard","discard","discard","2 Dimensions","discard","discard","discard","discard","discard","discard","discard","Child (6 item)","discard","discard","discard","discard","Child (6 item)","keep"
602,"3449","dedhe",6,"Child","round_2",65,2,"animal","far","same","yes","yes",0,0,0.44,0.56,"low",0,0.87,0.9,"2D","2D","pair","iterate","iterate","pair","Pair",0.04,0.04,0.91,NA,NA,NA,NA,NA,NA,NA,0.09,0.91,0.96,0.02,0.02,0.96,0.07,2,0.91,0.96,1.87,0.06,0.1,0.97,"animal_picture","far","mix","pure","learn_gen","animalpic_animalpic",20,9,29,14.5,0.93,0.44,"Tail-recursive",0.44,0,0,0,0.96,0.91,0.02,0.02,0.96,0.91,0.02,0.02,0.96,0.9,"Tail-recursive",0.043,0.043,0.91,NA,0.96,0.02,0.02,0.02,0.04,0.87,0,"Child_20","2D","M",2.2,11,0.4,"no","far_same",NA,NA,NA,NA,NA,NA,NA,"discard","Far (Related)","discard","discard","discard","discard","discard","discard","Child (Animal)","Child (Animal)","discard","discard","discard","discard","discard","discard","discard","discard","discard","discard","discard","discard","discard","discard","discard","discard","discard","discard","discard","discard","discard","discard","Child (2 Dimensions)","High Load","Far (Same)","Far","discard","discard","discard","discard","discard","discard","discard","discard","2 Dimensions","discard","discard","discard","discard","discard","discard","discard","Child (6 item)","discard","discard","discard","discard","Child (6 item)","keep"
603,"3456","dedhe",6,"Child","round_2",57,1,"animal","far","same","yes","yes",0,0,0,1,"low",0.125,0,0.25,"not 2D","1D","pair","alternate","seriate","alternate","Seriate",0.33,0.33,0.34,NA,NA,NA,NA,NA,NA,NA,0.49,0.51,0.33,0.33,0.34,0.51,0.22,1,0.51,0.34,0.85,0.51,0.75,0.75,"animal_picture","far","mix","pure","learn_gen","animalpic_animalpic",30,5,35,17.5,0.78,0,"Serial-crossed",0,0,0,0,0.49,0.51,0.33,0.34,0.49,0.51,0.34,0.33,0.51,0.39,"Center-embedded",0.334,0.328,0.34,NA,0.49,0.51,0,0,0,0.51,0,"Child_81","alternate","M",6,25,0.7,"no","far_same",NA,NA,NA,NA,NA,NA,NA,"discard","Far (Related)","discard","discard","discard","discard","discard","discard","Child (Animal)","Child (Animal)","discard","discard","discard","discard","discard","discard","discard","discard","discard","discard","discard","discard","discard","discard","discard","discard","discard","discard","discard","discard","discard","discard","Child (2 Dimensions)","High Load","Far (Same)","Far","discard","discard","discard","discard","discard","discard","discard","discard","2 Dimensions","discard","discard","discard","discard","discard","discard","discard","Child (6 item)","discard","discard","discard","discard","Child (6 item)","keep"
604,"3458","dedhe",6,"Child","round_2",58,4,"animal","far","same","yes","yes",0,0,0,1,"low",0.375,0.01,0.26,"not 2D","1D","stack","iterate","iterate","iterate","Iterate",0.34,0.32,0.33,NA,NA,NA,NA,NA,NA,NA,0.49,0.51,0.8,0.1,0.1,0.8,0.22,2,0.51,0.8,1.31,0.8,0.74,0.75,"animal_picture","far","mix","pure","learn_gen","animalpic_animalpic",14,3,17,8.5,0.78,0,"Serial-crossed",0,0,0,0,0.8,0.51,0.1,0.1,0.8,0.51,0.1,0.1,0.8,0.39,"Center-embedded",0.342,0.325,0.33,NA,0.8,0.1,0.1,0.1,0.01,0.8,0,"Child_16","iterate","F",4.7,11,0.6,"no","far_same",NA,NA,NA,NA,NA,NA,NA,"discard","Far (Related)","discard","discard","discard","discard","discard","discard","Child (Animal)","Child (Animal)","discard","discard","discard","discard","discard","discard","discard","discard","discard","discard","discard","discard","discard","discard","discard","discard","discard","discard","discard","discard","discard","discard","Child (2 Dimensions)","High Load","Far (Same)","Far","discard","discard","discard","discard","discard","discard","discard","discard","2 Dimensions","discard","discard","discard","discard","discard","discard","discard","Child (6 item)","discard","discard","discard","discard","Child (6 item)","keep"
605,"3472","dedhe",6,"Child","round_2",65,2,"animal","far","same","yes","yes",0.11,0,0.78,0.11,"high",1,0.8,0.85,"2D","2D","pair","alternate","seriate","pair","Pair",0.09,0.02,0.89,NA,NA,NA,NA,NA,NA,NA,0.06,0.94,0.93,0.01,0.05,0.94,0.08,1,0.94,0.93,1.87,0.1,0.15,0.95,"animal_picture","far","mix","pure","learn_gen","animalpic_animalpic",3,4,7,3.5,0.92,0.78,"Tail-recursive",0.78,0,0,0,0.93,0.94,0.01,0.05,0.93,0.94,0.05,0.01,0.94,0.86,"Tail-recursive",0.091,0.018,0.89,NA,0.06,0.94,0,0,0.09,0.8,0,"Child_03","2D","F",0.8,-1,-0.1,"no","far_same",NA,NA,NA,NA,NA,NA,NA,"discard","Far (Related)","discard","discard","discard","discard","discard","discard","Child (Animal)","Child (Animal)","discard","discard","discard","discard","discard","discard","discard","discard","discard","discard","discard","discard","discard","discard","discard","discard","discard","discard","discard","discard","discard","discard","Child (2 Dimensions)","High Load","Far (Same)","Far","discard","discard","discard","discard","discard","discard","discard","discard","2 Dimensions","discard","discard","discard","discard","discard","discard","discard","Child (6 item)","discard","discard","discard","discard","Child (6 item)","keep"
606,"3474","dedhe",6,"Child","round_2",55,2,"animal","far","same","yes","yes",0,0.11,0,0.89,"low",0.25,0.43,0.57,"2D","2D","queue","iterate","iterate","queue","Queue",0.19,0.62,0.19,NA,NA,NA,NA,NA,NA,NA,0.63,0.37,0.29,0.4,0.3,0.63,0.24,1,0.63,0.4,1.04,0.29,0.43,0.86,"animal_picture","far","mix","pure","learn_gen","animalpic_animalpic",3,5,8,4,0.76,0.11,"Serial-crossed",0.11,0,0,0,0.63,0.37,0.4,0.3,0.63,0.37,0.3,0.4,0.63,0.59,"Serial-crossed",0.191,0.619,0.19,NA,0.63,0.37,0,0,0.19,0.43,0,"Child_82","2D","F",0.6,-2,-0.3,"no","far_same",NA,NA,NA,NA,NA,NA,NA,"discard","Far (Related)","discard","discard","discard","discard","discard","discard","Child (Animal)","Child (Animal)","discard","discard","discard","discard","discard","discard","discard","discard","discard","discard","discard","discard","discard","discard","discard","discard","discard","discard","discard","discard","discard","discard","Child (2 Dimensions)","High Load","Far (Same)","Far","discard","discard","discard","discard","discard","discard","discard","discard","2 Dimensions","discard","discard","discard","discard","discard","discard","discard","Child (6 item)","discard","discard","discard","discard","Child (6 item)","keep"
607,"3487","dedhe",6,"Child","round_2",46,2,"animal","far","same","yes","yes",0,0,0.5,0.5,"high",0.875,0.87,0.91,"2D","2D","pair","iterate","iterate","pair","Pair",0.04,0.04,0.92,NA,NA,NA,NA,NA,NA,NA,0.08,0.92,0.97,0.01,0.01,0.97,0.07,2,0.92,0.97,1.9,0.06,0.09,0.97,"animal_picture","far","mix","pure","learn_gen","animalpic_animalpic",7,4,11,5.5,0.93,0.5,"Tail-recursive",0.5,0,0,0,0.97,0.92,0.01,0.01,0.97,0.92,0.01,0.01,0.97,0.9,"Tail-recursive",0.041,0.042,0.92,NA,0.97,0.01,0.01,0.01,0.04,0.87,0,"Child_19","2D","F",1.8,3,0.3,"no","far_same",NA,NA,NA,NA,NA,NA,NA,"discard","Far (Related)","discard","discard","discard","discard","discard","discard","Child (Animal)","Child (Animal)","discard","discard","discard","discard","discard","discard","discard","discard","discard","discard","discard","discard","discard","discard","discard","discard","discard","discard","discard","discard","discard","discard","Child (2 Dimensions)","High Load","Far (Same)","Far","discard","discard","discard","discard","discard","discard","discard","discard","2 Dimensions","discard","discard","discard","discard","discard","discard","discard","Child (6 item)","discard","discard","discard","discard","Child (6 item)","keep"
608,"3496","dedhe",6,"Child","round_2",60,1,"animal","far","same","yes","yes",0,0,0.22,0.78,"high",0.625,0.73,0.79,"2D","2D","pair","iterate","iterate","pair","Pair",0.09,0.09,0.82,NA,NA,NA,NA,NA,NA,NA,0.35,0.65,0.96,0.02,0.02,0.96,0.18,2,0.65,0.96,1.61,0.14,0.21,0.93,"animal_picture","far","mix","pure","learn_gen","animalpic_animalpic",9,3,12,6,0.82,0.22,"Tail-recursive",0.22,0,0,0,0.96,0.65,0.02,0.02,0.96,0.65,0.02,0.02,0.96,0.77,"Tail-recursive",0.09,0.092,0.82,NA,0.96,0.02,0.02,0.02,0.09,0.73,0,"Child_18","2D","M",3,6,0.5,"no","far_same",NA,NA,NA,NA,NA,NA,NA,"discard","Far (Related)","discard","discard","discard","discard","discard","discard","Child (Animal)","Child (Animal)","discard","discard","discard","discard","discard","discard","discard","discard","discard","discard","discard","discard","discard","discard","discard","discard","discard","discard","discard","discard","discard","discard","Child (2 Dimensions)","High Load","Far (Same)","Far","discard","discard","discard","discard","discard","discard","discard","discard","2 Dimensions","discard","discard","discard","discard","discard","discard","discard","Child (6 item)","discard","discard","discard","discard","Child (6 item)","keep"
609,"3508","dedhe",6,"Child","round_2",68,1,"animal","far","same","yes","yes",0,0.25,0.13,0.63,"low",0.375,0.4,0.55,"2D","2D","queue","seriate","seriate","queue","Queue",0.09,0.65,0.26,NA,NA,NA,NA,NA,NA,NA,0.34,0.66,0.11,0.84,0.05,0.84,0.35,2,0.66,0.84,1.51,0.3,0.45,0.85,"animal_picture","far","mix","pure","learn_gen","animalpic_animalpic",17,26,43,21.5,0.65,0.25,"Serial-crossed",0.25,0,0,0,0.34,0.66,0.84,0.05,0.34,0.66,0.05,0.84,0.84,0.52,"Serial-crossed",0.086,0.655,0.26,NA,0.11,0.84,0.84,0.05,0.09,0.4,0,"Child_83","2D","M",0.7,-9,-0.2,"no","far_same",NA,NA,NA,NA,NA,NA,NA,"discard","Far (Related)","discard","discard","discard","discard","discard","discard","Child (Animal)","Child (Animal)","discard","discard","discard","discard","discard","discard","discard","discard","discard","discard","discard","discard","discard","discard","discard","discard","discard","discard","discard","discard","discard","discard","Child (2 Dimensions)","High Load","Far (Same)","Far","discard","discard","discard","discard","discard","discard","discard","discard","2 Dimensions","discard","discard","discard","discard","discard","discard","discard","Child (6 item)","discard","discard","discard","discard","Child (6 item)","keep"
610,"3510","dedhe",6,"Child","round_2",54,4,"animal","far","same","yes","yes",0.11,0.11,0,0.78,"high",0.875,0.01,0.26,"not 2D","1D","stack","iterate","iterate","iterate","Iterate",0.44,0.42,0.14,NA,NA,NA,NA,NA,NA,NA,0.96,0.04,0.27,0.37,0.37,0.96,0.35,1,0.96,0.37,1.33,0.96,0.74,0.75,"animal_picture","far","mix","pure","learn_gen","animalpic_animalpic",3,6,9,4.5,0.65,0.11,"Serial-crossed",0.11,0,0,0,0.96,0.04,0.37,0.37,0.96,0.04,0.37,0.37,0.96,0.33,"Center-embedded",0.437,0.423,0.14,NA,0.96,0.04,0,0,0.01,0.96,0,"Child_84","iterate","F",0.5,-3,-0.3,"no","far_same",NA,NA,NA,NA,NA,NA,NA,"discard","Far (Related)","discard","discard","discard","discard","discard","discard","Child (Animal)","Child (Animal)","discard","discard","discard","discard","discard","discard","discard","discard","discard","discard","discard","discard","discard","discard","discard","discard","discard","discard","discard","discard","discard","discard","Child (2 Dimensions)","High Load","Far (Same)","Far","discard","discard","discard","discard","discard","discard","discard","discard","2 Dimensions","discard","discard","discard","discard","discard","discard","discard","Child (6 item)","discard","discard","discard","discard","Child (6 item)","keep"
611,"3514","dedhe",6,"Child","round_2",54,1,"animal","far","same","yes","yes",0,0,0,1,"low",0.25,0.01,0.26,"not 2D","1D","stack","iterate","iterate","iterate","Iterate",0.34,0.33,0.33,NA,NA,NA,NA,NA,NA,NA,0.51,0.49,0.94,0.03,0.03,0.94,0.22,2,0.51,0.94,1.44,0.94,0.74,0.75,"animal_picture","far","mix","pure","learn_gen","animalpic_animalpic",7,4,11,5.5,0.78,0,"Serial-crossed",0,0,0,0,0.94,0.49,0.03,0.03,0.94,0.49,0.03,0.03,0.94,0.39,"Center-embedded",0.342,0.327,0.33,NA,0.94,0.03,0.03,0.03,0.01,0.94,0,"Child_14","iterate","F",1.8,3,0.3,"no","far_same",NA,NA,NA,NA,NA,NA,NA,"discard","Far (Related)","discard","discard","discard","discard","discard","discard","Child (Animal)","Child (Animal)","discard","discard","discard","discard","discard","discard","discard","discard","discard","discard","discard","discard","discard","discard","discard","discard","discard","discard","discard","discard","discard","discard","Child (2 Dimensions)","High Load","Far (Same)","Far","discard","discard","discard","discard","discard","discard","discard","discard","2 Dimensions","discard","discard","discard","discard","discard","discard","discard","Child (6 item)","discard","discard","discard","discard","Child (6 item)","keep"
612,"3629","dedhe",6,"Child","round_2",49,1,"animal","far","same","yes","yes",0,0,0.63,0.38,"high",0.5,0.9,0.92,"2D","2D","pair","iterate","iterate","pair","Pair",0.03,0.03,0.93,NA,NA,NA,NA,NA,NA,NA,0.05,0.95,0.97,0.01,0.01,0.97,0.05,2,0.95,0.97,1.93,0.05,0.08,0.97,"animal_picture","far","mix","pure","learn_gen","animalpic_animalpic",6,6,12,6,0.95,0.63,"Tail-recursive",0.63,0,0,0,0.97,0.95,0.01,0.01,0.97,0.95,0.01,0.01,0.97,0.93,"Tail-recursive",0.034,0.032,0.93,NA,0.97,0.01,0.01,0.01,0.03,0.9,0,"Child_22","2D","M",1,0,0,"no","far_same",NA,NA,NA,NA,NA,NA,NA,"discard","Far (Related)","discard","discard","discard","discard","discard","discard","Child (Animal)","Child (Animal)","discard","discard","discard","discard","discard","discard","discard","discard","discard","discard","discard","discard","discard","discard","discard","discard","discard","discard","discard","discard","discard","discard","Child (2 Dimensions)","High Load","Far (Same)","Far","discard","discard","discard","discard","discard","discard","discard","discard","2 Dimensions","discard","discard","discard","discard","discard","discard","discard","Child (6 item)","discard","discard","discard","discard","Child (6 item)","keep"
613,"3631","dedhe",6,"Child","round_2",48,4,"animal","far","same","yes","yes",0.22,0.33,0,0.44,"low",0.125,0.22,0.42,"not 2D","1D","queue","iterate","iterate","iterate","Iterate",0.36,0.59,0.05,NA,NA,NA,NA,NA,NA,NA,0.98,0.02,0.08,0.62,0.3,0.98,0.36,1,0.98,0.62,1.6,0.98,0.58,0.81,"animal_picture","far","mix","pure","learn_gen","animalpic_animalpic",21,9,30,15,0.64,0.33,"Serial-crossed",0.33,0,0,0,0.98,0.02,0.62,0.3,0.98,0.02,0.3,0.62,0.98,0.43,"Serial-crossed",0.365,0.586,0.05,NA,0.98,0.02,0,0,0.22,0.98,0,"Child_85","iterate","F",2.3,12,0.4,"no","far_same",NA,NA,NA,NA,NA,NA,NA,"discard","Far (Related)","discard","discard","discard","discard","discard","discard","Child (Animal)","Child (Animal)","discard","discard","discard","discard","discard","discard","discard","discard","discard","discard","discard","discard","discard","discard","discard","discard","discard","discard","discard","discard","discard","discard","Child (2 Dimensions)","High Load","Far (Same)","Far","discard","discard","discard","discard","discard","discard","discard","discard","2 Dimensions","discard","discard","discard","discard","discard","discard","discard","Child (6 item)","discard","discard","discard","discard","Child (6 item)","keep"
614,"3634","dedhe",6,"Child","round_2",40,1,"animal","far","same","yes","yes",0.5,0.25,0,0.25,"low",0.125,0.37,0.53,"2D","2D","stack","iterate","iterate","stack","Stack",0.67,0.3,0.03,NA,NA,NA,NA,NA,NA,NA,0.98,0.02,0.03,0.39,0.58,0.98,0.31,1,0.98,0.58,1.56,0.32,0.47,0.84,"animal_picture","far","mix","pure","learn_gen","animalpic_animalpic",10,18,28,14,0.69,0.25,"Serial-crossed",0.5,0,0,0,0.98,0.02,0.39,0.58,0.98,0.02,0.58,0.39,0.98,0.53,"Center-embedded",0.668,0.298,0.03,NA,0.98,0.02,0,0,0.37,0.37,1,"Child_86","2D","M",0.6,-8,-0.3,"yes","far_same",NA,NA,NA,NA,NA,NA,NA,"discard","Far (Related)","discard","discard","discard","discard","discard","discard","Child (Animal)","Child (Animal)","discard","discard","discard","discard","discard","discard","discard","discard","discard","discard","discard","discard","discard","discard","discard","discard","discard","discard","discard","discard","discard","discard","Child (2 Dimensions)","High Load","Far (Same)","Far","discard","discard","discard","discard","discard","discard","discard","discard","2 Dimensions","discard","discard","discard","discard","discard","discard","discard","Child (6 item)","discard","discard","discard","discard","Child (6 item)","keep"
615,"3644","dedhe",6,"Child","round_2",44,1,"animal","far","same","yes","yes",0,0,0,1,"high",0.625,0.01,0.25,"not 2D","1D","queue","iterate","iterate","iterate","Iterate",0.33,0.34,0.33,NA,NA,NA,NA,NA,NA,NA,0.79,0.21,0.33,0.33,0.34,0.79,0.23,1,0.79,0.34,1.13,0.79,0.75,0.75,"animal_picture","far","mix","pure","learn_gen","animalpic_animalpic",4,11,15,7.5,0.77,0,"Serial-crossed",0,0,0,0,0.79,0.21,0.33,0.34,0.79,0.21,0.34,0.33,0.79,0.39,"Center-embedded",0.332,0.337,0.33,NA,0.79,0.21,0,0,0.01,0.79,0,"Child_27","iterate","F",0.4,-7,-0.5,"no","far_same",NA,NA,NA,NA,NA,NA,NA,"discard","Far (Related)","discard","discard","discard","discard","discard","discard","Child (Animal)","Child (Animal)","discard","discard","discard","discard","discard","discard","discard","discard","discard","discard","discard","discard","discard","discard","discard","discard","discard","discard","discard","discard","discard","discard","Child (2 Dimensions)","High Load","Far (Same)","Far","discard","discard","discard","discard","discard","discard","discard","discard","2 Dimensions","discard","discard","discard","discard","discard","discard","discard","Child (6 item)","discard","discard","discard","discard","Child (6 item)","keep"
616,"3646","dedhe",6,"Child","round_2",41,1,"animal","far","same","yes","yes",0,0,0,1,"low",0.125,0.01,0.26,"not 2D","1D","stack","alternate","seriate","alternate","Seriate",0.34,0.33,0.33,NA,NA,NA,NA,NA,NA,NA,0.47,0.53,0.29,0.43,0.28,0.53,0.22,1,0.53,0.43,0.96,0.53,0.74,0.75,"animal_picture","far","mix","pure","learn_gen","animalpic_animalpic",4,3,7,3.5,0.78,0,"Serial-crossed",0,0,0,0,0.47,0.53,0.43,0.28,0.47,0.53,0.28,0.43,0.53,0.39,"Center-embedded",0.341,0.329,0.33,NA,0.47,0.53,0,0,0.01,0.53,0,"Child_87","alternate","F",1.3,1,0.1,"no","far_same",NA,NA,NA,NA,NA,NA,NA,"discard","Far (Related)","discard","discard","discard","discard","discard","discard","Child (Animal)","Child (Animal)","discard","discard","discard","discard","discard","discard","discard","discard","discard","discard","discard","discard","discard","discard","discard","discard","discard","discard","discard","discard","discard","discard","Child (2 Dimensions)","High Load","Far (Same)","Far","discard","discard","discard","discard","discard","discard","discard","discard","2 Dimensions","discard","discard","discard","discard","discard","discard","discard","Child (6 item)","discard","discard","discard","discard","Child (6 item)","keep"
617,"3656","dedhe",6,"Child","round_2",40,1,"animal","far","same","yes","yes",0.11,0,0,0.89,"low",0.25,0.44,0.58,"2D","2D","stack","alternate","seriate","stack","Stack",0.63,0.19,0.18,NA,NA,NA,NA,NA,NA,NA,0.48,0.52,0.37,0.24,0.38,0.52,0.24,1,0.52,0.38,0.9,0.28,0.42,0.86,"animal_picture","far","mix","pure","learn_gen","animalpic_animalpic",5,5,10,5,0.76,0,"Serial-crossed",0.11,0,0,0,0.48,0.52,0.24,0.38,0.48,0.52,0.38,0.24,0.52,0.6,"Center-embedded",0.632,0.187,0.18,NA,0.48,0.52,0,0,0.44,0.44,1,"Child_88","2D","F",1,0,0,"yes","far_same",NA,NA,NA,NA,NA,NA,NA,"discard","Far (Related)","discard","discard","discard","discard","discard","discard","Child (Animal)","Child (Animal)","discard","discard","discard","discard","discard","discard","discard","discard","discard","discard","discard","discard","discard","discard","discard","discard","discard","discard","discard","discard","discard","discard","Child (2 Dimensions)","High Load","Far (Same)","Far","discard","discard","discard","discard","discard","discard","discard","discard","2 Dimensions","discard","discard","discard","discard","discard","discard","discard","Child (6 item)","discard","discard","discard","discard","Child (6 item)","keep"
618,"3658","dedhe",6,"Child","round_2",45,2,"animal","far","same","yes","yes",0.13,0,0,0.88,"low",0,0.45,0.59,"2D","2D","stack","iterate","iterate","stack","Stack",0.64,0.18,0.19,NA,NA,NA,NA,NA,NA,NA,0.68,0.32,0.44,0.11,0.45,0.68,0.25,1,0.68,0.45,1.12,0.27,0.41,0.86,"animal_picture","far","mix","pure","learn_gen","animalpic_animalpic",5,27,32,16,0.75,0,"Serial-crossed",0.13,0,0,0,0.68,0.32,0.11,0.45,0.68,0.32,0.45,0.11,0.68,0.6,"Center-embedded",0.637,0.176,0.19,NA,0.68,0.32,0,0,0.45,0.45,1,"Child_25","2D","M",0.2,-22,-0.7,"yes","far_same",NA,NA,NA,NA,NA,NA,NA,"discard","Far (Related)","discard","discard","discard","discard","discard","discard","Child (Animal)","Child (Animal)","discard","discard","discard","discard","discard","discard","discard","discard","discard","discard","discard","discard","discard","discard","discard","discard","discard","discard","discard","discard","discard","discard","Child (2 Dimensions)","High Load","Far (Same)","Far","discard","discard","discard","discard","discard","discard","discard","discard","2 Dimensions","discard","discard","discard","discard","discard","discard","discard","Child (6 item)","discard","discard","discard","discard","Child (6 item)","keep"
619,"S01","dedhe",6,"Child","round_2",48,2,"animal","far","same","yes","yes",0,0,0,1,"low",0.375,0.01,0.26,"not 2D","1D","stack","palindrome","palindrome","palindrome","Palindrome",0.34,0.33,0.33,NA,NA,NA,NA,NA,NA,NA,0.49,0.51,0.19,0.19,0.63,0.63,0.23,2,0.51,0.63,1.13,0.63,0.74,0.75,"animal_picture","far","mix","pure","learn_gen","animalpic_animalpic",10,4,14,7,0.77,0,"Serial-crossed",0,0,0,0,0.49,0.51,0.19,0.63,0.49,0.51,0.63,0.19,0.63,0.39,"Center-embedded",0.343,0.327,0.33,NA,0.19,0.19,0.19,0.63,0.01,0.63,0,"Child_28","palindrome","M",2.5,6,0.4,"no","far_same",NA,NA,NA,NA,NA,NA,NA,"discard","Far (Related)","discard","discard","discard","discard","discard","discard","Child (Animal)","Child (Animal)","discard","discard","discard","discard","discard","discard","discard","discard","discard","discard","discard","discard","discard","discard","discard","discard","discard","discard","discard","discard","discard","discard","Child (2 Dimensions)","High Load","Far (Same)","Far","discard","discard","discard","discard","discard","discard","discard","discard","2 Dimensions","discard","discard","discard","discard","discard","discard","discard","Child (6 item)","discard","discard","discard","discard","Child (6 item)","keep"
620,"S02","dedhe",6,"Child","round_2",54,1,"animal","far","same","yes","yes",0,0,0.22,0.78,"low",0.125,0.73,0.8,"2D","2D","pair","iterate","iterate","pair","Pair",0.09,0.09,0.82,NA,NA,NA,NA,NA,NA,NA,0.18,0.82,0.92,0.04,0.04,0.92,0.17,2,0.82,0.92,1.74,0.13,0.2,0.93,"animal_picture","far","mix","pure","learn_gen","animalpic_animalpic",7,8,15,7.5,0.83,0.22,"Tail-recursive",0.22,0,0,0,0.92,0.82,0.04,0.04,0.92,0.82,0.04,0.04,0.92,0.78,"Tail-recursive",0.09,0.086,0.82,NA,0.92,0.04,0.04,0.04,0.09,0.73,0,"Child_18","2D","M",0.9,-1,-0.1,"no","far_same",NA,NA,NA,NA,NA,NA,NA,"discard","Far (Related)","discard","discard","discard","discard","discard","discard","Child (Animal)","Child (Animal)","discard","discard","discard","discard","discard","discard","discard","discard","discard","discard","discard","discard","discard","discard","discard","discard","discard","discard","discard","discard","discard","discard","Child (2 Dimensions)","High Load","Far (Same)","Far","discard","discard","discard","discard","discard","discard","discard","discard","2 Dimensions","discard","discard","discard","discard","discard","discard","discard","Child (6 item)","discard","discard","discard","discard","Child (6 item)","keep"
621,"S03","dedhe",6,"Child","round_2",48,2,"animal","far","same","yes","yes",0,0.33,0.33,0.33,"high",0.5,0,0.25,"not 2D","1D","pair","iterate","iterate","iterate","Iterate",0.04,0.48,0.48,NA,NA,NA,NA,NA,NA,NA,0.68,0.32,0.58,0.38,0.04,0.68,0.36,1,0.68,0.58,1.26,0.68,0.75,0.75,"animal_picture","far","mix","pure","learn_gen","animalpic_animalpic",7,4,11,5.5,0.64,0.33,"Serial-crossed",0.33,0,0,0,0.68,0.32,0.38,0.04,0.68,0.32,0.04,0.38,0.68,0.32,"Serial-crossed",0.04,0.48,0.48,NA,0.68,0.32,0,0,0.04,0.68,0,"Child_05","iterate","F",1.8,3,0.3,"no","far_same",NA,NA,NA,NA,NA,NA,NA,"discard","Far (Related)","discard","discard","discard","discard","discard","discard","Child (Animal)","Child (Animal)","discard","discard","discard","discard","discard","discard","discard","discard","discard","discard","discard","discard","discard","discard","discard","discard","discard","discard","discard","discard","discard","discard","Child (2 Dimensions)","High Load","Far (Same)","Far","discard","discard","discard","discard","discard","discard","discard","discard","2 Dimensions","discard","discard","discard","discard","discard","discard","discard","Child (6 item)","discard","discard","discard","discard","Child (6 item)","keep"
622,"S04","dedhe",6,"Child","round_2",47,2,"animal","far","same","yes","yes",0.13,0.13,0,0.75,"high",1,0.02,0.26,"not 2D","1D","stack","iterate","iterate","iterate","Iterate",0.44,0.42,0.14,NA,NA,NA,NA,NA,NA,NA,0.99,0.01,0.24,0.37,0.38,0.99,0.36,1,0.99,0.38,1.37,0.99,0.74,0.75,"animal_picture","far","mix","pure","learn_gen","animalpic_animalpic",3,4,7,3.5,0.64,0.13,"Serial-crossed",0.13,0,0,0,0.99,0.01,0.37,0.38,0.99,0.01,0.38,0.37,0.99,0.33,"Center-embedded",0.439,0.423,0.14,NA,0.99,0.01,0,0,0.02,0.99,0,"Child_89","iterate","F",0.8,-1,-0.1,"no","far_same",NA,NA,NA,NA,NA,NA,NA,"discard","Far (Related)","discard","discard","discard","discard","discard","discard","Child (Animal)","Child (Animal)","discard","discard","discard","discard","discard","discard","discard","discard","discard","discard","discard","discard","discard","discard","discard","discard","discard","discard","discard","discard","discard","discard","Child (2 Dimensions)","High Load","Far (Same)","Far","discard","discard","discard","discard","discard","discard","discard","discard","2 Dimensions","discard","discard","discard","discard","discard","discard","discard","Child (6 item)","discard","discard","discard","discard","Child (6 item)","keep"
623,"S05","dedhe",6,"Child","round_2",51,3,"animal","far","same","yes","yes",0,0,0.33,0.67,"high",0.625,0.83,0.87,"2D","2D","pair","iterate","iterate","pair","Pair",0.06,0.06,0.89,NA,NA,NA,NA,NA,NA,NA,0.18,0.82,0.98,0.01,0.01,0.98,0.11,2,0.82,0.98,1.79,0.09,0.13,0.96,"animal_picture","far","mix","pure","learn_gen","animalpic_animalpic",3,3,6,3,0.89,0.33,"Tail-recursive",0.33,0,0,0,0.98,0.82,0.01,0.01,0.98,0.82,0.01,0.01,0.98,0.86,"Tail-recursive",0.057,0.057,0.89,NA,0.98,0.01,0.01,0.01,0.06,0.83,0,"Child_90","2D","M",1,0,0,"no","far_same",NA,NA,NA,NA,NA,NA,NA,"discard","Far (Related)","discard","discard","discard","discard","discard","discard","Child (Animal)","Child (Animal)","discard","discard","discard","discard","discard","discard","discard","discard","discard","discard","discard","discard","discard","discard","discard","discard","discard","discard","discard","discard","discard","discard","Child (2 Dimensions)","High Load","Far (Same)","Far","discard","discard","discard","discard","discard","discard","discard","discard","2 Dimensions","discard","discard","discard","discard","discard","discard","discard","Child (6 item)","discard","discard","discard","discard","Child (6 item)","keep"
624,"S06","dedhe",6,"Child","round_2",60,2,"animal","far","same","yes","yes",0,0.67,0,0.33,"low",0.375,0.91,0.94,"2D","2D","queue","iterate","iterate","queue","Queue",0.03,0.94,0.03,NA,NA,NA,NA,NA,NA,NA,0.97,0.03,0.03,0.94,0.03,0.97,0.04,1,0.97,0.94,1.91,0.04,0.06,0.98,"animal_picture","far","mix","pure","learn_gen","animalpic_animalpic",4,3,7,3.5,0.96,0.67,"Serial-crossed",0.67,0,0,0,0.97,0.03,0.94,0.03,0.97,0.03,0.03,0.94,0.97,0.94,"Serial-crossed",0.029,0.943,0.03,NA,0.97,0.03,0,0,0.03,0.91,0,"Child_91","2D","M",1.3,1,0.1,"no","far_same",NA,NA,NA,NA,NA,NA,NA,"discard","Far (Related)","discard","discard","discard","discard","discard","discard","Child (Animal)","Child (Animal)","discard","discard","discard","discard","discard","discard","discard","discard","discard","discard","discard","discard","discard","discard","discard","discard","discard","discard","discard","discard","discard","discard","Child (2 Dimensions)","High Load","Far (Same)","Far","discard","discard","discard","discard","discard","discard","discard","discard","2 Dimensions","discard","discard","discard","discard","discard","discard","discard","Child (6 item)","discard","discard","discard","discard","Child (6 item)","keep"
625,"S07","dedhe",6,"Child","round_2",45,3,"animal","far","same","yes","yes",0,0.22,0.11,0.67,"high",0.5,0.39,0.55,"2D","2D","queue","iterate","iterate","queue","Queue",0.09,0.65,0.26,NA,NA,NA,NA,NA,NA,NA,0.93,0.07,0.44,0.43,0.13,0.93,0.33,1,0.93,0.44,1.36,0.3,0.45,0.85,"animal_picture","far","mix","pure","learn_gen","animalpic_animalpic",9,3,12,6,0.67,0.22,"Serial-crossed",0.22,0,0,0,0.93,0.07,0.43,0.13,0.93,0.07,0.13,0.43,0.93,0.53,"Serial-crossed",0.086,0.654,0.26,NA,0.93,0.07,0,0,0.09,0.39,0,"Child_12","2D","F",3,6,0.5,"no","far_same",NA,NA,NA,NA,NA,NA,NA,"discard","Far (Related)","discard","discard","discard","discard","discard","discard","Child (Animal)","Child (Animal)","discard","discard","discard","discard","discard","discard","discard","discard","discard","discard","discard","discard","discard","discard","discard","discard","discard","discard","discard","discard","discard","discard","Child (2 Dimensions)","High Load","Far (Same)","Far","discard","discard","discard","discard","discard","discard","discard","discard","2 Dimensions","discard","discard","discard","discard","discard","discard","discard","Child (6 item)","discard","discard","discard","discard","Child (6 item)","keep"
626,"S09","dedhe",6,"Child","round_2",51,1,"animal","far","same","yes","yes",0,0,0,1,"high",0.75,0.01,0.26,"not 2D","1D","stack","iterate","iterate","iterate","Iterate",0.34,0.33,0.33,NA,NA,NA,NA,NA,NA,NA,0.95,0.05,0.32,0.33,0.35,0.95,0.23,1,0.95,0.35,1.3,0.95,0.74,0.75,"animal_picture","far","mix","pure","learn_gen","animalpic_animalpic",11,13,24,12,0.77,0,"Serial-crossed",0,0,0,0,0.95,0.05,0.33,0.35,0.95,0.05,0.35,0.33,0.95,0.39,"Center-embedded",0.343,0.329,0.33,NA,0.95,0.05,0,0,0.01,0.95,0,"Child_23","iterate","M",0.8,-2,-0.1,"no","far_same",NA,NA,NA,NA,NA,NA,NA,"discard","Far (Related)","discard","discard","discard","discard","discard","discard","Child (Animal)","Child (Animal)","discard","discard","discard","discard","discard","discard","discard","discard","discard","discard","discard","discard","discard","discard","discard","discard","discard","discard","discard","discard","discard","discard","Child (2 Dimensions)","High Load","Far (Same)","Far","discard","discard","discard","discard","discard","discard","discard","discard","2 Dimensions","discard","discard","discard","discard","discard","discard","discard","Child (6 item)","discard","discard","discard","discard","Child (6 item)","keep"
627,"S10","dedhe",6,"Child","round_2",73,3,"animal","far","same","yes","yes",0,0,0.33,0.67,"high",0.5,0.83,0.87,"2D","2D","pair","iterate","iterate","pair","Pair",0.06,0.05,0.89,NA,NA,NA,NA,NA,NA,NA,0.19,0.81,0.98,0.01,0.01,0.98,0.1,2,0.81,0.98,1.79,0.09,0.13,0.96,"animal_picture","far","mix","pure","learn_gen","animalpic_animalpic",7,5,12,6,0.9,0.33,"Tail-recursive",0.33,0,0,0,0.98,0.81,0.01,0.01,0.98,0.81,0.01,0.01,0.98,0.86,"Tail-recursive",0.058,0.055,0.89,NA,0.98,0.01,0.01,0.01,0.06,0.83,0,"Child_29","2D","F",1.4,2,0.2,"no","far_same",NA,NA,NA,NA,NA,NA,NA,"discard","Far (Related)","discard","discard","discard","discard","discard","discard","Child (Animal)","Child (Animal)","discard","discard","discard","discard","discard","discard","discard","discard","discard","discard","discard","discard","discard","discard","discard","discard","discard","discard","discard","discard","discard","discard","Child (2 Dimensions)","High Load","Far (Same)","Far","discard","discard","discard","discard","discard","discard","discard","discard","2 Dimensions","discard","discard","discard","discard","discard","discard","discard","Child (6 item)","discard","discard","discard","discard","Child (6 item)","keep"
628,"S11","dedhe",6,"Child","round_2",70,3,"animal","far","same","yes","yes",0.75,0,0.13,0.13,"high",0.875,0.77,0.83,"2D","2D","stack","iterate","iterate","stack","Stack",0.87,0.02,0.1,NA,NA,NA,NA,NA,NA,NA,0.93,0.07,0.07,0.02,0.9,0.93,0.1,1,0.93,0.9,1.83,0.12,0.17,0.94,"animal_picture","far","mix","pure","learn_gen","animalpic_animalpic",4,4,8,4,0.9,0.13,"Tail-recursive",0.75,0,0,0,0.93,0.07,0.02,0.9,0.93,0.07,0.9,0.02,0.93,0.83,"Center-embedded",0.874,0.021,0.1,NA,0.93,0.07,0,0,0.77,0.77,1,"Child_36","2D","M",1,0,0,"yes","far_same",NA,NA,NA,NA,NA,NA,NA,"discard","Far (Related)","discard","discard","discard","discard","discard","discard","Child (Animal)","Child (Animal)","discard","discard","discard","discard","discard","discard","discard","discard","discard","discard","discard","discard","discard","discard","discard","discard","discard","discard","discard","discard","discard","discard","Child (2 Dimensions)","High Load","Far (Same)","Far","discard","discard","discard","discard","discard","discard","discard","discard","2 Dimensions","discard","discard","discard","discard","discard","discard","discard","Child (6 item)","discard","discard","discard","discard","Child (6 item)","keep"
629,"S12","dedhe",6,"Child","round_2",48,1,"animal","far","same","yes","yes",0,0,0.11,0.89,"high",0.5,0.43,0.58,"2D","2D","pair","alternate","seriate","pair","Pair",0.19,0.18,0.63,NA,NA,NA,NA,NA,NA,NA,0.21,0.79,0.44,0.12,0.43,0.79,0.24,1,0.79,0.44,1.23,0.28,0.42,0.86,"animal_picture","far","mix","pure","learn_gen","animalpic_animalpic",4,16,20,10,0.76,0.11,"Tail-recursive",0.11,0,0,0,0.44,0.79,0.12,0.43,0.44,0.79,0.43,0.12,0.79,0.59,"Tail-recursive",0.191,0.184,0.63,NA,0.21,0.79,0,0,0.19,0.43,0,"Child_84","2D","F",0.3,-12,-0.6,"no","far_same",NA,NA,NA,NA,NA,NA,NA,"discard","Far (Related)","discard","discard","discard","discard","discard","discard","Child (Animal)","Child (Animal)","discard","discard","discard","discard","discard","discard","discard","discard","discard","discard","discard","discard","discard","discard","discard","discard","discard","discard","discard","discard","discard","discard","Child (2 Dimensions)","High Load","Far (Same)","Far","discard","discard","discard","discard","discard","discard","discard","discard","2 Dimensions","discard","discard","discard","discard","discard","discard","discard","Child (6 item)","discard","discard","discard","discard","Child (6 item)","keep"
630,"S14","dedhe",6,"Child","round_2",48,3,"animal","far","same","yes","yes",0,0,0.11,0.89,"high",0.625,0.43,0.57,"2D","2D","pair","iterate","iterate","pair","Pair",0.19,0.19,0.62,NA,NA,NA,NA,NA,NA,NA,0.5,0.5,0.94,0.03,0.03,0.94,0.24,2,0.5,0.94,1.44,0.28,0.43,0.86,"animal_picture","far","mix","pure","learn_gen","animalpic_animalpic",8,8,16,8,0.76,0.11,"Tail-recursive",0.11,0,0,0,0.94,0.5,0.03,0.03,0.94,0.5,0.03,0.03,0.94,0.6,"Tail-recursive",0.191,0.185,0.62,NA,0.94,0.03,0.03,0.03,0.19,0.43,0,"Child_14","2D","F",1,0,0,"no","far_same",NA,NA,NA,NA,NA,NA,NA,"discard","Far (Related)","discard","discard","discard","discard","discard","discard","Child (Animal)","Child (Animal)","discard","discard","discard","discard","discard","discard","discard","discard","discard","discard","discard","discard","discard","discard","discard","discard","discard","discard","discard","discard","discard","discard","Child (2 Dimensions)","High Load","Far (Same)","Far","discard","discard","discard","discard","discard","discard","discard","discard","2 Dimensions","discard","discard","discard","discard","discard","discard","discard","Child (6 item)","discard","discard","discard","discard","Child (6 item)","keep"
631,"S15","dedhe",6,"Child","round_2",53,2,"animal","far","same","yes","yes",0.89,0,0,0.11,"high",0.75,0.95,0.96,"2D","2D","stack","iterate","iterate","stack","Stack",0.97,0.02,0.02,NA,NA,NA,NA,NA,NA,NA,0.99,0.01,0.02,0.02,0.96,0.99,0.02,1,0.99,0.96,1.95,0.03,0.04,0.99,"animal_picture","far","mix","pure","learn_gen","animalpic_animalpic",4,4,8,4,0.98,0,"Serial-crossed",0.89,0,0,0,0.99,0.01,0.02,0.96,0.99,0.01,0.96,0.02,0.99,0.96,"Center-embedded",0.967,0.017,0.02,NA,0.99,0.01,0,0,0.95,0.95,1,"Child_04","2D","F",1,0,0,"yes","far_same",NA,NA,NA,NA,NA,NA,NA,"discard","Far (Related)","discard","discard","discard","discard","discard","discard","Child (Animal)","Child (Animal)","discard","discard","discard","discard","discard","discard","discard","discard","discard","discard","discard","discard","discard","discard","discard","discard","discard","discard","discard","discard","discard","discard","Child (2 Dimensions)","High Load","Far (Same)","Far","discard","discard","discard","discard","discard","discard","discard","discard","2 Dimensions","discard","discard","discard","discard","discard","discard","discard","Child (6 item)","discard","discard","discard","discard","Child (6 item)","keep"
632,"S16","dedhe",6,"Child","round_2",45,2,"animal","far","same","yes","yes",0,0,0.5,0.5,"low",0.375,0.88,0.91,"2D","2D","pair","alternate","seriate","pair","Pair",0.04,0.04,0.92,NA,NA,NA,NA,NA,NA,NA,0.05,0.95,0.93,0.04,0.04,0.95,0.07,1,0.95,0.93,1.88,0.06,0.09,0.97,"animal_picture","far","mix","pure","learn_gen","animalpic_animalpic",18,6,24,12,0.93,0.5,"Tail-recursive",0.5,0,0,0,0.93,0.95,0.04,0.04,0.93,0.95,0.04,0.04,0.95,0.9,"Tail-recursive",0.042,0.041,0.92,NA,0.05,0.95,0,0,0.04,0.88,0,"Child_92","2D","M",3,12,0.5,"no","far_same",NA,NA,NA,NA,NA,NA,NA,"discard","Far (Related)","discard","discard","discard","discard","discard","discard","Child (Animal)","Child (Animal)","discard","discard","discard","discard","discard","discard","discard","discard","discard","discard","discard","discard","discard","discard","discard","discard","discard","discard","discard","discard","discard","discard","Child (2 Dimensions)","High Load","Far (Same)","Far","discard","discard","discard","discard","discard","discard","discard","discard","2 Dimensions","discard","discard","discard","discard","discard","discard","discard","Child (6 item)","discard","discard","discard","discard","Child (6 item)","keep"
633,"S18","dedhe",6,"Child","round_2",56,2,"animal","far","same","yes","yes",0,0,0,1,"high",0.75,0,0.25,"not 2D","1D","pair","iterate","iterate","iterate","Iterate",0.33,0.33,0.34,NA,NA,NA,NA,NA,NA,NA,0.91,0.09,0.34,0.32,0.34,0.91,0.22,1,0.91,0.34,1.25,0.91,0.75,0.75,"animal_picture","far","mix","pure","learn_gen","animalpic_animalpic",9,3,12,6,0.78,0,"Serial-crossed",0,0,0,0,0.91,0.09,0.32,0.34,0.91,0.09,0.34,0.32,0.91,0.39,"Center-embedded",0.334,0.328,0.34,NA,0.91,0.09,0,0,0,0.91,0,"Child_93","iterate","F",3,6,0.5,"no","far_same",NA,NA,NA,NA,NA,NA,NA,"discard","Far (Related)","discard","discard","discard","discard","discard","discard","Child (Animal)","Child (Animal)","discard","discard","discard","discard","discard","discard","discard","discard","discard","discard","discard","discard","discard","discard","discard","discard","discard","discard","discard","discard","discard","discard","Child (2 Dimensions)","High Load","Far (Same)","Far","discard","discard","discard","discard","discard","discard","discard","discard","2 Dimensions","discard","discard","discard","discard","discard","discard","discard","Child (6 item)","discard","discard","discard","discard","Child (6 item)","keep"
634,"S19","dedhe",6,"Child","round_2",59,2,"animal","far","same","yes","yes",0.13,0.38,0,0.5,"high",0.625,0.56,0.67,"2D","2D","queue","iterate","iterate","queue","Queue",0.19,0.76,0.05,NA,NA,NA,NA,NA,NA,NA,0.98,0.02,0.08,0.76,0.16,0.98,0.27,1,0.98,0.76,1.74,0.22,0.33,0.89,"animal_picture","far","mix","pure","learn_gen","animalpic_animalpic",3,4,7,3.5,0.73,0.38,"Serial-crossed",0.38,0,0,0,0.98,0.02,0.76,0.16,0.98,0.02,0.16,0.76,0.98,0.65,"Serial-crossed",0.191,0.756,0.05,NA,0.98,0.02,0,0,0.19,0.56,0,"Child_02","2D","F",0.8,-1,-0.1,"no","far_same",NA,NA,NA,NA,NA,NA,NA,"discard","Far (Related)","discard","discard","discard","discard","discard","discard","Child (Animal)","Child (Animal)","discard","discard","discard","discard","discard","discard","discard","discard","discard","discard","discard","discard","discard","discard","discard","discard","discard","discard","discard","discard","discard","discard","Child (2 Dimensions)","High Load","Far (Same)","Far","discard","discard","discard","discard","discard","discard","discard","discard","2 Dimensions","discard","discard","discard","discard","discard","discard","discard","Child (6 item)","discard","discard","discard","discard","Child (6 item)","keep"
635,"S20","dedhe",6,"Child","round_2",68,4,"animal","far","same","yes","yes",0.13,0.13,0.13,0.63,"high",0.875,0,0.25,"not 2D","1D","queue","iterate","iterate","iterate","Iterate",0.33,0.34,0.33,NA,NA,NA,NA,NA,NA,NA,0.64,0.36,0.53,0.23,0.24,0.64,0.57,1,0.64,0.53,1.17,0.64,0.75,0.75,"animal_picture","far","mix","pure","learn_gen","animalpic_animalpic",7,10,17,8.5,0.43,0.13,"Serial-crossed",0.13,0,0,0,0.64,0.36,0.23,0.24,0.64,0.36,0.24,0.23,0.64,0.22,"Center-embedded",0.331,0.336,0.33,NA,0.64,0.36,0,0,0,0.64,0,"Child_46","iterate","M",0.7,-3,-0.2,"no","far_same",NA,NA,NA,NA,NA,NA,NA,"discard","Far (Related)","discard","discard","discard","discard","discard","discard","Child (Animal)","Child (Animal)","discard","discard","discard","discard","discard","discard","discard","discard","discard","discard","discard","discard","discard","discard","discard","discard","discard","discard","discard","discard","discard","discard","Child (2 Dimensions)","High Load","Far (Same)","Far","discard","discard","discard","discard","discard","discard","discard","discard","2 Dimensions","discard","discard","discard","discard","discard","discard","discard","Child (6 item)","discard","discard","discard","discard","Child (6 item)","keep"
636,"S22","dedhe",6,"Child","round_2",53,1,"animal","far","same","yes","yes",0,0,0,1,"low",0.25,0.02,0.26,"not 2D","1D","stack","iterate","iterate","iterate","Iterate",0.35,0.33,0.33,NA,NA,NA,NA,NA,NA,NA,0.8,0.2,0.37,0.37,0.25,0.8,0.22,1,0.8,0.37,1.17,0.8,0.74,0.75,"animal_picture","far","mix","pure","learn_gen","animalpic_animalpic",5,11,16,8,0.78,0,"Serial-crossed",0,0,0,0,0.8,0.2,0.37,0.25,0.8,0.2,0.25,0.37,0.8,0.4,"Center-embedded",0.346,0.327,0.33,NA,0.8,0.2,0,0,0.02,0.8,0,"Child_16","iterate","F",0.5,-6,-0.4,"no","far_same",NA,NA,NA,NA,NA,NA,NA,"discard","Far (Related)","discard","discard","discard","discard","discard","discard","Child (Animal)","Child (Animal)","discard","discard","discard","discard","discard","discard","discard","discard","discard","discard","discard","discard","discard","discard","discard","discard","discard","discard","discard","discard","discard","discard","Child (2 Dimensions)","High Load","Far (Same)","Far","discard","discard","discard","discard","discard","discard","discard","discard","2 Dimensions","discard","discard","discard","discard","discard","discard","discard","Child (6 item)","discard","discard","discard","discard","Child (6 item)","keep"
637,"S23","dedhe",6,"Child","round_2",67,2,"animal","far","same","yes","yes",0.67,0,0.11,0.22,"high",0.5,0.77,0.83,"2D","2D","stack","iterate","iterate","stack","Stack",0.87,0.02,0.1,NA,NA,NA,NA,NA,NA,NA,0.95,0.05,0.07,0.03,0.9,0.95,0.11,1,0.95,0.9,1.85,0.12,0.17,0.94,"animal_picture","far","mix","pure","learn_gen","animalpic_animalpic",4,6,10,5,0.89,0.11,"Tail-recursive",0.67,0,0,0,0.95,0.05,0.03,0.9,0.95,0.05,0.9,0.03,0.95,0.83,"Center-embedded",0.871,0.024,0.1,NA,0.95,0.05,0,0,0.77,0.77,1,"Child_44","2D","M",0.7,-2,-0.2,"yes","far_same",NA,NA,NA,NA,NA,NA,NA,"discard","Far (Related)","discard","discard","discard","discard","discard","discard","Child (Animal)","Child (Animal)","discard","discard","discard","discard","discard","discard","discard","discard","discard","discard","discard","discard","discard","discard","discard","discard","discard","discard","discard","discard","discard","discard","Child (2 Dimensions)","High Load","Far (Same)","Far","discard","discard","discard","discard","discard","discard","discard","discard","2 Dimensions","discard","discard","discard","discard","discard","discard","discard","Child (6 item)","discard","discard","discard","discard","Child (6 item)","keep"
638,"S24","dedhe",6,"Child","round_2",68,2,"animal","far","same","yes","yes",0.44,0,0.11,0.44,"high",1,0.66,0.75,"2D","2D","stack","iterate","iterate","stack","Stack",0.81,0.04,0.15,NA,NA,NA,NA,NA,NA,NA,0.91,0.09,0.1,0.06,0.84,0.91,0.18,1,0.91,0.84,1.75,0.17,0.25,0.92,"animal_picture","far","mix","pure","learn_gen","animalpic_animalpic",4,3,7,3.5,0.82,0.11,"Tail-recursive",0.44,0,0,0,0.91,0.09,0.06,0.84,0.91,0.09,0.84,0.06,0.91,0.74,"Center-embedded",0.811,0.041,0.15,NA,0.91,0.09,0,0,0.66,0.66,1,"Child_40","2D","M",1.3,1,0.1,"yes","far_same",NA,NA,NA,NA,NA,NA,NA,"discard","Far (Related)","discard","discard","discard","discard","discard","discard","Child (Animal)","Child (Animal)","discard","discard","discard","discard","discard","discard","discard","discard","discard","discard","discard","discard","discard","discard","discard","discard","discard","discard","discard","discard","discard","discard","Child (2 Dimensions)","High Load","Far (Same)","Far","discard","discard","discard","discard","discard","discard","discard","discard","2 Dimensions","discard","discard","discard","discard","discard","discard","discard","Child (6 item)","discard","discard","discard","discard","Child (6 item)","keep"
639,"S25","dedhe",6,"Child","round_2",56,2,"animal","far","same","yes","yes",0,0,0.89,0.11,"high",0.75,0.95,0.96,"2D","2D","pair","alternate","seriate","pair","Pair",0.02,0.02,0.97,NA,NA,NA,NA,NA,NA,NA,0.01,0.99,0.96,0.02,0.02,0.99,0.02,1,0.99,0.96,1.95,0.03,0.04,0.99,"animal_picture","far","mix","pure","learn_gen","animalpic_animalpic",4,3,7,3.5,0.98,0.89,"Tail-recursive",0.89,0,0,0,0.96,0.99,0.02,0.02,0.96,0.99,0.02,0.02,0.99,0.96,"Tail-recursive",0.017,0.016,0.97,NA,0.01,0.99,0,0,0.02,0.95,0,"Child_41","2D","M",1.3,1,0.1,"no","far_same",NA,NA,NA,NA,NA,NA,NA,"discard","Far (Related)","discard","discard","discard","discard","discard","discard","Child (Animal)","Child (Animal)","discard","discard","discard","discard","discard","discard","discard","discard","discard","discard","discard","discard","discard","discard","discard","discard","discard","discard","discard","discard","discard","discard","Child (2 Dimensions)","High Load","Far (Same)","Far","discard","discard","discard","discard","discard","discard","discard","discard","2 Dimensions","discard","discard","discard","discard","discard","discard","discard","Child (6 item)","discard","discard","discard","discard","Child (6 item)","keep"
640,"S26","dedhe",6,"Child","round_2",70,3,"animal","far","same","yes","yes",0.25,0.25,0.13,0.38,"high",0.5,0.02,0.26,"not 2D","1D","stack","iterate","iterate","iterate","Iterate",0.41,0.39,0.19,NA,NA,NA,NA,NA,NA,NA,0.94,0.06,0.19,0.4,0.41,0.94,0.72,1,0.94,0.41,1.36,0.94,0.74,0.75,"animal_picture","far","mix","pure","learn_gen","animalpic_animalpic",4,12,16,8,0.28,0.25,"Serial-crossed",0.25,0,0,0,0.94,0.06,0.4,0.41,0.94,0.06,0.41,0.4,0.94,0.15,"Center-embedded",0.411,0.394,0.19,NA,0.94,0.06,0,0,0.02,0.94,0,"Child_34","iterate","M",0.3,-8,-0.5,"no","far_same",NA,NA,NA,NA,NA,NA,NA,"discard","Far (Related)","discard","discard","discard","discard","discard","discard","Child (Animal)","Child (Animal)","discard","discard","discard","discard","discard","discard","discard","discard","discard","discard","discard","discard","discard","discard","discard","discard","discard","discard","discard","discard","discard","discard","Child (2 Dimensions)","High Load","Far (Same)","Far","discard","discard","discard","discard","discard","discard","discard","discard","2 Dimensions","discard","discard","discard","discard","discard","discard","discard","Child (6 item)","discard","discard","discard","discard","Child (6 item)","keep"
641,"S27","dedhe",6,"Child","round_2",68,4,"animal","far","same","yes","yes",0,0,0,1,"high",0.5,0,0.25,"not 2D","1D","queue","iterate","iterate","iterate","Iterate",0.34,0.34,0.32,NA,NA,NA,NA,NA,NA,NA,0.92,0.08,0.34,0.33,0.33,0.92,0.23,1,0.92,0.34,1.26,0.92,0.75,0.75,"animal_picture","far","mix","pure","learn_gen","animalpic_animalpic",4,10,14,7,0.77,0,"Serial-crossed",0,0,0,0,0.92,0.08,0.33,0.33,0.92,0.08,0.33,0.33,0.92,0.39,"Center-embedded",0.337,0.338,0.32,NA,0.92,0.08,0,0,0,0.92,0,"Child_94","iterate","M",0.4,-6,-0.4,"no","far_same",NA,NA,NA,NA,NA,NA,NA,"discard","Far (Related)","discard","discard","discard","discard","discard","discard","Child (Animal)","Child (Animal)","discard","discard","discard","discard","discard","discard","discard","discard","discard","discard","discard","discard","discard","discard","discard","discard","discard","discard","discard","discard","discard","discard","Child (2 Dimensions)","High Load","Far (Same)","Far","discard","discard","discard","discard","discard","discard","discard","discard","2 Dimensions","discard","discard","discard","discard","discard","discard","discard","Child (6 item)","discard","discard","discard","discard","Child (6 item)","keep"
642,"S28","dedhe",6,"Child","round_2",70,4,"animal","far","same","yes","yes",0,0.13,0,0.88,"high",0.625,0.44,0.58,"2D","2D","queue","alternate","seriate","queue","Queue",0.19,0.63,0.18,NA,NA,NA,NA,NA,NA,NA,0.5,0.5,0.12,0.43,0.45,0.5,0.25,1,0.5,0.45,0.95,0.28,0.42,0.86,"animal_picture","far","mix","pure","learn_gen","animalpic_animalpic",12,4,16,8,0.75,0.13,"Serial-crossed",0.13,0,0,0,0.5,0.5,0.43,0.45,0.5,0.5,0.45,0.43,0.5,0.6,"Serial-crossed",0.189,0.629,0.18,NA,0.5,0.5,0,0,0.19,0.44,0,"Child_95","2D","F",3,8,0.5,"no","far_same",NA,NA,NA,NA,NA,NA,NA,"discard","Far (Related)","discard","discard","discard","discard","discard","discard","Child (Animal)","Child (Animal)","discard","discard","discard","discard","discard","discard","discard","discard","discard","discard","discard","discard","discard","discard","discard","discard","discard","discard","discard","discard","discard","discard","Child (2 Dimensions)","High Load","Far (Same)","Far","discard","discard","discard","discard","discard","discard","discard","discard","2 Dimensions","discard","discard","discard","discard","discard","discard","discard","Child (6 item)","discard","discard","discard","discard","Child (6 item)","keep"
643,"S29","dedhe",6,"Child","round_2",69,2,"animal","far","same","yes","yes",0,0,0.33,0.67,"low",0.375,0.82,0.87,"2D","2D","pair","iterate","iterate","pair","Pair",0.06,0.06,0.88,NA,NA,NA,NA,NA,NA,NA,0.09,0.91,0.94,0.03,0.03,0.94,0.11,2,0.91,0.94,1.84,0.09,0.13,0.96,"animal_picture","far","mix","pure","learn_gen","animalpic_animalpic",4,9,13,6.5,0.89,0.33,"Tail-recursive",0.33,0,0,0,0.94,0.91,0.03,0.03,0.94,0.91,0.03,0.03,0.94,0.86,"Tail-recursive",0.06,0.058,0.88,NA,0.94,0.03,0.03,0.03,0.06,0.82,0,"Child_42","2D","F",0.4,-5,-0.4,"no","far_same",NA,NA,NA,NA,NA,NA,NA,"discard","Far (Related)","discard","discard","discard","discard","discard","discard","Child (Animal)","Child (Animal)","discard","discard","discard","discard","discard","discard","discard","discard","discard","discard","discard","discard","discard","discard","discard","discard","discard","discard","discard","discard","discard","discard","Child (2 Dimensions)","High Load","Far (Same)","Far","discard","discard","discard","discard","discard","discard","discard","discard","2 Dimensions","discard","discard","discard","discard","discard","discard","discard","Child (6 item)","discard","discard","discard","discard","Child (6 item)","keep"
736,"2768","dedhe",6,"Adult",NA,NA,NA,"animal","near","same","yes","yes",0.88,0,0,0.13,"high",0.5,0.94,0.96,"2D","2D","stack","iterate","iterate","stack","Stack",0.98,0.02,NA,0.02,NA,NA,NA,NA,NA,NA,0.98,0.02,0.02,0.02,0.96,0.98,0.03,1,0.98,0.96,1.94,0.03,0.04,0.99,"animal_picture","near","mix","pure","learn_gen","animalpic_animalpic",13,8,21,10.5,0.97,0,"Serial-crossed",0.88,0,0,0,0.98,0.02,0.02,0.96,0.98,0.02,0.96,0.02,0.98,0.96,"Center-embedded",0.962,0.019,NA,0.02,0.98,0.02,0,0,0.94,0.94,1,NA,"2D",NA,1.6,5,0.2,"yes","near",NA,NA,NA,NA,NA,NA,NA,"discard","Near","discard","discard","discard","discard","discard","discard","discard","Adult (Animal)","discard","discard","discard","discard","discard","discard","discard","discard","discard","discard","discard","discard","discard","discard","discard","discard","discard","discard","discard","discard","discard","discard","Adult (2 Dimensions)","High Load","Near","Near","discard","discard","discard","discard","discard","discard","discard","discard","2 Dimensions","discard","discard","discard","discard","discard","discard","Adult (6 item)","discard","discard","discard","discard","Adult (6 item)","Adult (6 item)","keep"
737,"2769","dedhe",6,"Adult",NA,NA,NA,"animal","near","same","yes","yes",0.88,0,0,0.13,"high",1,0.94,0.96,"2D","2D","stack","iterate","iterate","stack","Stack",0.98,0.02,NA,0.02,NA,NA,NA,NA,NA,NA,0.99,0.01,0.02,0.02,0.96,0.99,0.03,1,0.99,0.96,1.95,0.03,0.04,0.99,"animal_picture","near","mix","pure","learn_gen","animalpic_animalpic",16,3,19,9.5,0.97,0,"Serial-crossed",0.88,0,0,0,0.99,0.01,0.02,0.96,0.99,0.01,0.96,0.02,0.99,0.96,"Center-embedded",0.962,0.019,NA,0.02,0.99,0.01,0,0,0.94,0.94,1,NA,"2D",NA,5.3,13,0.7,"yes","near",NA,NA,NA,NA,NA,NA,NA,"discard","Near","discard","discard","discard","discard","discard","discard","discard","Adult (Animal)","discard","discard","discard","discard","discard","discard","discard","discard","discard","discard","discard","discard","discard","discard","discard","discard","discard","discard","discard","discard","discard","discard","Adult (2 Dimensions)","High Load","Near","Near","discard","discard","discard","discard","discard","discard","discard","discard","2 Dimensions","discard","discard","discard","discard","discard","discard","Adult (6 item)","discard","discard","discard","discard","Adult (6 item)","Adult (6 item)","keep"
738,"2770","dedhe",6,"Adult",NA,NA,NA,"animal","near","same","yes","yes",0.63,0,0,0.38,"high",0.75,0.9,0.93,"2D","2D","stack","iterate","iterate","stack","Stack",0.97,0.03,NA,0.03,NA,NA,NA,NA,NA,NA,0.99,0.01,0.04,0.04,0.92,0.99,0.05,1,0.99,0.92,1.91,0.05,0.07,0.98,"animal_picture","near","mix","pure","learn_gen","animalpic_animalpic",12,6,18,9,0.95,0,"Serial-crossed",0.63,0,0,0,0.99,0.01,0.04,0.92,0.99,0.01,0.92,0.04,0.99,0.93,"Center-embedded",0.936,0.032,NA,0.03,0.99,0.01,0,0,0.9,0.9,1,NA,"2D",NA,2,6,0.3,"yes","near",NA,NA,NA,NA,NA,NA,NA,"discard","Near","discard","discard","discard","discard","discard","discard","discard","Adult (Animal)","discard","discard","discard","discard","discard","discard","discard","discard","discard","discard","discard","discard","discard","discard","discard","discard","discard","discard","discard","discard","discard","discard","Adult (2 Dimensions)","High Load","Near","Near","discard","discard","discard","discard","discard","discard","discard","discard","2 Dimensions","discard","discard","discard","discard","discard","discard","Adult (6 item)","discard","discard","discard","discard","Adult (6 item)","Adult (6 item)","keep"
739,"2771","dedhe",6,"Adult",NA,NA,NA,"animal","near","same","yes","yes",1,0,0,0,"high",1,0.96,0.97,"2D","2D","stack","iterate","iterate","stack","Stack",0.99,0.01,NA,0.01,NA,NA,NA,NA,NA,NA,0.99,0.01,0.01,0.01,0.98,0.99,0.02,1,0.99,0.98,1.96,0.02,0.03,0.99,"animal_picture","near","mix","pure","learn_gen","animalpic_animalpic",35,3,38,19,0.98,0,"Serial-crossed",1,0,0,0,0.99,0.01,0.01,0.98,0.99,0.01,0.98,0.01,0.99,0.97,"Center-embedded",0.976,0.012,NA,0.01,0.99,0.01,0,0,0.96,0.96,1,NA,"2D",NA,11.7,32,0.8,"yes","near",NA,NA,NA,NA,NA,NA,NA,"discard","Near","discard","discard","discard","discard","discard","discard","discard","Adult (Animal)","discard","discard","discard","discard","discard","discard","discard","discard","discard","discard","discard","discard","discard","discard","discard","discard","discard","discard","discard","discard","discard","discard","Adult (2 Dimensions)","High Load","Near","Near","discard","discard","discard","discard","discard","discard","discard","discard","2 Dimensions","discard","discard","discard","discard","discard","discard","Adult (6 item)","discard","discard","discard","discard","Adult (6 item)","Adult (6 item)","keep"
740,"2772","dedhe",6,"Adult",NA,NA,NA,"animal","near","same","yes","yes",0,0,0,1,"high",1,0.01,0.25,"not 2D","1D","stack","iterate","iterate","iterate","Iterate",0.5,0.5,NA,0.33,NA,NA,NA,NA,NA,NA,0.98,0.02,0.34,0.32,0.34,0.98,0.23,1,0.98,0.34,1.32,0.98,0.75,0.75,"animal_picture","near","mix","pure","learn_gen","animalpic_animalpic",3,3,6,3,0.77,0,"Serial-crossed",0,0,0,0,0.98,0.02,0.32,0.34,0.98,0.02,0.34,0.32,0.98,0.39,"Center-embedded",0.336,0.33,NA,0.33,0.98,0.02,0,0,0,0.98,0,NA,"iterate",NA,1,0,0,"no","near",NA,NA,NA,NA,NA,NA,NA,"discard","Near","discard","discard","discard","discard","discard","discard","discard","Adult (Animal)","discard","discard","discard","discard","discard","discard","discard","discard","discard","discard","discard","discard","discard","discard","discard","discard","discard","discard","discard","discard","discard","discard","Adult (2 Dimensions)","High Load","Near","Near","discard","discard","discard","discard","discard","discard","discard","discard","2 Dimensions","discard","discard","discard","discard","discard","discard","Adult (6 item)","discard","discard","discard","discard","Adult (6 item)","Adult (6 item)","keep"
741,"2773","dedhe",6,"Adult",NA,NA,NA,"animal","near","same","yes","yes",0,0,0,1,"high",1,0.03,0.27,"not 2D","1D","stack","iterate","iterate","iterate","Iterate",0.52,0.48,NA,0.33,NA,NA,NA,NA,NA,NA,0.5,0.5,0.33,0.32,0.35,0.5,0.23,1,0.5,0.35,0.85,0.5,0.73,0.76,"animal_picture","near","mix","pure","learn_gen","animalpic_animalpic",6,3,9,4.5,0.77,0,"Serial-crossed",0,0,0,0,0.5,0.5,0.32,0.35,0.5,0.5,0.35,0.32,0.5,0.4,"Center-embedded",0.35,0.324,NA,0.33,0.5,0.5,0,0,0.02,0.5,0,NA,"iterate",NA,2,3,0.3,"no","near",NA,NA,NA,NA,NA,NA,NA,"discard","Near","discard","discard","discard","discard","discard","discard","discard","Adult (Animal)","discard","discard","discard","discard","discard","discard","discard","discard","discard","discard","discard","discard","discard","discard","discard","discard","discard","discard","discard","discard","discard","discard","Adult (2 Dimensions)","High Load","Near","Near","discard","discard","discard","discard","discard","discard","discard","discard","2 Dimensions","discard","discard","discard","discard","discard","discard","Adult (6 item)","discard","discard","discard","discard","Adult (6 item)","Adult (6 item)","keep"
742,"2774","dedhe",6,"Adult",NA,NA,NA,"animal","near","same","yes","yes",0,0,0,1,"low",0.375,0.03,0.27,"not 2D","1D","stack","iterate","iterate","iterate","Iterate",0.52,0.48,NA,0.34,NA,NA,NA,NA,NA,NA,0.49,0.51,0.97,0.01,0.01,0.97,0.23,2,0.51,0.97,1.48,0.97,0.73,0.76,"animal_picture","near","mix","pure","learn_gen","animalpic_animalpic",7,4,11,5.5,0.77,0,"Serial-crossed",0,0,0,0,0.97,0.51,0.01,0.01,0.97,0.51,0.01,0.01,0.97,0.4,"Center-embedded",0.346,0.318,NA,0.34,0.97,0.01,0.01,0.01,0.01,0.97,0,NA,"iterate",NA,1.8,3,0.3,"no","near",NA,NA,NA,NA,NA,NA,NA,"discard","Near","discard","discard","discard","discard","discard","discard","discard","Adult (Animal)","discard","discard","discard","discard","discard","discard","discard","discard","discard","discard","discard","discard","discard","discard","discard","discard","discard","discard","discard","discard","discard","discard","Adult (2 Dimensions)","High Load","Near","Near","discard","discard","discard","discard","discard","discard","discard","discard","2 Dimensions","discard","discard","discard","discard","discard","discard","Adult (6 item)","discard","discard","discard","discard","Adult (6 item)","Adult (6 item)","keep"
743,"2776","dedhe",6,"Adult",NA,NA,NA,"animal","near","same","yes","yes",0.25,0,0,0.75,"high",0.875,0.75,0.81,"2D","2D","stack","iterate","iterate","stack","Stack",0.91,0.09,NA,0.09,NA,NA,NA,NA,NA,NA,0.99,0.01,0.17,0.16,0.67,0.99,0.17,1,0.99,0.67,1.65,0.13,0.19,0.94,"animal_picture","near","mix","pure","learn_gen","animalpic_animalpic",3,6,9,4.5,0.83,0,"Serial-crossed",0.25,0,0,0,0.99,0.01,0.16,0.67,0.99,0.01,0.67,0.16,0.99,0.79,"Center-embedded",0.83,0.085,NA,0.09,0.99,0.01,0,0,0.74,0.75,1,NA,"2D",NA,0.5,-3,-0.3,"yes","near",NA,NA,NA,NA,NA,NA,NA,"discard","Near","discard","discard","discard","discard","discard","discard","discard","Adult (Animal)","discard","discard","discard","discard","discard","discard","discard","discard","discard","discard","discard","discard","discard","discard","discard","discard","discard","discard","discard","discard","discard","discard","Adult (2 Dimensions)","High Load","Near","Near","discard","discard","discard","discard","discard","discard","discard","discard","2 Dimensions","discard","discard","discard","discard","discard","discard","Adult (6 item)","discard","discard","discard","discard","Adult (6 item)","Adult (6 item)","keep"
744,"2777","dedhe",6,"Adult",NA,NA,NA,"animal","near","same","yes","yes",0,0,0,1,"high",0.75,0,0.25,"not 2D","1D","queue","alternate","seriate","alternate","Seriate",0.5,0.5,NA,0.34,NA,NA,NA,NA,NA,NA,0.5,0.5,0.43,0.28,0.29,0.5,0.23,1,0.5,0.43,0.94,0.5,0.75,0.75,"animal_picture","near","mix","pure","learn_gen","animalpic_animalpic",12,5,17,8.5,0.77,0,"Serial-crossed",0,0,0,0,0.5,0.5,0.28,0.29,0.5,0.5,0.29,0.28,0.5,0.39,"Center-embedded",0.329,0.332,NA,0.34,0.5,0.5,0,0,0.01,0.5,0,NA,"alternate",NA,2.4,7,0.4,"no","near",NA,NA,NA,NA,NA,NA,NA,"discard","Near","discard","discard","discard","discard","discard","discard","discard","Adult (Animal)","discard","discard","discard","discard","discard","discard","discard","discard","discard","discard","discard","discard","discard","discard","discard","discard","discard","discard","discard","discard","discard","discard","Adult (2 Dimensions)","High Load","Near","Near","discard","discard","discard","discard","discard","discard","discard","discard","2 Dimensions","discard","discard","discard","discard","discard","discard","Adult (6 item)","discard","discard","discard","discard","Adult (6 item)","Adult (6 item)","keep"
745,"2778","dedhe",6,"Adult",NA,NA,NA,"animal","near","same","yes","yes",0.88,0,0,0.13,"high",1,0.94,0.96,"2D","2D","stack","iterate","iterate","stack","Stack",0.98,0.02,NA,0.02,NA,NA,NA,NA,NA,NA,0.99,0.01,0.02,0.02,0.96,0.99,0.03,1,0.99,0.96,1.95,0.03,0.04,0.99,"animal_picture","near","mix","pure","learn_gen","animalpic_animalpic",8,11,19,9.5,0.97,0,"Serial-crossed",0.88,0,0,0,0.99,0.01,0.02,0.96,0.99,0.01,0.96,0.02,0.99,0.96,"Center-embedded",0.962,0.019,NA,0.02,0.99,0.01,0,0,0.94,0.94,1,NA,"2D",NA,0.7,-3,-0.2,"yes","near",NA,NA,NA,NA,NA,NA,NA,"discard","Near","discard","discard","discard","discard","discard","discard","discard","Adult (Animal)","discard","discard","discard","discard","discard","discard","discard","discard","discard","discard","discard","discard","discard","discard","discard","discard","discard","discard","discard","discard","discard","discard","Adult (2 Dimensions)","High Load","Near","Near","discard","discard","discard","discard","discard","discard","discard","discard","2 Dimensions","discard","discard","discard","discard","discard","discard","Adult (6 item)","discard","discard","discard","discard","Adult (6 item)","Adult (6 item)","keep"
746,"2780","dedhe",6,"Adult",NA,NA,NA,"animal","near","same","yes","yes",0,0.13,0,0.88,"high",0.75,0.44,0.58,"2D","2D","queue","iterate","iterate","queue","Queue",0.23,0.77,NA,0.18,NA,NA,NA,NA,NA,NA,0.99,0.01,0.28,0.43,0.29,0.99,0.25,1,0.99,0.43,1.42,0.28,0.42,0.86,"animal_picture","near","mix","pure","learn_gen","animalpic_animalpic",8,10,18,9,0.75,0.13,"Serial-crossed",0.13,0,0,0,0.99,0.01,0.43,0.29,0.99,0.01,0.29,0.43,0.99,0.6,"Serial-crossed",0.188,0.629,NA,0.18,0.99,0.01,0,0,0.19,0.44,0,NA,"2D",NA,0.8,-2,-0.1,"no","near",NA,NA,NA,NA,NA,NA,NA,"discard","Near","discard","discard","discard","discard","discard","discard","discard","Adult (Animal)","discard","discard","discard","discard","discard","discard","discard","discard","discard","discard","discard","discard","discard","discard","discard","discard","discard","discard","discard","discard","discard","discard","Adult (2 Dimensions)","High Load","Near","Near","discard","discard","discard","discard","discard","discard","discard","discard","2 Dimensions","discard","discard","discard","discard","discard","discard","Adult (6 item)","discard","discard","discard","discard","Adult (6 item)","Adult (6 item)","keep"
747,"2781","dedhe",6,"Adult",NA,NA,NA,"animal","near","same","yes","yes",0,0,0,1,"high",0.5,0.01,0.26,"not 2D","1D","stack","alternate","seriate","alternate","Seriate",0.51,0.49,NA,0.33,NA,NA,NA,NA,NA,NA,0.5,0.5,0.33,0.33,0.34,0.5,0.23,1,0.5,0.34,0.84,0.5,0.74,0.75,"animal_picture","near","mix","pure","learn_gen","animalpic_animalpic",4,5,9,4.5,0.77,0,"Serial-crossed",0,0,0,0,0.5,0.5,0.33,0.34,0.5,0.5,0.34,0.33,0.5,0.39,"Center-embedded",0.339,0.327,NA,0.33,0.5,0.5,0,0,0.01,0.5,0,NA,"alternate",NA,0.8,-1,-0.1,"no","near",NA,NA,NA,NA,NA,NA,NA,"discard","Near","discard","discard","discard","discard","discard","discard","discard","Adult (Animal)","discard","discard","discard","discard","discard","discard","discard","discard","discard","discard","discard","discard","discard","discard","discard","discard","discard","discard","discard","discard","discard","discard","Adult (2 Dimensions)","High Load","Near","Near","discard","discard","discard","discard","discard","discard","discard","discard","2 Dimensions","discard","discard","discard","discard","discard","discard","Adult (6 item)","discard","discard","discard","discard","Adult (6 item)","Adult (6 item)","keep"
748,"2782","dedhe",6,"Adult",NA,NA,NA,"animal","near","same","yes","yes",1,0,0,0,"high",1,0.96,0.97,"2D","2D","stack","iterate","iterate","stack","Stack",0.99,0.01,NA,0.01,NA,NA,NA,NA,NA,NA,0.99,0.01,0.01,0.01,0.97,0.99,0.02,1,0.99,0.97,1.96,0.02,0.03,0.99,"animal_picture","near","mix","pure","learn_gen","animalpic_animalpic",4,3,7,3.5,0.98,0,"Serial-crossed",1,0,0,0,0.99,0.01,0.01,0.97,0.99,0.01,0.97,0.01,0.99,0.97,"Center-embedded",0.975,0.012,NA,0.01,0.99,0.01,0,0,0.96,0.96,1,NA,"2D",NA,1.3,1,0.1,"yes","near",NA,NA,NA,NA,NA,NA,NA,"discard","Near","discard","discard","discard","discard","discard","discard","discard","Adult (Animal)","discard","discard","discard","discard","discard","discard","discard","discard","discard","discard","discard","discard","discard","discard","discard","discard","discard","discard","discard","discard","discard","discard","Adult (2 Dimensions)","High Load","Near","Near","discard","discard","discard","discard","discard","discard","discard","discard","2 Dimensions","discard","discard","discard","discard","discard","discard","Adult (6 item)","discard","discard","discard","discard","Adult (6 item)","Adult (6 item)","keep"
749,"2783","dedhe",6,"Adult",NA,NA,NA,"animal","near","same","yes","yes",0.25,0.13,0,0.63,"high",0.5,0.41,0.56,"2D","2D","stack","iterate","iterate","stack","Stack",0.72,0.28,NA,0.08,NA,NA,NA,NA,NA,NA,0.99,0.01,0.15,0.25,0.6,0.99,0.34,1,0.99,0.6,1.58,0.29,0.44,0.85,"animal_picture","near","mix","pure","learn_gen","animalpic_animalpic",5,4,9,4.5,0.66,0.13,"Serial-crossed",0.25,0,0,0,0.99,0.01,0.25,0.6,0.99,0.01,0.6,0.25,0.99,0.53,"Center-embedded",0.666,0.255,NA,0.08,0.99,0.01,0,0,0.41,0.41,1,NA,"2D",NA,1.3,1,0.1,"yes","near",NA,NA,NA,NA,NA,NA,NA,"discard","Near","discard","discard","discard","discard","discard","discard","discard","Adult (Animal)","discard","discard","discard","discard","discard","discard","discard","discard","discard","discard","discard","discard","discard","discard","discard","discard","discard","discard","discard","discard","discard","discard","Adult (2 Dimensions)","High Load","Near","Near","discard","discard","discard","discard","discard","discard","discard","discard","2 Dimensions","discard","discard","discard","discard","discard","discard","Adult (6 item)","discard","discard","discard","discard","Adult (6 item)","Adult (6 item)","keep"
750,"2784","dedhe",6,"Adult",NA,NA,NA,"animal","near","same","yes","yes",1,0,0,0,"high",1,0.96,0.97,"2D","2D","stack","iterate","iterate","stack","Stack",0.99,0.01,NA,0.01,NA,NA,NA,NA,NA,NA,0.99,0.01,0.01,0.01,0.97,0.99,0.02,1,0.99,0.97,1.96,0.02,0.03,0.99,"animal_picture","near","mix","pure","learn_gen","animalpic_animalpic",44,3,47,23.5,0.98,0,"Serial-crossed",1,0,0,0,0.99,0.01,0.01,0.97,0.99,0.01,0.97,0.01,0.99,0.97,"Center-embedded",0.976,0.012,NA,0.01,0.99,0.01,0,0,0.96,0.96,1,NA,"2D",NA,14.7,41,0.9,"yes","near",NA,NA,NA,NA,NA,NA,NA,"discard","Near","discard","discard","discard","discard","discard","discard","discard","Adult (Animal)","discard","discard","discard","discard","discard","discard","discard","discard","discard","discard","discard","discard","discard","discard","discard","discard","discard","discard","discard","discard","discard","discard","Adult (2 Dimensions)","High Load","Near","Near","discard","discard","discard","discard","discard","discard","discard","discard","2 Dimensions","discard","discard","discard","discard","discard","discard","Adult (6 item)","discard","discard","discard","discard","Adult (6 item)","Adult (6 item)","keep"
751,"2785","dedhe",6,"Adult",NA,NA,NA,"animal","near","same","yes","yes",0.5,0.13,0,0.38,"low",0,0.67,0.75,"2D","2D","stack","iterate","iterate","stack","Stack",0.85,0.15,NA,0.04,NA,NA,NA,NA,NA,NA,0.99,0.01,0.05,0.11,0.84,0.99,0.2,1,0.99,0.84,1.83,0.16,0.25,0.92,"animal_picture","near","mix","pure","learn_gen","animalpic_animalpic",17,3,20,10,0.8,0.13,"Serial-crossed",0.5,0,0,0,0.99,0.01,0.11,0.84,0.99,0.01,0.84,0.11,0.99,0.74,"Center-embedded",0.816,0.145,NA,0.04,0.99,0.01,0,0,0.67,0.67,1,NA,"2D",NA,5.7,14,0.7,"yes","near",NA,NA,NA,NA,NA,NA,NA,"discard","Near","discard","discard","discard","discard","discard","discard","discard","Adult (Animal)","discard","discard","discard","discard","discard","discard","discard","discard","discard","discard","discard","discard","discard","discard","discard","discard","discard","discard","discard","discard","discard","discard","Adult (2 Dimensions)","High Load","Near","Near","discard","discard","discard","discard","discard","discard","discard","discard","2 Dimensions","discard","discard","discard","discard","discard","discard","Adult (6 item)","discard","discard","discard","discard","Adult (6 item)","Adult (6 item)","keep"
752,"2786","dedhe",6,"Adult",NA,NA,NA,"animal","near","same","yes","yes",0,0,0,1,"high",1,0.01,0.26,"not 2D","1D","stack","iterate","iterate","iterate","Iterate",0.51,0.49,NA,0.33,NA,NA,NA,NA,NA,NA,0.99,0.01,0.34,0.33,0.33,0.99,0.23,1,0.99,0.34,1.32,0.99,0.74,0.75,"animal_picture","near","mix","pure","learn_gen","animalpic_animalpic",20,7,27,13.5,0.77,0,"Serial-crossed",0,0,0,0,0.99,0.01,0.33,0.33,0.99,0.01,0.33,0.33,0.99,0.39,"Center-embedded",0.338,0.33,NA,0.33,0.99,0.01,0,0,0.01,0.99,0,NA,"iterate",NA,2.9,13,0.5,"no","near",NA,NA,NA,NA,NA,NA,NA,"discard","Near","discard","discard","discard","discard","discard","discard","discard","Adult (Animal)","discard","discard","discard","discard","discard","discard","discard","discard","discard","discard","discard","discard","discard","discard","discard","discard","discard","discard","discard","discard","discard","discard","Adult (2 Dimensions)","High Load","Near","Near","discard","discard","discard","discard","discard","discard","discard","discard","2 Dimensions","discard","discard","discard","discard","discard","discard","Adult (6 item)","discard","discard","discard","discard","Adult (6 item)","Adult (6 item)","keep"
753,"2788","dedhe",6,"Adult",NA,NA,NA,"animal","near","same","yes","yes",1,0,0,0,"high",0.875,0.96,0.97,"2D","2D","stack","iterate","iterate","stack","Stack",0.99,0.01,NA,0.01,NA,NA,NA,NA,NA,NA,0.99,0.01,0.01,0.01,0.97,0.99,0.02,1,0.99,0.97,1.96,0.02,0.03,0.99,"animal_picture","near","mix","pure","learn_gen","animalpic_animalpic",12,5,17,8.5,0.98,0,"Serial-crossed",1,0,0,0,0.99,0.01,0.01,0.97,0.99,0.01,0.97,0.01,0.99,0.97,"Center-embedded",0.975,0.012,NA,0.01,0.99,0.01,0,0,0.96,0.96,1,NA,"2D",NA,2.4,7,0.4,"yes","near",NA,NA,NA,NA,NA,NA,NA,"discard","Near","discard","discard","discard","discard","discard","discard","discard","Adult (Animal)","discard","discard","discard","discard","discard","discard","discard","discard","discard","discard","discard","discard","discard","discard","discard","discard","discard","discard","discard","discard","discard","discard","Adult (2 Dimensions)","High Load","Near","Near","discard","discard","discard","discard","discard","discard","discard","discard","2 Dimensions","discard","discard","discard","discard","discard","discard","Adult (6 item)","discard","discard","discard","discard","Adult (6 item)","Adult (6 item)","keep"
754,"2789","dedhe",6,"Adult",NA,NA,NA,"animal","near","same","yes","yes",0.88,0,0,0.13,"high",1,0.94,0.96,"2D","2D","stack","iterate","iterate","stack","Stack",0.98,0.02,NA,0.02,NA,NA,NA,NA,NA,NA,0.99,0.01,0.02,0.02,0.96,0.99,0.03,1,0.99,0.96,1.95,0.03,0.04,0.99,"animal_picture","near","mix","pure","learn_gen","animalpic_animalpic",4,3,7,3.5,0.97,0,"Serial-crossed",0.88,0,0,0,0.99,0.01,0.02,0.96,0.99,0.01,0.96,0.02,0.99,0.96,"Center-embedded",0.962,0.019,NA,0.02,0.99,0.01,0,0,0.94,0.94,1,NA,"2D",NA,1.3,1,0.1,"yes","near",NA,NA,NA,NA,NA,NA,NA,"discard","Near","discard","discard","discard","discard","discard","discard","discard","Adult (Animal)","discard","discard","discard","discard","discard","discard","discard","discard","discard","discard","discard","discard","discard","discard","discard","discard","discard","discard","discard","discard","discard","discard","Adult (2 Dimensions)","High Load","Near","Near","discard","discard","discard","discard","discard","discard","discard","discard","2 Dimensions","discard","discard","discard","discard","discard","discard","Adult (6 item)","discard","discard","discard","discard","Adult (6 item)","Adult (6 item)","keep"
755,"2790","dedhe",6,"Adult",NA,NA,NA,"animal","near","same","yes","yes",1,0,0,0,"high",0.625,0.96,0.97,"2D","2D","stack","iterate","iterate","stack","Stack",0.99,0.01,NA,0.01,NA,NA,NA,NA,NA,NA,0.99,0.01,0.01,0.01,0.98,0.99,0.02,1,0.99,0.98,1.96,0.02,0.03,0.99,"animal_picture","near","mix","pure","learn_gen","animalpic_animalpic",4,4,8,4,0.98,0,"Serial-crossed",1,0,0,0,0.99,0.01,0.01,0.98,0.99,0.01,0.98,0.01,0.99,0.97,"Center-embedded",0.976,0.012,NA,0.01,0.99,0.01,0,0,0.96,0.96,1,NA,"2D",NA,1,0,0,"yes","near",NA,NA,NA,NA,NA,NA,NA,"discard","Near","discard","discard","discard","discard","discard","discard","discard","Adult (Animal)","discard","discard","discard","discard","discard","discard","discard","discard","discard","discard","discard","discard","discard","discard","discard","discard","discard","discard","discard","discard","discard","discard","Adult (2 Dimensions)","High Load","Near","Near","discard","discard","discard","discard","discard","discard","discard","discard","2 Dimensions","discard","discard","discard","discard","discard","discard","Adult (6 item)","discard","discard","discard","discard","Adult (6 item)","Adult (6 item)","keep"
756,"2793","dedhe",6,"Adult",NA,NA,NA,"animal","near","same","yes","yes",0.25,0,0,0.75,"high",1,0.74,0.8,"2D","2D","stack","iterate","iterate","stack","Stack",0.9,0.1,NA,0.09,NA,NA,NA,NA,NA,NA,0.99,0.01,0.16,0.17,0.67,0.99,0.17,1,0.99,0.67,1.65,0.13,0.2,0.93,"animal_picture","near","mix","pure","learn_gen","animalpic_animalpic",5,7,12,6,0.83,0,"Serial-crossed",0.25,0,0,0,0.99,0.01,0.17,0.67,0.99,0.01,0.67,0.17,0.99,0.78,"Center-embedded",0.825,0.088,NA,0.09,0.99,0.01,0,0,0.74,0.74,1,NA,"2D",NA,0.7,-2,-0.2,"yes","near",NA,NA,NA,NA,NA,NA,NA,"discard","Near","discard","discard","discard","discard","discard","discard","discard","Adult (Animal)","discard","discard","discard","discard","discard","discard","discard","discard","discard","discard","discard","discard","discard","discard","discard","discard","discard","discard","discard","discard","discard","discard","Adult (2 Dimensions)","High Load","Near","Near","discard","discard","discard","discard","discard","discard","discard","discard","2 Dimensions","discard","discard","discard","discard","discard","discard","Adult (6 item)","discard","discard","discard","discard","Adult (6 item)","Adult (6 item)","keep"
757,"2794","dedhe",6,"Adult",NA,NA,NA,"animal","near","same","yes","yes",0.38,0,0,0.63,"high",0.625,0.83,0.87,"2D","2D","stack","iterate","iterate","stack","Stack",0.94,0.06,NA,0.06,NA,NA,NA,NA,NA,NA,0.99,0.01,0.09,0.09,0.83,0.99,0.1,1,0.99,0.83,1.81,0.08,0.13,0.96,"animal_picture","near","mix","pure","learn_gen","animalpic_animalpic",6,4,10,5,0.9,0,"Serial-crossed",0.38,0,0,0,0.99,0.01,0.09,0.83,0.99,0.01,0.83,0.09,0.99,0.86,"Center-embedded",0.888,0.056,NA,0.06,0.99,0.01,0,0,0.83,0.83,1,NA,"2D",NA,1.5,2,0.2,"yes","near",NA,NA,NA,NA,NA,NA,NA,"discard","Near","discard","discard","discard","discard","discard","discard","discard","Adult (Animal)","discard","discard","discard","discard","discard","discard","discard","discard","discard","discard","discard","discard","discard","discard","discard","discard","discard","discard","discard","discard","discard","discard","Adult (2 Dimensions)","High Load","Near","Near","discard","discard","discard","discard","discard","discard","discard","discard","2 Dimensions","discard","discard","discard","discard","discard","discard","Adult (6 item)","discard","discard","discard","discard","Adult (6 item)","Adult (6 item)","keep"
758,"2795","dedhe",6,"Adult",NA,NA,NA,"animal","near","same","yes","yes",1,0,0,0,"high",1,0.96,0.97,"2D","2D","stack","iterate","iterate","stack","Stack",0.99,0.01,NA,0.01,NA,NA,NA,NA,NA,NA,0.99,0.01,0.01,0.01,0.97,0.99,0.02,1,0.99,0.97,1.96,0.02,0.03,0.99,"animal_picture","near","mix","pure","learn_gen","animalpic_animalpic",12,5,17,8.5,0.98,0,"Serial-crossed",1,0,0,0,0.99,0.01,0.01,0.97,0.99,0.01,0.97,0.01,0.99,0.97,"Center-embedded",0.976,0.012,NA,0.01,0.99,0.01,0,0,0.96,0.96,1,NA,"2D",NA,2.4,7,0.4,"yes","near",NA,NA,NA,NA,NA,NA,NA,"discard","Near","discard","discard","discard","discard","discard","discard","discard","Adult (Animal)","discard","discard","discard","discard","discard","discard","discard","discard","discard","discard","discard","discard","discard","discard","discard","discard","discard","discard","discard","discard","discard","discard","Adult (2 Dimensions)","High Load","Near","Near","discard","discard","discard","discard","discard","discard","discard","discard","2 Dimensions","discard","discard","discard","discard","discard","discard","Adult (6 item)","discard","discard","discard","discard","Adult (6 item)","Adult (6 item)","keep"
759,"2796","dedhe",6,"Adult",NA,NA,NA,"animal","near","same","yes","yes",0,0,0,1,"high",0.5,0.01,0.26,"not 2D","1D","stack","alternate","seriate","alternate","Seriate",0.51,0.49,NA,0.34,NA,NA,NA,NA,NA,NA,0.49,0.51,0.33,0.33,0.34,0.51,0.23,1,0.51,0.34,0.85,0.51,0.74,0.75,"animal_picture","near","mix","pure","learn_gen","animalpic_animalpic",97,11,108,54,0.77,0,"Serial-crossed",0,0,0,0,0.49,0.51,0.33,0.34,0.49,0.51,0.34,0.33,0.51,0.39,"Center-embedded",0.336,0.327,NA,0.34,0.49,0.51,0,0,0,0.51,0,NA,"alternate",NA,8.8,86,0.8,"no","near",NA,NA,NA,NA,NA,NA,NA,"discard","Near","discard","discard","discard","discard","discard","discard","discard","Adult (Animal)","discard","discard","discard","discard","discard","discard","discard","discard","discard","discard","discard","discard","discard","discard","discard","discard","discard","discard","discard","discard","discard","discard","Adult (2 Dimensions)","High Load","Near","Near","discard","discard","discard","discard","discard","discard","discard","discard","2 Dimensions","discard","discard","discard","discard","discard","discard","Adult (6 item)","discard","discard","discard","discard","Adult (6 item)","Adult (6 item)","keep"
760,"2798","dedhe",6,"Adult",NA,NA,NA,"animal","near","same","yes","yes",0,0,0,1,"high",0.625,0.01,0.26,"not 2D","1D","stack","alternate","seriate","alternate","Seriate",0.51,0.49,NA,0.34,NA,NA,NA,NA,NA,NA,0.31,0.69,0.33,0.33,0.34,0.69,0.23,1,0.69,0.34,1.03,0.69,0.74,0.75,"animal_picture","near","mix","pure","learn_gen","animalpic_animalpic",14,3,17,8.5,0.77,0,"Serial-crossed",0,0,0,0,0.33,0.69,0.33,0.34,0.33,0.69,0.34,0.33,0.69,0.39,"Center-embedded",0.334,0.327,NA,0.34,0.31,0.69,0,0,0,0.69,0,NA,"alternate",NA,4.7,11,0.6,"no","near",NA,NA,NA,NA,NA,NA,NA,"discard","Near","discard","discard","discard","discard","discard","discard","discard","Adult (Animal)","discard","discard","discard","discard","discard","discard","discard","discard","discard","discard","discard","discard","discard","discard","discard","discard","discard","discard","discard","discard","discard","discard","Adult (2 Dimensions)","High Load","Near","Near","discard","discard","discard","discard","discard","discard","discard","discard","2 Dimensions","discard","discard","discard","discard","discard","discard","Adult (6 item)","discard","discard","discard","discard","Adult (6 item)","Adult (6 item)","keep"
761,"2800","dedhe",6,"Adult",NA,NA,NA,"animal","near","same","yes","yes",0.38,0,0,0.63,"high",0.625,0.83,0.87,"2D","2D","stack","iterate","iterate","stack","Stack",0.94,0.06,NA,0.06,NA,NA,NA,NA,NA,NA,0.99,0.01,0.09,0.08,0.83,0.99,0.1,1,0.99,0.83,1.82,0.08,0.13,0.96,"animal_picture","near","mix","pure","learn_gen","animalpic_animalpic",6,3,9,4.5,0.9,0,"Serial-crossed",0.38,0,0,0,0.99,0.01,0.08,0.83,0.99,0.01,0.83,0.08,0.99,0.86,"Center-embedded",0.888,0.056,NA,0.06,0.99,0.01,0,0,0.83,0.83,1,NA,"2D",NA,2,3,0.3,"yes","near",NA,NA,NA,NA,NA,NA,NA,"discard","Near","discard","discard","discard","discard","discard","discard","discard","Adult (Animal)","discard","discard","discard","discard","discard","discard","discard","discard","discard","discard","discard","discard","discard","discard","discard","discard","discard","discard","discard","discard","discard","discard","Adult (2 Dimensions)","High Load","Near","Near","discard","discard","discard","discard","discard","discard","discard","discard","2 Dimensions","discard","discard","discard","discard","discard","discard","Adult (6 item)","discard","discard","discard","discard","Adult (6 item)","Adult (6 item)","keep"
762,"2802","dedhe",6,"Adult",NA,NA,NA,"animal","near","same","yes","yes",0.25,0.25,0.13,0.38,"high",0.5,0,0.25,"not 2D","1D","queue","iterate","iterate","iterate","Iterate",0.5,0.5,NA,0.2,NA,NA,NA,NA,NA,NA,0.91,0.09,0.34,0.33,0.33,0.91,0.71,1,0.91,0.34,1.25,0.91,0.75,0.75,"animal_picture","near","mix","pure","learn_gen","animalpic_animalpic",3,3,6,3,0.29,0.25,"Serial-crossed",0.25,0,0,0,0.91,0.09,0.33,0.33,0.91,0.09,0.33,0.33,0.91,0.15,"Center-embedded",0.4,0.405,NA,0.2,0.91,0.09,0,0,0,0.91,0,NA,"iterate",NA,1,0,0,"no","near",NA,NA,NA,NA,NA,NA,NA,"discard","Near","discard","discard","discard","discard","discard","discard","discard","Adult (Animal)","discard","discard","discard","discard","discard","discard","discard","discard","discard","discard","discard","discard","discard","discard","discard","discard","discard","discard","discard","discard","discard","discard","Adult (2 Dimensions)","High Load","Near","Near","discard","discard","discard","discard","discard","discard","discard","discard","2 Dimensions","discard","discard","discard","discard","discard","discard","Adult (6 item)","discard","discard","discard","discard","Adult (6 item)","Adult (6 item)","keep"
763,"2803","dedhe",6,"Adult",NA,NA,NA,"animal","near","same","yes","yes",0,0,0,1,"high",1,0.03,0.27,"not 2D","1D","stack","iterate","iterate","iterate","Iterate",0.52,0.48,NA,0.34,NA,NA,NA,NA,NA,NA,0.98,0.02,0.34,0.32,0.34,0.98,0.23,1,0.98,0.34,1.32,0.98,0.73,0.76,"animal_picture","near","mix","pure","learn_gen","animalpic_animalpic",3,3,6,3,0.77,0,"Serial-crossed",0,0,0,0,0.98,0.02,0.32,0.34,0.98,0.02,0.34,0.32,0.98,0.4,"Center-embedded",0.345,0.318,NA,0.34,0.98,0.02,0,0,0.01,0.98,0,NA,"iterate",NA,1,0,0,"no","near",NA,NA,NA,NA,NA,NA,NA,"discard","Near","discard","discard","discard","discard","discard","discard","discard","Adult (Animal)","discard","discard","discard","discard","discard","discard","discard","discard","discard","discard","discard","discard","discard","discard","discard","discard","discard","discard","discard","discard","discard","discard","Adult (2 Dimensions)","High Load","Near","Near","discard","discard","discard","discard","discard","discard","discard","discard","2 Dimensions","discard","discard","discard","discard","discard","discard","Adult (6 item)","discard","discard","discard","discard","Adult (6 item)","Adult (6 item)","keep"
764,"2804","dedhe",6,"Adult",NA,NA,NA,"animal","near","same","yes","yes",0.25,0,0,0.75,"high",1,0.74,0.8,"2D","2D","stack","iterate","iterate","stack","Stack",0.9,0.1,NA,0.09,NA,NA,NA,NA,NA,NA,0.99,0.01,0.17,0.17,0.66,0.99,0.17,1,0.99,0.66,1.65,0.13,0.2,0.93,"animal_picture","near","mix","pure","learn_gen","animalpic_animalpic",20,5,25,12.5,0.83,0,"Serial-crossed",0.25,0,0,0,0.99,0.01,0.17,0.66,0.99,0.01,0.66,0.17,0.99,0.78,"Center-embedded",0.826,0.087,NA,0.09,0.99,0.01,0,0,0.74,0.74,1,NA,"2D",NA,4,15,0.6,"yes","near",NA,NA,NA,NA,NA,NA,NA,"discard","Near","discard","discard","discard","discard","discard","discard","discard","Adult (Animal)","discard","discard","discard","discard","discard","discard","discard","discard","discard","discard","discard","discard","discard","discard","discard","discard","discard","discard","discard","discard","discard","discard","Adult (2 Dimensions)","High Load","Near","Near","discard","discard","discard","discard","discard","discard","discard","discard","2 Dimensions","discard","discard","discard","discard","discard","discard","Adult (6 item)","discard","discard","discard","discard","Adult (6 item)","Adult (6 item)","keep"
765,"2805","dedhe",6,"Adult",NA,NA,NA,"animal","near","same","yes","yes",0,0.13,0,0.88,"high",0.5,0.45,0.59,"2D","2D","queue","iterate","iterate","queue","Queue",0.23,0.77,NA,0.18,NA,NA,NA,NA,NA,NA,0.99,0.01,0.29,0.42,0.29,0.99,0.25,1,0.99,0.42,1.41,0.28,0.41,0.86,"animal_picture","near","mix","pure","learn_gen","animalpic_animalpic",19,6,25,12.5,0.75,0.13,"Serial-crossed",0.13,0,0,0,0.99,0.01,0.42,0.29,0.99,0.01,0.29,0.42,0.99,0.6,"Serial-crossed",0.184,0.634,NA,0.18,0.99,0.01,0,0,0.18,0.45,0,NA,"2D",NA,3.2,13,0.5,"no","near",NA,NA,NA,NA,NA,NA,NA,"discard","Near","discard","discard","discard","discard","discard","discard","discard","Adult (Animal)","discard","discard","discard","discard","discard","discard","discard","discard","discard","discard","discard","discard","discard","discard","discard","discard","discard","discard","discard","discard","discard","discard","Adult (2 Dimensions)","High Load","Near","Near","discard","discard","discard","discard","discard","discard","discard","discard","2 Dimensions","discard","discard","discard","discard","discard","discard","Adult (6 item)","discard","discard","discard","discard","Adult (6 item)","Adult (6 item)","keep"
766,"2806","dedhe",6,"Adult",NA,NA,NA,"animal","near","same","yes","yes",0.13,0.25,0,0.63,"high",0.5,0.39,0.55,"2D","2D","queue","iterate","iterate","queue","Queue",0.29,0.71,NA,0.08,NA,NA,NA,NA,NA,NA,0.99,0.01,0.16,0.59,0.25,0.99,0.35,1,0.99,0.59,1.58,0.3,0.45,0.85,"animal_picture","near","mix","pure","learn_gen","animalpic_animalpic",32,32,64,32,0.65,0.25,"Serial-crossed",0.25,0,0,0,0.99,0.01,0.59,0.25,0.99,0.01,0.25,0.59,0.99,0.52,"Serial-crossed",0.263,0.656,NA,0.08,0.99,0.01,0,0,0.26,0.39,0,NA,"2D",NA,1,0,0,"no","near",NA,NA,NA,NA,NA,NA,NA,"discard","Near","discard","discard","discard","discard","discard","discard","discard","Adult (Animal)","discard","discard","discard","discard","discard","discard","discard","discard","discard","discard","discard","discard","discard","discard","discard","discard","discard","discard","discard","discard","discard","discard","Adult (2 Dimensions)","High Load","Near","Near","discard","discard","discard","discard","discard","discard","discard","discard","2 Dimensions","discard","discard","discard","discard","discard","discard","Adult (6 item)","discard","discard","discard","discard","Adult (6 item)","Adult (6 item)","keep"
767,"2807","dedhe",6,"Adult",NA,NA,NA,"animal","near","same","yes","yes",0.5,0,0,0.5,"high",0.875,0.87,0.91,"2D","2D","stack","iterate","iterate","stack","Stack",0.96,0.04,NA,0.04,NA,NA,NA,NA,NA,NA,0.99,0.01,0.05,0.05,0.89,0.99,0.07,1,0.99,0.89,1.88,0.06,0.09,0.97,"animal_picture","near","mix","pure","learn_gen","animalpic_animalpic",25,6,31,15.5,0.93,0,"Serial-crossed",0.5,0,0,0,0.99,0.01,0.05,0.89,0.99,0.01,0.89,0.05,0.99,0.9,"Center-embedded",0.916,0.042,NA,0.04,0.99,0.01,0,0,0.87,0.87,1,NA,"2D",NA,4.2,19,0.6,"yes","near",NA,NA,NA,NA,NA,NA,NA,"discard","Near","discard","discard","discard","discard","discard","discard","discard","Adult (Animal)","discard","discard","discard","discard","discard","discard","discard","discard","discard","discard","discard","discard","discard","discard","discard","discard","discard","discard","discard","discard","discard","discard","Adult (2 Dimensions)","High Load","Near","Near","discard","discard","discard","discard","discard","discard","discard","discard","2 Dimensions","discard","discard","discard","discard","discard","discard","Adult (6 item)","discard","discard","discard","discard","Adult (6 item)","Adult (6 item)","keep"
768,"2809","dedhe",6,"Adult",NA,NA,NA,"animal","near","same","yes","yes",0.13,0.13,0,0.75,"low",0.375,0.01,0.26,"not 2D","1D","stack","iterate","iterate","iterate","Iterate",0.5,0.5,NA,0.14,NA,NA,NA,NA,NA,NA,0.99,0.01,0.24,0.38,0.38,0.99,0.36,1,0.99,0.38,1.37,0.99,0.74,0.75,"animal_picture","near","mix","pure","learn_gen","animalpic_animalpic",12,5,17,8.5,0.64,0.13,"Serial-crossed",0.13,0,0,0,0.99,0.01,0.38,0.38,0.99,0.01,0.38,0.38,0.99,0.32,"Center-embedded",0.436,0.428,NA,0.14,0.99,0.01,0,0,0.01,0.99,0,NA,"iterate",NA,2.4,7,0.4,"no","near",NA,NA,NA,NA,NA,NA,NA,"discard","Near","discard","discard","discard","discard","discard","discard","discard","Adult (Animal)","discard","discard","discard","discard","discard","discard","discard","discard","discard","discard","discard","discard","discard","discard","discard","discard","discard","discard","discard","discard","discard","discard","Adult (2 Dimensions)","High Load","Near","Near","discard","discard","discard","discard","discard","discard","discard","discard","2 Dimensions","discard","discard","discard","discard","discard","discard","Adult (6 item)","discard","discard","discard","discard","Adult (6 item)","Adult (6 item)","keep"
769,"2810","dedhe",6,"Adult",NA,NA,NA,"animal","near","same","yes","yes",0.13,0.25,0,0.63,"high",0.5,0.4,0.55,"2D","2D","queue","iterate","iterate","queue","Queue",0.28,0.72,NA,0.08,NA,NA,NA,NA,NA,NA,0.98,0.02,0.15,0.59,0.26,0.98,0.34,1,0.98,0.59,1.56,0.3,0.45,0.85,"animal_picture","near","mix","pure","learn_gen","animalpic_animalpic",29,3,32,16,0.66,0.25,"Serial-crossed",0.25,0,0,0,0.98,0.02,0.59,0.26,0.98,0.02,0.26,0.59,0.98,0.53,"Serial-crossed",0.261,0.656,NA,0.08,0.98,0.02,0,0,0.26,0.4,0,NA,"2D",NA,9.7,26,0.8,"no","near",NA,NA,NA,NA,NA,NA,NA,"discard","Near","discard","discard","discard","discard","discard","discard","discard","Adult (Animal)","discard","discard","discard","discard","discard","discard","discard","discard","discard","discard","discard","discard","discard","discard","discard","discard","discard","discard","discard","discard","discard","discard","Adult (2 Dimensions)","High Load","Near","Near","discard","discard","discard","discard","discard","discard","discard","discard","2 Dimensions","discard","discard","discard","discard","discard","discard","Adult (6 item)","discard","discard","discard","discard","Adult (6 item)","Adult (6 item)","keep"
770,"2812","dedhe",6,"Adult",NA,NA,NA,"animal","near","same","yes","yes",0.63,0,0,0.38,"high",0.875,0.9,0.93,"2D","2D","stack","iterate","iterate","stack","Stack",0.97,0.03,NA,0.03,NA,NA,NA,NA,NA,NA,0.99,0.01,0.04,0.04,0.93,0.99,0.05,1,0.99,0.93,1.91,0.05,0.07,0.98,"animal_picture","near","mix","pure","learn_gen","animalpic_animalpic",27,3,30,15,0.95,0,"Serial-crossed",0.63,0,0,0,0.99,0.01,0.04,0.93,0.99,0.01,0.93,0.04,0.99,0.93,"Center-embedded",0.935,0.032,NA,0.03,0.99,0.01,0,0,0.9,0.9,1,NA,"2D",NA,9,24,0.8,"yes","near",NA,NA,NA,NA,NA,NA,NA,"discard","Near","discard","discard","discard","discard","discard","discard","discard","Adult (Animal)","discard","discard","discard","discard","discard","discard","discard","discard","discard","discard","discard","discard","discard","discard","discard","discard","discard","discard","discard","discard","discard","discard","Adult (2 Dimensions)","High Load","Near","Near","discard","discard","discard","discard","discard","discard","discard","discard","2 Dimensions","discard","discard","discard","discard","discard","discard","Adult (6 item)","discard","discard","discard","discard","Adult (6 item)","Adult (6 item)","keep"
771,"2815","dedhe",6,"Adult",NA,NA,NA,"animal","near","same","yes","yes",0.75,0.13,0,0.13,"high",0.75,0.77,0.83,"2D","2D","stack","iterate","iterate","stack","Stack",0.89,0.11,NA,0.02,NA,NA,NA,NA,NA,NA,0.99,0.01,0.03,0.07,0.9,0.99,0.11,1,0.99,0.9,1.89,0.11,0.17,0.94,"animal_picture","near","mix","pure","learn_gen","animalpic_animalpic",6,3,9,4.5,0.89,0.13,"Serial-crossed",0.75,0,0,0,0.99,0.01,0.07,0.9,0.99,0.01,0.9,0.07,0.99,0.83,"Center-embedded",0.875,0.104,NA,0.02,0.99,0.01,0,0,0.77,0.77,1,NA,"2D",NA,2,3,0.3,"yes","near",NA,NA,NA,NA,NA,NA,NA,"discard","Near","discard","discard","discard","discard","discard","discard","discard","Adult (Animal)","discard","discard","discard","discard","discard","discard","discard","discard","discard","discard","discard","discard","discard","discard","discard","discard","discard","discard","discard","discard","discard","discard","Adult (2 Dimensions)","High Load","Near","Near","discard","discard","discard","discard","discard","discard","discard","discard","2 Dimensions","discard","discard","discard","discard","discard","discard","Adult (6 item)","discard","discard","discard","discard","Adult (6 item)","Adult (6 item)","keep"
802,"2768","dedhe",6,"Adult",NA,NA,NA,"animal","far","same","yes","yes",0.88,0,0,0.13,"high",0.5,0.94,0.96,"2D","2D","stack","iterate","iterate","stack","Stack",0.96,0.02,0.02,NA,NA,NA,NA,NA,NA,NA,0.99,0.01,0.02,0.02,0.96,0.99,0.03,1,0.99,0.96,1.95,0.03,0.04,0.99,"animal_picture","far","mix","pure","learn_gen","animalpic_animalpic",13,8,21,10.5,0.97,0,"Serial-crossed",0.88,0,0,0,0.99,0.01,0.02,0.96,0.99,0.01,0.96,0.02,0.99,0.96,"Center-embedded",0.962,0.019,0.02,NA,0.99,0.01,0,0,0.94,0.94,1,NA,"2D",NA,1.6,5,0.2,"yes","far_same",NA,NA,NA,NA,NA,NA,NA,"discard","Far (Related)","discard","discard","discard","discard","discard","discard","Adult (Animal)","Adult (Animal)","discard","discard","discard","discard","discard","discard","discard","discard","discard","discard","discard","discard","discard","discard","discard","discard","discard","discard","discard","discard","discard","discard","Adult (2 Dimensions)","High Load","Far (Same)","Far","discard","discard","discard","discard","discard","discard","discard","discard","2 Dimensions","discard","discard","discard","discard","discard","discard","discard","Adult (6 item)","discard","discard","discard","discard","Adult (6 item)","keep"
803,"2769","dedhe",6,"Adult",NA,NA,NA,"animal","far","same","yes","yes",1,0,0,0,"high",1,0.96,0.97,"2D","2D","stack","iterate","iterate","stack","Stack",0.98,0.01,0.01,NA,NA,NA,NA,NA,NA,NA,0.99,0.01,0.01,0.01,0.97,0.99,0.02,1,0.99,0.97,1.96,0.02,0.03,0.99,"animal_picture","far","mix","pure","learn_gen","animalpic_animalpic",16,3,19,9.5,0.98,0,"Serial-crossed",1,0,0,0,0.99,0.01,0.01,0.97,0.99,0.01,0.97,0.01,0.99,0.97,"Center-embedded",0.976,0.012,0.01,NA,0.99,0.01,0,0,0.96,0.96,1,NA,"2D",NA,5.3,13,0.7,"yes","far_same",NA,NA,NA,NA,NA,NA,NA,"discard","Far (Related)","discard","discard","discard","discard","discard","discard","Adult (Animal)","Adult (Animal)","discard","discard","discard","discard","discard","discard","discard","discard","discard","discard","discard","discard","discard","discard","discard","discard","discard","discard","discard","discard","discard","discard","Adult (2 Dimensions)","High Load","Far (Same)","Far","discard","discard","discard","discard","discard","discard","discard","discard","2 Dimensions","discard","discard","discard","discard","discard","discard","discard","Adult (6 item)","discard","discard","discard","discard","Adult (6 item)","keep"
804,"2770","dedhe",6,"Adult",NA,NA,NA,"animal","far","same","yes","yes",0.5,0.38,0,0.13,"high",0.75,0.15,0.37,"not 2D","1D","stack","iterate","iterate","iterate","Iterate",0.56,0.41,0.03,NA,NA,NA,NA,NA,NA,NA,0.99,0.01,0.03,0.39,0.58,0.99,0.35,1,0.99,0.58,1.57,0.99,0.63,0.79,"animal_picture","far","mix","pure","learn_gen","animalpic_animalpic",12,6,18,9,0.65,0.38,"Serial-crossed",0.5,0,0,0,0.99,0.01,0.39,0.58,0.99,0.01,0.58,0.39,0.99,0.4,"Center-embedded",0.564,0.409,0.03,NA,0.99,0.01,0,0,0.15,0.99,0,NA,"iterate",NA,2,6,0.3,"no","far_same",NA,NA,NA,NA,NA,NA,NA,"discard","Far (Related)","discard","discard","discard","discard","discard","discard","Adult (Animal)","Adult (Animal)","discard","discard","discard","discard","discard","discard","discard","discard","discard","discard","discard","discard","discard","discard","discard","discard","discard","discard","discard","discard","discard","discard","Adult (2 Dimensions)","High Load","Far (Same)","Far","discard","discard","discard","discard","discard","discard","discard","discard","2 Dimensions","discard","discard","discard","discard","discard","discard","discard","Adult (6 item)","discard","discard","discard","discard","Adult (6 item)","keep"
805,"2771","dedhe",6,"Adult",NA,NA,NA,"animal","far","same","yes","yes",0.88,0,0,0.13,"high",1,0.94,0.96,"2D","2D","stack","iterate","iterate","stack","Stack",0.96,0.02,0.02,NA,NA,NA,NA,NA,NA,NA,0.99,0.01,0.02,0.02,0.96,0.99,0.03,1,0.99,0.96,1.95,0.03,0.04,0.99,"animal_picture","far","mix","pure","learn_gen","animalpic_animalpic",35,3,38,19,0.97,0,"Serial-crossed",0.88,0,0,0,0.99,0.01,0.02,0.96,0.99,0.01,0.96,0.02,0.99,0.96,"Center-embedded",0.962,0.019,0.02,NA,0.99,0.01,0,0,0.94,0.94,1,NA,"2D",NA,11.7,32,0.8,"yes","far_same",NA,NA,NA,NA,NA,NA,NA,"discard","Far (Related)","discard","discard","discard","discard","discard","discard","Adult (Animal)","Adult (Animal)","discard","discard","discard","discard","discard","discard","discard","discard","discard","discard","discard","discard","discard","discard","discard","discard","discard","discard","discard","discard","discard","discard","Adult (2 Dimensions)","High Load","Far (Same)","Far","discard","discard","discard","discard","discard","discard","discard","discard","2 Dimensions","discard","discard","discard","discard","discard","discard","discard","Adult (6 item)","discard","discard","discard","discard","Adult (6 item)","keep"
806,"2772","dedhe",6,"Adult",NA,NA,NA,"animal","far","same","yes","yes",0,0,0,1,"high",1,0,0.25,"not 2D","1D","stack","iterate","iterate","iterate","Iterate",0.34,0.33,0.33,NA,NA,NA,NA,NA,NA,NA,0.99,0.01,0.34,0.32,0.34,0.99,0.22,1,0.99,0.34,1.33,0.99,0.75,0.75,"animal_picture","far","mix","pure","learn_gen","animalpic_animalpic",3,3,6,3,0.78,0,"Serial-crossed",0,0,0,0,0.99,0.01,0.32,0.34,0.99,0.01,0.34,0.32,0.99,0.39,"Center-embedded",0.336,0.331,0.33,NA,0.99,0.01,0,0,0,0.99,0,NA,"iterate",NA,1,0,0,"no","far_same",NA,NA,NA,NA,NA,NA,NA,"discard","Far (Related)","discard","discard","discard","discard","discard","discard","Adult (Animal)","Adult (Animal)","discard","discard","discard","discard","discard","discard","discard","discard","discard","discard","discard","discard","discard","discard","discard","discard","discard","discard","discard","discard","discard","discard","Adult (2 Dimensions)","High Load","Far (Same)","Far","discard","discard","discard","discard","discard","discard","discard","discard","2 Dimensions","discard","discard","discard","discard","discard","discard","discard","Adult (6 item)","discard","discard","discard","discard","Adult (6 item)","keep"
807,"2773","dedhe",6,"Adult",NA,NA,NA,"animal","far","same","yes","yes",0,0,0,1,"high",1,0,0.25,"not 2D","1D","stack","alternate","seriate","alternate","Seriate",0.34,0.33,0.33,NA,NA,NA,NA,NA,NA,NA,0.5,0.5,0.33,0.33,0.34,0.5,0.23,1,0.5,0.34,0.84,0.5,0.75,0.75,"animal_picture","far","mix","pure","learn_gen","animalpic_animalpic",6,3,9,4.5,0.77,0,"Serial-crossed",0,0,0,0,0.5,0.5,0.33,0.34,0.5,0.5,0.34,0.33,0.5,0.39,"Center-embedded",0.336,0.332,0.33,NA,0.5,0.5,0,0,0,0.5,0,NA,"alternate",NA,2,3,0.3,"no","far_same",NA,NA,NA,NA,NA,NA,NA,"discard","Far (Related)","discard","discard","discard","discard","discard","discard","Adult (Animal)","Adult (Animal)","discard","discard","discard","discard","discard","discard","discard","discard","discard","discard","discard","discard","discard","discard","discard","discard","discard","discard","discard","discard","discard","discard","Adult (2 Dimensions)","High Load","Far (Same)","Far","discard","discard","discard","discard","discard","discard","discard","discard","2 Dimensions","discard","discard","discard","discard","discard","discard","discard","Adult (6 item)","discard","discard","discard","discard","Adult (6 item)","keep"
808,"2774","dedhe",6,"Adult",NA,NA,NA,"animal","far","same","yes","yes",0,0.13,0,0.88,"low",0.375,0.45,0.59,"2D","2D","queue","iterate","iterate","queue","Queue",0.18,0.63,0.18,NA,NA,NA,NA,NA,NA,NA,0.51,0.49,0.38,0.37,0.25,0.51,0.25,1,0.51,0.38,0.89,0.28,0.41,0.86,"animal_picture","far","mix","pure","learn_gen","animalpic_animalpic",7,4,11,5.5,0.75,0.13,"Serial-crossed",0.13,0,0,0,0.51,0.49,0.37,0.25,0.51,0.49,0.25,0.37,0.51,0.6,"Serial-crossed",0.18,0.635,0.18,NA,0.51,0.49,0,0,0.18,0.45,0,NA,"2D",NA,1.8,3,0.3,"no","far_same",NA,NA,NA,NA,NA,NA,NA,"discard","Far (Related)","discard","discard","discard","discard","discard","discard","Adult (Animal)","Adult (Animal)","discard","discard","discard","discard","discard","discard","discard","discard","discard","discard","discard","discard","discard","discard","discard","discard","discard","discard","discard","discard","discard","discard","Adult (2 Dimensions)","High Load","Far (Same)","Far","discard","discard","discard","discard","discard","discard","discard","discard","2 Dimensions","discard","discard","discard","discard","discard","discard","discard","Adult (6 item)","discard","discard","discard","discard","Adult (6 item)","keep"
809,"2776","dedhe",6,"Adult",NA,NA,NA,"animal","far","same","yes","yes",0,0,0,1,"high",0.875,0.01,0.25,"not 2D","1D","stack","iterate","iterate","iterate","Iterate",0.34,0.33,0.33,NA,NA,NA,NA,NA,NA,NA,0.98,0.02,0.33,0.34,0.34,0.98,0.23,1,0.98,0.34,1.31,0.98,0.75,0.75,"animal_picture","far","mix","pure","learn_gen","animalpic_animalpic",3,6,9,4.5,0.77,0,"Serial-crossed",0,0,0,0,0.98,0.02,0.34,0.34,0.98,0.02,0.34,0.34,0.98,0.39,"Center-embedded",0.338,0.331,0.33,NA,0.98,0.02,0,0,0.01,0.98,0,NA,"iterate",NA,0.5,-3,-0.3,"no","far_same",NA,NA,NA,NA,NA,NA,NA,"discard","Far (Related)","discard","discard","discard","discard","discard","discard","Adult (Animal)","Adult (Animal)","discard","discard","discard","discard","discard","discard","discard","discard","discard","discard","discard","discard","discard","discard","discard","discard","discard","discard","discard","discard","discard","discard","Adult (2 Dimensions)","High Load","Far (Same)","Far","discard","discard","discard","discard","discard","discard","discard","discard","2 Dimensions","discard","discard","discard","discard","discard","discard","discard","Adult (6 item)","discard","discard","discard","discard","Adult (6 item)","keep"
810,"2777","dedhe",6,"Adult",NA,NA,NA,"animal","far","same","yes","yes",0,0.33,0.22,0.44,"high",0.75,0.23,0.42,"not 2D","1D","queue","iterate","iterate","iterate","Iterate",0.05,0.59,0.36,NA,NA,NA,NA,NA,NA,NA,0.65,0.35,0.3,0.62,0.08,0.65,0.37,1,0.65,0.62,1.26,0.65,0.58,0.81,"animal_picture","far","mix","pure","learn_gen","animalpic_animalpic",12,5,17,8.5,0.63,0.33,"Serial-crossed",0.33,0,0,0,0.65,0.35,0.62,0.08,0.65,0.35,0.08,0.62,0.65,0.43,"Serial-crossed",0.049,0.589,0.36,NA,0.65,0.35,0,0,0.05,0.65,0,NA,"iterate",NA,2.4,7,0.4,"no","far_same",NA,NA,NA,NA,NA,NA,NA,"discard","Far (Related)","discard","discard","discard","discard","discard","discard","Adult (Animal)","Adult (Animal)","discard","discard","discard","discard","discard","discard","discard","discard","discard","discard","discard","discard","discard","discard","discard","discard","discard","discard","discard","discard","discard","discard","Adult (2 Dimensions)","High Load","Far (Same)","Far","discard","discard","discard","discard","discard","discard","discard","discard","2 Dimensions","discard","discard","discard","discard","discard","discard","discard","Adult (6 item)","discard","discard","discard","discard","Adult (6 item)","keep"
811,"2778","dedhe",6,"Adult",NA,NA,NA,"animal","far","same","yes","yes",0,0,1,0,"high",1,0.97,0.98,"2D","2D","pair","alternate","seriate","pair","Pair",0.01,0.01,0.98,NA,NA,NA,NA,NA,NA,NA,0.01,0.99,0.98,0.01,0.01,0.99,0.01,1,0.99,0.98,1.97,0.02,0.02,0.99,"animal_picture","far","mix","pure","learn_gen","animalpic_animalpic",8,11,19,9.5,0.99,1,"Tail-recursive",1,0,0,0,0.98,0.99,0.01,0.01,0.98,0.99,0.01,0.01,0.99,0.98,"Tail-recursive",0.011,0.011,0.98,NA,0.01,0.99,0,0,0.01,0.97,0,NA,"2D",NA,0.7,-3,-0.2,"no","far_same",NA,NA,NA,NA,NA,NA,NA,"discard","Far (Related)","discard","discard","discard","discard","discard","discard","Adult (Animal)","Adult (Animal)","discard","discard","discard","discard","discard","discard","discard","discard","discard","discard","discard","discard","discard","discard","discard","discard","discard","discard","discard","discard","discard","discard","Adult (2 Dimensions)","High Load","Far (Same)","Far","discard","discard","discard","discard","discard","discard","discard","discard","2 Dimensions","discard","discard","discard","discard","discard","discard","discard","Adult (6 item)","discard","discard","discard","discard","Adult (6 item)","keep"
812,"2780","dedhe",6,"Adult",NA,NA,NA,"animal","far","same","yes","yes",0,0,1,0,"high",0.75,0.97,0.98,"2D","2D","pair","alternate","seriate","pair","Pair",0.01,0.01,0.98,NA,NA,NA,NA,NA,NA,NA,0.01,0.99,0.98,0.01,0.01,0.99,0.01,1,0.99,0.98,1.97,0.02,0.02,0.99,"animal_picture","far","mix","pure","learn_gen","animalpic_animalpic",8,10,18,9,0.99,1,"Tail-recursive",1,0,0,0,0.98,0.99,0.01,0.01,0.98,0.99,0.01,0.01,0.99,0.98,"Tail-recursive",0.011,0.011,0.98,NA,0.01,0.99,0,0,0.01,0.97,0,NA,"2D",NA,0.8,-2,-0.1,"no","far_same",NA,NA,NA,NA,NA,NA,NA,"discard","Far (Related)","discard","discard","discard","discard","discard","discard","Adult (Animal)","Adult (Animal)","discard","discard","discard","discard","discard","discard","discard","discard","discard","discard","discard","discard","discard","discard","discard","discard","discard","discard","discard","discard","discard","discard","Adult (2 Dimensions)","High Load","Far (Same)","Far","discard","discard","discard","discard","discard","discard","discard","discard","2 Dimensions","discard","discard","discard","discard","discard","discard","discard","Adult (6 item)","discard","discard","discard","discard","Adult (6 item)","keep"
813,"2781","dedhe",6,"Adult",NA,NA,NA,"animal","far","same","yes","yes",0.78,0.11,0,0.11,"high",0.5,0.8,0.85,"2D","2D","stack","iterate","iterate","stack","Stack",0.89,0.09,0.02,NA,NA,NA,NA,NA,NA,NA,0.99,0.01,0.02,0.06,0.92,0.99,0.08,1,0.99,0.92,1.9,0.1,0.15,0.95,"animal_picture","far","mix","pure","learn_gen","animalpic_animalpic",4,5,9,4.5,0.92,0.11,"Serial-crossed",0.78,0,0,0,0.99,0.01,0.06,0.92,0.99,0.01,0.92,0.06,0.99,0.86,"Center-embedded",0.891,0.091,0.02,NA,0.99,0.01,0,0,0.8,0.8,1,NA,"2D",NA,0.8,-1,-0.1,"yes","far_same",NA,NA,NA,NA,NA,NA,NA,"discard","Far (Related)","discard","discard","discard","discard","discard","discard","Adult (Animal)","Adult (Animal)","discard","discard","discard","discard","discard","discard","discard","discard","discard","discard","discard","discard","discard","discard","discard","discard","discard","discard","discard","discard","discard","discard","Adult (2 Dimensions)","High Load","Far (Same)","Far","discard","discard","discard","discard","discard","discard","discard","discard","2 Dimensions","discard","discard","discard","discard","discard","discard","discard","Adult (6 item)","discard","discard","discard","discard","Adult (6 item)","keep"
814,"2782","dedhe",6,"Adult",NA,NA,NA,"animal","far","same","yes","yes",0.89,0,0,0.11,"high",1,0.95,0.96,"2D","2D","stack","iterate","iterate","stack","Stack",0.97,0.02,0.02,NA,NA,NA,NA,NA,NA,NA,0.99,0.01,0.02,0.02,0.96,0.99,0.02,1,0.99,0.96,1.95,0.03,0.04,0.99,"animal_picture","far","mix","pure","learn_gen","animalpic_animalpic",4,3,7,3.5,0.98,0,"Serial-crossed",0.89,0,0,0,0.99,0.01,0.02,0.96,0.99,0.01,0.96,0.02,0.99,0.96,"Center-embedded",0.967,0.017,0.02,NA,0.99,0.01,0,0,0.95,0.95,1,NA,"2D",NA,1.3,1,0.1,"yes","far_same",NA,NA,NA,NA,NA,NA,NA,"discard","Far (Related)","discard","discard","discard","discard","discard","discard","Adult (Animal)","Adult (Animal)","discard","discard","discard","discard","discard","discard","discard","discard","discard","discard","discard","discard","discard","discard","discard","discard","discard","discard","discard","discard","discard","discard","Adult (2 Dimensions)","High Load","Far (Same)","Far","discard","discard","discard","discard","discard","discard","discard","discard","2 Dimensions","discard","discard","discard","discard","discard","discard","discard","Adult (6 item)","discard","discard","discard","discard","Adult (6 item)","keep"
815,"2783","dedhe",6,"Adult",NA,NA,NA,"animal","far","same","yes","yes",0.33,0,0,0.67,"high",0.5,0.83,0.87,"2D","2D","stack","iterate","iterate","stack","Stack",0.88,0.06,0.06,NA,NA,NA,NA,NA,NA,NA,0.99,0.01,0.09,0.1,0.81,0.99,0.11,1,0.99,0.81,1.8,0.09,0.13,0.96,"animal_picture","far","mix","pure","learn_gen","animalpic_animalpic",5,4,9,4.5,0.89,0,"Serial-crossed",0.33,0,0,0,0.99,0.01,0.1,0.81,0.99,0.01,0.81,0.1,0.99,0.86,"Center-embedded",0.885,0.058,0.06,NA,0.99,0.01,0,0,0.83,0.83,1,NA,"2D",NA,1.3,1,0.1,"yes","far_same",NA,NA,NA,NA,NA,NA,NA,"discard","Far (Related)","discard","discard","discard","discard","discard","discard","Adult (Animal)","Adult (Animal)","discard","discard","discard","discard","discard","discard","discard","discard","discard","discard","discard","discard","discard","discard","discard","discard","discard","discard","discard","discard","discard","discard","Adult (2 Dimensions)","High Load","Far (Same)","Far","discard","discard","discard","discard","discard","discard","discard","discard","2 Dimensions","discard","discard","discard","discard","discard","discard","discard","Adult (6 item)","discard","discard","discard","discard","Adult (6 item)","keep"
816,"2784","dedhe",6,"Adult",NA,NA,NA,"animal","far","same","yes","yes",1,0,0,0,"high",1,0.96,0.97,"2D","2D","stack","iterate","iterate","stack","Stack",0.98,0.01,0.01,NA,NA,NA,NA,NA,NA,NA,0.99,0.01,0.01,0.01,0.97,0.99,0.02,1,0.99,0.97,1.96,0.02,0.03,0.99,"animal_picture","far","mix","pure","learn_gen","animalpic_animalpic",44,3,47,23.5,0.98,0,"Serial-crossed",1,0,0,0,0.99,0.01,0.01,0.97,0.99,0.01,0.97,0.01,0.99,0.97,"Center-embedded",0.976,0.012,0.01,NA,0.99,0.01,0,0,0.96,0.96,1,NA,"2D",NA,14.7,41,0.9,"yes","far_same",NA,NA,NA,NA,NA,NA,NA,"discard","Far (Related)","discard","discard","discard","discard","discard","discard","Adult (Animal)","Adult (Animal)","discard","discard","discard","discard","discard","discard","discard","discard","discard","discard","discard","discard","discard","discard","discard","discard","discard","discard","discard","discard","discard","discard","Adult (2 Dimensions)","High Load","Far (Same)","Far","discard","discard","discard","discard","discard","discard","discard","discard","2 Dimensions","discard","discard","discard","discard","discard","discard","discard","Adult (6 item)","discard","discard","discard","discard","Adult (6 item)","keep"
817,"2785","dedhe",6,"Adult",NA,NA,NA,"animal","far","same","yes","yes",1,0,0,0,"low",0,0.97,0.98,"2D","2D","stack","iterate","iterate","stack","Stack",0.98,0.01,0.01,NA,NA,NA,NA,NA,NA,NA,0.99,0.01,0.01,0.01,0.98,0.99,0.01,1,0.99,0.98,1.97,0.02,0.02,0.99,"animal_picture","far","mix","pure","learn_gen","animalpic_animalpic",17,3,20,10,0.99,0,"Serial-crossed",1,0,0,0,0.99,0.01,0.01,0.98,0.99,0.01,0.98,0.01,0.99,0.98,"Center-embedded",0.978,0.011,0.01,NA,0.99,0.01,0,0,0.97,0.97,1,NA,"2D",NA,5.7,14,0.7,"yes","far_same",NA,NA,NA,NA,NA,NA,NA,"discard","Far (Related)","discard","discard","discard","discard","discard","discard","Adult (Animal)","Adult (Animal)","discard","discard","discard","discard","discard","discard","discard","discard","discard","discard","discard","discard","discard","discard","discard","discard","discard","discard","discard","discard","discard","discard","Adult (2 Dimensions)","High Load","Far (Same)","Far","discard","discard","discard","discard","discard","discard","discard","discard","2 Dimensions","discard","discard","discard","discard","discard","discard","discard","Adult (6 item)","discard","discard","discard","discard","Adult (6 item)","keep"
818,"2786","dedhe",6,"Adult",NA,NA,NA,"animal","far","same","yes","yes",0.11,0.22,0,0.67,"high",1,0.4,0.55,"2D","2D","queue","iterate","iterate","queue","Queue",0.26,0.66,0.08,NA,NA,NA,NA,NA,NA,NA,0.99,0.01,0.17,0.57,0.26,0.99,0.34,1,0.99,0.57,1.56,0.3,0.45,0.85,"animal_picture","far","mix","pure","learn_gen","animalpic_animalpic",20,7,27,13.5,0.66,0.22,"Serial-crossed",0.22,0,0,0,0.99,0.01,0.57,0.26,0.99,0.01,0.26,0.57,0.99,0.53,"Serial-crossed",0.256,0.66,0.08,NA,0.99,0.01,0,0,0.26,0.4,0,NA,"2D",NA,2.9,13,0.5,"no","far_same",NA,NA,NA,NA,NA,NA,NA,"discard","Far (Related)","discard","discard","discard","discard","discard","discard","Adult (Animal)","Adult (Animal)","discard","discard","discard","discard","discard","discard","discard","discard","discard","discard","discard","discard","discard","discard","discard","discard","discard","discard","discard","discard","discard","discard","Adult (2 Dimensions)","High Load","Far (Same)","Far","discard","discard","discard","discard","discard","discard","discard","discard","2 Dimensions","discard","discard","discard","discard","discard","discard","discard","Adult (6 item)","discard","discard","discard","discard","Adult (6 item)","keep"
819,"2788","dedhe",6,"Adult",NA,NA,NA,"animal","far","same","yes","yes",1,0,0,0,"high",0.875,0.96,0.97,"2D","2D","stack","iterate","iterate","stack","Stack",0.98,0.01,0.01,NA,NA,NA,NA,NA,NA,NA,0.99,0.01,0.01,0.01,0.97,0.99,0.02,1,0.99,0.97,1.96,0.02,0.03,0.99,"animal_picture","far","mix","pure","learn_gen","animalpic_animalpic",12,5,17,8.5,0.98,0,"Serial-crossed",1,0,0,0,0.99,0.01,0.01,0.97,0.99,0.01,0.97,0.01,0.99,0.97,"Center-embedded",0.976,0.012,0.01,NA,0.99,0.01,0,0,0.96,0.96,1,NA,"2D",NA,2.4,7,0.4,"yes","far_same",NA,NA,NA,NA,NA,NA,NA,"discard","Far (Related)","discard","discard","discard","discard","discard","discard","Adult (Animal)","Adult (Animal)","discard","discard","discard","discard","discard","discard","discard","discard","discard","discard","discard","discard","discard","discard","discard","discard","discard","discard","discard","discard","discard","discard","Adult (2 Dimensions)","High Load","Far (Same)","Far","discard","discard","discard","discard","discard","discard","discard","discard","2 Dimensions","discard","discard","discard","discard","discard","discard","discard","Adult (6 item)","discard","discard","discard","discard","Adult (6 item)","keep"
820,"2789","dedhe",6,"Adult",NA,NA,NA,"animal","far","same","yes","yes",0,0,0,1,"high",1,0.02,0.26,"not 2D","1D","stack","alternate","seriate","alternate","Seriate",0.35,0.33,0.33,NA,NA,NA,NA,NA,NA,NA,0.49,0.51,0.33,0.33,0.34,0.51,0.23,1,0.51,0.34,0.85,0.51,0.74,0.75,"animal_picture","far","mix","pure","learn_gen","animalpic_animalpic",4,3,7,3.5,0.77,0,"Serial-crossed",0,0,0,0,0.49,0.51,0.33,0.34,0.49,0.51,0.34,0.33,0.51,0.39,"Center-embedded",0.346,0.326,0.33,NA,0.49,0.51,0,0,0.02,0.51,0,NA,"alternate",NA,1.3,1,0.1,"no","far_same",NA,NA,NA,NA,NA,NA,NA,"discard","Far (Related)","discard","discard","discard","discard","discard","discard","Adult (Animal)","Adult (Animal)","discard","discard","discard","discard","discard","discard","discard","discard","discard","discard","discard","discard","discard","discard","discard","discard","discard","discard","discard","discard","discard","discard","Adult (2 Dimensions)","High Load","Far (Same)","Far","discard","discard","discard","discard","discard","discard","discard","discard","2 Dimensions","discard","discard","discard","discard","discard","discard","discard","Adult (6 item)","discard","discard","discard","discard","Adult (6 item)","keep"
821,"2790","dedhe",6,"Adult",NA,NA,NA,"animal","far","same","yes","yes",0.88,0,0,0.13,"high",0.625,0.94,0.96,"2D","2D","stack","iterate","iterate","stack","Stack",0.96,0.02,0.02,NA,NA,NA,NA,NA,NA,NA,0.99,0.01,0.02,0.02,0.96,0.99,0.03,1,0.99,0.96,1.95,0.03,0.04,0.99,"animal_picture","far","mix","pure","learn_gen","animalpic_animalpic",4,4,8,4,0.97,0,"Serial-crossed",0.88,0,0,0,0.99,0.01,0.02,0.96,0.99,0.01,0.96,0.02,0.99,0.96,"Center-embedded",0.961,0.02,0.02,NA,0.99,0.01,0,0,0.94,0.94,1,NA,"2D",NA,1,0,0,"yes","far_same",NA,NA,NA,NA,NA,NA,NA,"discard","Far (Related)","discard","discard","discard","discard","discard","discard","Adult (Animal)","Adult (Animal)","discard","discard","discard","discard","discard","discard","discard","discard","discard","discard","discard","discard","discard","discard","discard","discard","discard","discard","discard","discard","discard","discard","Adult (2 Dimensions)","High Load","Far (Same)","Far","discard","discard","discard","discard","discard","discard","discard","discard","2 Dimensions","discard","discard","discard","discard","discard","discard","discard","Adult (6 item)","discard","discard","discard","discard","Adult (6 item)","keep"
822,"2793","dedhe",6,"Adult",NA,NA,NA,"animal","far","same","yes","yes",1,0,0,0,"high",1,0.97,0.98,"2D","2D","stack","iterate","iterate","stack","Stack",0.98,0.01,0.01,NA,NA,NA,NA,NA,NA,NA,0.99,0.01,0.01,0.01,0.98,0.99,0.01,1,0.99,0.98,1.96,0.02,0.02,0.99,"animal_picture","far","mix","pure","learn_gen","animalpic_animalpic",5,7,12,6,0.99,0,"Serial-crossed",1,0,0,0,0.99,0.01,0.01,0.98,0.99,0.01,0.98,0.01,0.99,0.98,"Center-embedded",0.978,0.011,0.01,NA,0.99,0.01,0,0,0.97,0.97,1,NA,"2D",NA,0.7,-2,-0.2,"yes","far_same",NA,NA,NA,NA,NA,NA,NA,"discard","Far (Related)","discard","discard","discard","discard","discard","discard","Adult (Animal)","Adult (Animal)","discard","discard","discard","discard","discard","discard","discard","discard","discard","discard","discard","discard","discard","discard","discard","discard","discard","discard","discard","discard","discard","discard","Adult (2 Dimensions)","High Load","Far (Same)","Far","discard","discard","discard","discard","discard","discard","discard","discard","2 Dimensions","discard","discard","discard","discard","discard","discard","discard","Adult (6 item)","discard","discard","discard","discard","Adult (6 item)","keep"
823,"2794","dedhe",6,"Adult",NA,NA,NA,"animal","far","same","yes","yes",0.22,0.22,0,0.56,"high",0.625,0,0.25,"not 2D","1D","queue","iterate","iterate","iterate","Iterate",0.47,0.47,0.07,NA,NA,NA,NA,NA,NA,NA,0.97,0.03,0.13,0.43,0.44,0.97,0.4,1,0.97,0.44,1.41,0.97,0.75,0.75,"animal_picture","far","mix","pure","learn_gen","animalpic_animalpic",6,4,10,5,0.6,0.22,"Serial-crossed",0.22,0,0,0,0.97,0.03,0.43,0.44,0.97,0.03,0.44,0.43,0.97,0.3,"Center-embedded",0.466,0.467,0.07,NA,0.97,0.03,0,0,0,0.97,0,NA,"iterate",NA,1.5,2,0.2,"no","far_same",NA,NA,NA,NA,NA,NA,NA,"discard","Far (Related)","discard","discard","discard","discard","discard","discard","Adult (Animal)","Adult (Animal)","discard","discard","discard","discard","discard","discard","discard","discard","discard","discard","discard","discard","discard","discard","discard","discard","discard","discard","discard","discard","discard","discard","Adult (2 Dimensions)","High Load","Far (Same)","Far","discard","discard","discard","discard","discard","discard","discard","discard","2 Dimensions","discard","discard","discard","discard","discard","discard","discard","Adult (6 item)","discard","discard","discard","discard","Adult (6 item)","keep"
824,"2795","dedhe",6,"Adult",NA,NA,NA,"animal","far","same","yes","yes",0.75,0.13,0,0.13,"high",1,0.77,0.83,"2D","2D","stack","iterate","iterate","stack","Stack",0.88,0.1,0.02,NA,NA,NA,NA,NA,NA,NA,0.99,0.01,0.03,0.07,0.9,0.99,0.1,1,0.99,0.9,1.89,0.11,0.17,0.94,"animal_picture","far","mix","pure","learn_gen","animalpic_animalpic",12,5,17,8.5,0.9,0.13,"Serial-crossed",0.75,0,0,0,0.99,0.01,0.07,0.9,0.99,0.01,0.9,0.07,0.99,0.83,"Center-embedded",0.875,0.104,0.02,NA,0.99,0.01,0,0,0.77,0.77,1,NA,"2D",NA,2.4,7,0.4,"yes","far_same",NA,NA,NA,NA,NA,NA,NA,"discard","Far (Related)","discard","discard","discard","discard","discard","discard","Adult (Animal)","Adult (Animal)","discard","discard","discard","discard","discard","discard","discard","discard","discard","discard","discard","discard","discard","discard","discard","discard","discard","discard","discard","discard","discard","discard","Adult (2 Dimensions)","High Load","Far (Same)","Far","discard","discard","discard","discard","discard","discard","discard","discard","2 Dimensions","discard","discard","discard","discard","discard","discard","discard","Adult (6 item)","discard","discard","discard","discard","Adult (6 item)","keep"
825,"2796","dedhe",6,"Adult",NA,NA,NA,"animal","far","same","yes","yes",0,0,1,0,"high",0.5,0.97,0.98,"2D","2D","pair","alternate","seriate","pair","Pair",0.01,0.01,0.98,NA,NA,NA,NA,NA,NA,NA,0.01,0.99,0.98,0.01,0.01,0.99,0.01,1,0.99,0.98,1.97,0.02,0.02,0.99,"animal_picture","far","mix","pure","learn_gen","animalpic_animalpic",97,11,108,54,0.99,1,"Tail-recursive",1,0,0,0,0.98,0.99,0.01,0.01,0.98,0.99,0.01,0.01,0.99,0.98,"Tail-recursive",0.011,0.01,0.98,NA,0.01,0.99,0,0,0.01,0.97,0,NA,"2D",NA,8.8,86,0.8,"no","far_same",NA,NA,NA,NA,NA,NA,NA,"discard","Far (Related)","discard","discard","discard","discard","discard","discard","Adult (Animal)","Adult (Animal)","discard","discard","discard","discard","discard","discard","discard","discard","discard","discard","discard","discard","discard","discard","discard","discard","discard","discard","discard","discard","discard","discard","Adult (2 Dimensions)","High Load","Far (Same)","Far","discard","discard","discard","discard","discard","discard","discard","discard","2 Dimensions","discard","discard","discard","discard","discard","discard","discard","Adult (6 item)","discard","discard","discard","discard","Adult (6 item)","keep"
826,"2798","dedhe",6,"Adult",NA,NA,NA,"animal","far","same","yes","yes",0,0,0,1,"high",0.625,0,0.25,"not 2D","1D","stack","alternate","seriate","alternate","Seriate",0.34,0.34,0.33,NA,NA,NA,NA,NA,NA,NA,0.36,0.64,0.33,0.33,0.34,0.64,0.23,1,0.64,0.34,0.98,0.64,0.75,0.75,"animal_picture","far","mix","pure","learn_gen","animalpic_animalpic",14,3,17,8.5,0.77,0,"Serial-crossed",0,0,0,0,0.36,0.64,0.33,0.34,0.36,0.64,0.34,0.33,0.64,0.39,"Center-embedded",0.337,0.336,0.33,NA,0.36,0.64,0,0,0,0.64,0,NA,"alternate",NA,4.7,11,0.6,"no","far_same",NA,NA,NA,NA,NA,NA,NA,"discard","Far (Related)","discard","discard","discard","discard","discard","discard","Adult (Animal)","Adult (Animal)","discard","discard","discard","discard","discard","discard","discard","discard","discard","discard","discard","discard","discard","discard","discard","discard","discard","discard","discard","discard","discard","discard","Adult (2 Dimensions)","High Load","Far (Same)","Far","discard","discard","discard","discard","discard","discard","discard","discard","2 Dimensions","discard","discard","discard","discard","discard","discard","discard","Adult (6 item)","discard","discard","discard","discard","Adult (6 item)","keep"
827,"2800","dedhe",6,"Adult",NA,NA,NA,"animal","far","same","yes","yes",0.33,0.11,0,0.56,"high",0.625,0.58,0.69,"2D","2D","stack","iterate","iterate","stack","Stack",0.76,0.18,0.06,NA,NA,NA,NA,NA,NA,NA,0.99,0.01,0.09,0.15,0.76,0.99,0.26,1,0.99,0.76,1.74,0.21,0.31,0.9,"animal_picture","far","mix","pure","learn_gen","animalpic_animalpic",6,3,9,4.5,0.74,0.11,"Serial-crossed",0.33,0,0,0,0.99,0.01,0.15,0.76,0.99,0.01,0.76,0.15,0.99,0.66,"Center-embedded",0.764,0.18,0.06,NA,0.99,0.01,0,0,0.58,0.58,1,NA,"2D",NA,2,3,0.3,"yes","far_same",NA,NA,NA,NA,NA,NA,NA,"discard","Far (Related)","discard","discard","discard","discard","discard","discard","Adult (Animal)","Adult (Animal)","discard","discard","discard","discard","discard","discard","discard","discard","discard","discard","discard","discard","discard","discard","discard","discard","discard","discard","discard","discard","discard","discard","Adult (2 Dimensions)","High Load","Far (Same)","Far","discard","discard","discard","discard","discard","discard","discard","discard","2 Dimensions","discard","discard","discard","discard","discard","discard","discard","Adult (6 item)","discard","discard","discard","discard","Adult (6 item)","keep"
828,"2802","dedhe",6,"Adult",NA,NA,NA,"animal","far","same","yes","yes",0.25,0.5,0,0.25,"high",0.5,0.37,0.53,"2D","2D","queue","iterate","iterate","queue","Queue",0.3,0.67,0.03,NA,NA,NA,NA,NA,NA,NA,0.99,0.01,0.04,0.72,0.24,0.99,0.31,1,0.99,0.72,1.7,0.31,0.47,0.84,"animal_picture","far","mix","pure","learn_gen","animalpic_animalpic",3,3,6,3,0.69,0.5,"Serial-crossed",0.5,0,0,0,0.99,0.01,0.72,0.24,0.99,0.01,0.24,0.72,0.99,0.53,"Serial-crossed",0.297,0.669,0.03,NA,0.99,0.01,0,0,0.3,0.37,0,NA,"2D",NA,1,0,0,"no","far_same",NA,NA,NA,NA,NA,NA,NA,"discard","Far (Related)","discard","discard","discard","discard","discard","discard","Adult (Animal)","Adult (Animal)","discard","discard","discard","discard","discard","discard","discard","discard","discard","discard","discard","discard","discard","discard","discard","discard","discard","discard","discard","discard","discard","discard","Adult (2 Dimensions)","High Load","Far (Same)","Far","discard","discard","discard","discard","discard","discard","discard","discard","2 Dimensions","discard","discard","discard","discard","discard","discard","discard","Adult (6 item)","discard","discard","discard","discard","Adult (6 item)","keep"
829,"2803","dedhe",6,"Adult",NA,NA,NA,"animal","far","same","yes","yes",0.88,0.13,0,0,"high",1,0.82,0.86,"2D","2D","stack","iterate","iterate","stack","Stack",0.9,0.08,0.01,NA,NA,NA,NA,NA,NA,NA,0.99,0.01,0.02,0.06,0.92,0.99,0.08,1,0.99,0.92,1.91,0.09,0.14,0.95,"animal_picture","far","mix","pure","learn_gen","animalpic_animalpic",3,3,6,3,0.92,0.13,"Serial-crossed",0.88,0,0,0,0.99,0.01,0.06,0.92,0.99,0.01,0.92,0.06,0.99,0.87,"Center-embedded",0.901,0.084,0.01,NA,0.99,0.01,0,0,0.82,0.82,1,NA,"2D",NA,1,0,0,"yes","far_same",NA,NA,NA,NA,NA,NA,NA,"discard","Far (Related)","discard","discard","discard","discard","discard","discard","Adult (Animal)","Adult (Animal)","discard","discard","discard","discard","discard","discard","discard","discard","discard","discard","discard","discard","discard","discard","discard","discard","discard","discard","discard","discard","discard","discard","Adult (2 Dimensions)","High Load","Far (Same)","Far","discard","discard","discard","discard","discard","discard","discard","discard","2 Dimensions","discard","discard","discard","discard","discard","discard","discard","Adult (6 item)","discard","discard","discard","discard","Adult (6 item)","keep"
830,"2804","dedhe",6,"Adult",NA,NA,NA,"animal","far","same","yes","yes",0.88,0,0,0.13,"high",1,0.94,0.96,"2D","2D","stack","iterate","iterate","stack","Stack",0.96,0.02,0.02,NA,NA,NA,NA,NA,NA,NA,0.99,0.01,0.02,0.02,0.96,0.99,0.02,1,0.99,0.96,1.95,0.03,0.04,0.99,"animal_picture","far","mix","pure","learn_gen","animalpic_animalpic",20,5,25,12.5,0.98,0,"Serial-crossed",0.88,0,0,0,0.99,0.01,0.02,0.96,0.99,0.01,0.96,0.02,0.99,0.96,"Center-embedded",0.962,0.019,0.02,NA,0.99,0.01,0,0,0.94,0.94,1,NA,"2D",NA,4,15,0.6,"yes","far_same",NA,NA,NA,NA,NA,NA,NA,"discard","Far (Related)","discard","discard","discard","discard","discard","discard","Adult (Animal)","Adult (Animal)","discard","discard","discard","discard","discard","discard","discard","discard","discard","discard","discard","discard","discard","discard","discard","discard","discard","discard","discard","discard","discard","discard","Adult (2 Dimensions)","High Load","Far (Same)","Far","discard","discard","discard","discard","discard","discard","discard","discard","2 Dimensions","discard","discard","discard","discard","discard","discard","discard","Adult (6 item)","discard","discard","discard","discard","Adult (6 item)","keep"
831,"2805","dedhe",6,"Adult",NA,NA,NA,"animal","far","same","yes","yes",0.25,0.25,0,0.5,"high",0.5,0,0.25,"not 2D","1D","stack","iterate","iterate","iterate","Iterate",0.47,0.47,0.06,NA,NA,NA,NA,NA,NA,NA,0.98,0.02,0.19,0.4,0.41,0.98,0.4,1,0.98,0.41,1.39,0.98,0.75,0.75,"animal_picture","far","mix","pure","learn_gen","animalpic_animalpic",19,6,25,12.5,0.6,0.25,"Serial-crossed",0.25,0,0,0,0.98,0.02,0.4,0.41,0.98,0.02,0.41,0.4,0.98,0.3,"Center-embedded",0.47,0.467,0.06,NA,0.98,0.02,0,0,0,0.98,0,NA,"iterate",NA,3.2,13,0.5,"no","far_same",NA,NA,NA,NA,NA,NA,NA,"discard","Far (Related)","discard","discard","discard","discard","discard","discard","Adult (Animal)","Adult (Animal)","discard","discard","discard","discard","discard","discard","discard","discard","discard","discard","discard","discard","discard","discard","discard","discard","discard","discard","discard","discard","discard","discard","Adult (2 Dimensions)","High Load","Far (Same)","Far","discard","discard","discard","discard","discard","discard","discard","discard","2 Dimensions","discard","discard","discard","discard","discard","discard","discard","Adult (6 item)","discard","discard","discard","discard","Adult (6 item)","keep"
832,"2806","dedhe",6,"Adult",NA,NA,NA,"animal","far","same","yes","yes",0,0.25,0,0.75,"high",0.5,0.73,0.8,"2D","2D","queue","iterate","iterate","queue","Queue",0.09,0.82,0.09,NA,NA,NA,NA,NA,NA,NA,0.97,0.03,0.17,0.65,0.18,0.97,0.17,1,0.97,0.65,1.62,0.14,0.2,0.93,"animal_picture","far","mix","pure","learn_gen","animalpic_animalpic",32,32,64,32,0.83,0.25,"Serial-crossed",0.25,0,0,0,0.97,0.03,0.65,0.18,0.97,0.03,0.18,0.65,0.97,0.78,"Serial-crossed",0.089,0.819,0.09,NA,0.97,0.03,0,0,0.09,0.73,0,NA,"2D",NA,1,0,0,"no","far_same",NA,NA,NA,NA,NA,NA,NA,"discard","Far (Related)","discard","discard","discard","discard","discard","discard","Adult (Animal)","Adult (Animal)","discard","discard","discard","discard","discard","discard","discard","discard","discard","discard","discard","discard","discard","discard","discard","discard","discard","discard","discard","discard","discard","discard","Adult (2 Dimensions)","High Load","Far (Same)","Far","discard","discard","discard","discard","discard","discard","discard","discard","2 Dimensions","discard","discard","discard","discard","discard","discard","discard","Adult (6 item)","discard","discard","discard","discard","Adult (6 item)","keep"
833,"2807","dedhe",6,"Adult",NA,NA,NA,"animal","far","same","yes","yes",0,0,0,1,"high",0.875,0.01,0.26,"not 2D","1D","stack","iterate","iterate","iterate","Iterate",0.34,0.33,0.33,NA,NA,NA,NA,NA,NA,NA,0.63,0.37,0.29,0.41,0.3,0.63,0.23,1,0.63,0.41,1.04,0.63,0.74,0.75,"animal_picture","far","mix","pure","learn_gen","animalpic_animalpic",25,6,31,15.5,0.77,0,"Serial-crossed",0,0,0,0,0.63,0.37,0.41,0.3,0.63,0.37,0.3,0.41,0.63,0.39,"Center-embedded",0.34,0.329,0.33,NA,0.63,0.37,0,0,0.01,0.63,0,NA,"iterate",NA,4.2,19,0.6,"no","far_same",NA,NA,NA,NA,NA,NA,NA,"discard","Far (Related)","discard","discard","discard","discard","discard","discard","Adult (Animal)","Adult (Animal)","discard","discard","discard","discard","discard","discard","discard","discard","discard","discard","discard","discard","discard","discard","discard","discard","discard","discard","discard","discard","discard","discard","Adult (2 Dimensions)","High Load","Far (Same)","Far","discard","discard","discard","discard","discard","discard","discard","discard","2 Dimensions","discard","discard","discard","discard","discard","discard","discard","Adult (6 item)","discard","discard","discard","discard","Adult (6 item)","keep"
834,"2809","dedhe",6,"Adult",NA,NA,NA,"animal","far","same","yes","yes",0.11,0.11,0,0.78,"low",0.375,0.01,0.26,"not 2D","1D","stack","iterate","iterate","iterate","Iterate",0.44,0.42,0.14,NA,NA,NA,NA,NA,NA,NA,0.99,0.01,0.26,0.37,0.37,0.99,0.36,1,0.99,0.37,1.36,0.99,0.74,0.75,"animal_picture","far","mix","pure","learn_gen","animalpic_animalpic",12,5,17,8.5,0.64,0.11,"Serial-crossed",0.11,0,0,0,0.99,0.01,0.37,0.37,0.99,0.01,0.37,0.37,0.99,0.33,"Center-embedded",0.436,0.423,0.14,NA,0.99,0.01,0,0,0.01,0.99,0,NA,"iterate",NA,2.4,7,0.4,"no","far_same",NA,NA,NA,NA,NA,NA,NA,"discard","Far (Related)","discard","discard","discard","discard","discard","discard","Adult (Animal)","Adult (Animal)","discard","discard","discard","discard","discard","discard","discard","discard","discard","discard","discard","discard","discard","discard","discard","discard","discard","discard","discard","discard","discard","discard","Adult (2 Dimensions)","High Load","Far (Same)","Far","discard","discard","discard","discard","discard","discard","discard","discard","2 Dimensions","discard","discard","discard","discard","discard","discard","discard","Adult (6 item)","discard","discard","discard","discard","Adult (6 item)","keep"
835,"2810","dedhe",6,"Adult",NA,NA,NA,"animal","far","same","yes","yes",0,0.11,0,0.89,"high",0.5,0.42,0.56,"2D","2D","queue","iterate","iterate","queue","Queue",0.2,0.61,0.19,NA,NA,NA,NA,NA,NA,NA,0.94,0.06,0.57,0.26,0.18,0.94,0.25,1,0.94,0.57,1.51,0.29,0.44,0.85,"animal_picture","far","mix","pure","learn_gen","animalpic_animalpic",29,3,32,16,0.75,0.11,"Serial-crossed",0.11,0,0,0,0.94,0.06,0.26,0.18,0.94,0.06,0.18,0.26,0.94,0.59,"Serial-crossed",0.197,0.615,0.19,NA,0.94,0.06,0,0,0.2,0.42,0,NA,"2D",NA,9.7,26,0.8,"no","far_same",NA,NA,NA,NA,NA,NA,NA,"discard","Far (Related)","discard","discard","discard","discard","discard","discard","Adult (Animal)","Adult (Animal)","discard","discard","discard","discard","discard","discard","discard","discard","discard","discard","discard","discard","discard","discard","discard","discard","discard","discard","discard","discard","discard","discard","Adult (2 Dimensions)","High Load","Far (Same)","Far","discard","discard","discard","discard","discard","discard","discard","discard","2 Dimensions","discard","discard","discard","discard","discard","discard","discard","Adult (6 item)","discard","discard","discard","discard","Adult (6 item)","keep"
836,"2812","dedhe",6,"Adult",NA,NA,NA,"animal","far","same","yes","yes",1,0,0,0,"high",0.875,0.96,0.97,"2D","2D","stack","iterate","iterate","stack","Stack",0.98,0.01,0.01,NA,NA,NA,NA,NA,NA,NA,0.99,0.01,0.01,0.01,0.97,0.99,0.02,1,0.99,0.97,1.96,0.02,0.03,0.99,"animal_picture","far","mix","pure","learn_gen","animalpic_animalpic",27,3,30,15,0.98,0,"Serial-crossed",1,0,0,0,0.99,0.01,0.01,0.97,0.99,0.01,0.97,0.01,0.99,0.97,"Center-embedded",0.976,0.012,0.01,NA,0.99,0.01,0,0,0.96,0.96,1,NA,"2D",NA,9,24,0.8,"yes","far_same",NA,NA,NA,NA,NA,NA,NA,"discard","Far (Related)","discard","discard","discard","discard","discard","discard","Adult (Animal)","Adult (Animal)","discard","discard","discard","discard","discard","discard","discard","discard","discard","discard","discard","discard","discard","discard","discard","discard","discard","discard","discard","discard","discard","discard","Adult (2 Dimensions)","High Load","Far (Same)","Far","discard","discard","discard","discard","discard","discard","discard","discard","2 Dimensions","discard","discard","discard","discard","discard","discard","discard","Adult (6 item)","discard","discard","discard","discard","Adult (6 item)","keep"
837,"2815","dedhe",6,"Adult",NA,NA,NA,"animal","far","same","yes","yes",1,0,0,0,"high",0.75,0.96,0.97,"2D","2D","stack","iterate","iterate","stack","Stack",0.98,0.01,0.01,NA,NA,NA,NA,NA,NA,NA,0.99,0.01,0.01,0.01,0.97,0.99,0.02,1,0.99,0.97,1.96,0.02,0.03,0.99,"animal_picture","far","mix","pure","learn_gen","animalpic_animalpic",6,3,9,4.5,0.98,0,"Serial-crossed",1,0,0,0,0.99,0.01,0.01,0.97,0.99,0.01,0.97,0.01,0.99,0.97,"Center-embedded",0.976,0.012,0.01,NA,0.99,0.01,0,0,0.96,0.96,1,NA,"2D",NA,2,3,0.3,"yes","far_same",NA,NA,NA,NA,NA,NA,NA,"discard","Far (Related)","discard","discard","discard","discard","discard","discard","Adult (Animal)","Adult (Animal)","discard","discard","discard","discard","discard","discard","discard","discard","discard","discard","discard","discard","discard","discard","discard","discard","discard","discard","discard","discard","discard","discard","Adult (2 Dimensions)","High Load","Far (Same)","Far","discard","discard","discard","discard","discard","discard","discard","discard","2 Dimensions","discard","discard","discard","discard","discard","discard","discard","Adult (6 item)","discard","discard","discard","discard","Adult (6 item)","keep"
