"num","sub","source","num_item","young_old","session_info","age","memory","stimulus","transfer_type","relational_domain","staircase_learning","box","center_embedded","serial_crossed","tail_recursive","other","accuracy_type","accuracy","p_hierarchical","p_hierarchical_new","twoD_or_not","dimension","type_2D","type_1D_old","type_1D","type_old","type","stack","queue","pair","associative","iterate_1_4","alternate_1_4","palindrome_1_4","iterate_2_4","alternate_2_4","palindrome_2_4","iterate_1_6","alternate_1_6","iterate_2_6","seriate_2_6","palindrome_2_6","max_one_dim","noise","sensitivity","p_dim1","p_dim2","p_dimsum","p_linear_old","p_linear","sum","stimulus_full_name","extrapolation_type","X46_mix","domain_mix","order_condition","order_identity","trials_one","trials_two","total_trials","avg_trials","strength","second_largest","second_behavior_type","max_behavior","iterate_4","alternate_4","palindrome_4","iterate_6","alternate_6","seriate_6","palindrome_6","iterate","alternate","palindrome","seriate","max_linear","complexity","max_behavior_type","stack_raw_old","queue_raw_old","pair_raw_old","associative_raw_old","iterate_raw_old","alternate_raw_old","seriate_raw_old","palindrome_raw_old","tree_stack","p_mechanism","nested_tree","Unique_ID","twoD","gender","trial_ratio","trial_delta","relative_trial_delta","is_stack","generalization_type","stack_raw","queue_raw","pair_raw","associative_raw","iterate_raw","seriate_raw","palindrome_raw","g4_names","g9_names","g10_names","g11_names","graph_1","graph_2","graph_3","graph_4","graph_5","graph_6","graph_7","graph_8","graph_9","graph_10","graph_11","graph_12","graph_13","graph_14","graph_15","graph_16","graph_17","graph_18","g12_names","graph_19","g19_names","graph_20","g20_names","graph_21","g21_names","graph_22","g22_names","g22_transfer","graph_23","g23_names","g23_transfer","g23_1_transfer","graph_24","graph_25","graph_26","g26_names","graph_21_new","g20_names_new","graph_20_new","graph_20_newer","graph_23_new","graph_27","graph_28","graph_29","graph_30","graph_31","graph_32","graph_33","graph_34","graph_35","graph_36","graph_37","graph_38","graph_39","graph_40"
137,"3699","dedhe",4,"Child","round_4",64,3,"bracket","near","same","yes","yes",0.88,0,0.13,0,"high",0.75,0.91,0.94,"2D","2D","stack","palindrome","palindrome","stack","Stack",0.98,0.02,NA,0.04,0.93,0.04,0.03,0.04,0.03,0.93,NA,NA,NA,NA,NA,0.93,0.06,2,0.93,0.93,1.85,0.04,0.06,0.98,"bracket","near","mix","pure","learn_gen","bracket_bracket",3,4,7,3.5,0.94,0.13,"Tail-recursive",0.88,0.93,0.04,0.93,NA,NA,NA,NA,0.93,0.04,0.93,NA,0.93,0.93,"Center-embedded",0.936,0.022,NA,0.04,0.04,0.03,0,0.93,0.89,0.91,1,"Child_01","2D","F",0.8,-1,-0.1,"yes","near",NA,NA,NA,NA,NA,NA,NA,"discard","Near","discard","discard","discard","discard","discard","discard","discard","Child (Bracket)","discard","discard","discard","discard","discard","discard","discard","discard","discard","discard","discard","discard","discard","discard","discard","discard","discard","discard","discard","discard","discard","discard","Child (2 Dimensions)","High Load","Near","Near","discard","discard","discard","discard","discard","discard","discard","discard","2 Dimensions","discard","Child (4 item)","discard","US Child (new data)","Child (4 item)","discard","discard","discard","discard","discard","Child (4 item)","discard","discard","keep"
138,"3701","dedhe",4,"Child","round_4",67,3,"bracket","near","same","yes","yes",0.5,0.25,0.25,0,"high",0.75,0.48,0.61,"2D","2D","stack","iterate","iterate","stack","Stack",0.79,0.21,NA,0.18,0.83,0.1,0.07,0.22,0.21,0.57,NA,NA,NA,NA,NA,0.83,0.7,1,0.83,0.57,1.4,0.26,0.39,0.87,"bracket","near","mix","pure","learn_gen","bracket_bracket",13,4,17,8.5,0.3,0.25,"Serial-crossed",0.5,0.83,0.21,0.57,NA,NA,NA,NA,0.83,0.21,0.57,NA,0.83,0.39,"Center-embedded",0.649,0.173,NA,0.18,0.83,0.1,0,0.07,0.47,0.48,1,"Child_02","2D","F",3.3,9,0.5,"yes","near",NA,NA,NA,NA,NA,NA,NA,"discard","Near","discard","discard","discard","discard","discard","discard","discard","Child (Bracket)","discard","discard","discard","discard","discard","discard","discard","discard","discard","discard","discard","discard","discard","discard","discard","discard","discard","discard","discard","discard","discard","discard","Child (2 Dimensions)","High Load","Near","Near","discard","discard","discard","discard","discard","discard","discard","discard","2 Dimensions","discard","Child (4 item)","discard","US Child (new data)","Child (4 item)","discard","discard","discard","discard","discard","Child (4 item)","discard","discard","keep"
139,"3703","dedhe",4,"Child","round_4",67,3,"bracket","near","same","yes","yes",0.25,0.63,0.13,0,"high",0.625,0.67,0.75,"2D","2D","queue","iterate","iterate","queue","Queue",0.14,0.86,NA,0.07,0.93,0.04,0.03,0.12,0.74,0.14,NA,NA,NA,NA,NA,0.93,0.46,1,0.93,0.74,1.67,0.17,0.25,0.92,"bracket","near","mix","pure","learn_gen","bracket_bracket",4,3,7,3.5,0.54,0.63,"Serial-crossed",0.63,0.93,0.74,0.14,NA,NA,NA,NA,0.93,0.74,0.14,NA,0.93,0.6,"Serial-crossed",0.134,0.799,NA,0.07,0.93,0.04,0,0.03,0.13,0.67,0,"Child_03","2D","F",1.3,1,0.1,"no","near",NA,NA,NA,NA,NA,NA,NA,"discard","Near","discard","discard","discard","discard","discard","discard","discard","Child (Bracket)","discard","discard","discard","discard","discard","discard","discard","discard","discard","discard","discard","discard","discard","discard","discard","discard","discard","discard","discard","discard","discard","discard","Child (2 Dimensions)","High Load","Near","Near","discard","discard","discard","discard","discard","discard","discard","discard","2 Dimensions","discard","Child (4 item)","discard","US Child (new data)","Child (4 item)","discard","discard","discard","discard","discard","Child (4 item)","discard","discard","keep"
140,"3705","dedhe",4,"Child","round_4",60,3,"bracket","near","same","yes","yes",0.75,0.25,0,0,"high",0.75,0.73,0.8,"2D","2D","stack","iterate","iterate","stack","Stack",0.88,0.12,NA,0.03,0.97,0.02,0.02,0.07,0.1,0.83,NA,NA,NA,NA,NA,0.97,0.15,1,0.97,0.83,1.8,0.14,0.2,0.93,"bracket","near","mix","pure","learn_gen","bracket_bracket",4,5,9,4.5,0.85,0.25,"Serial-crossed",0.75,0.97,0.1,0.83,NA,NA,NA,NA,0.97,0.1,0.83,NA,0.97,0.79,"Center-embedded",0.851,0.121,NA,0.03,0.97,0.02,0,0.02,0.73,0.73,1,"Child_04","2D","F",0.8,-1,-0.1,"yes","near",NA,NA,NA,NA,NA,NA,NA,"discard","Near","discard","discard","discard","discard","discard","discard","discard","Child (Bracket)","discard","discard","discard","discard","discard","discard","discard","discard","discard","discard","discard","discard","discard","discard","discard","discard","discard","discard","discard","discard","discard","discard","Child (2 Dimensions)","High Load","Near","Near","discard","discard","discard","discard","discard","discard","discard","discard","2 Dimensions","discard","Child (4 item)","discard","US Child (new data)","Child (4 item)","discard","discard","discard","discard","discard","Child (4 item)","discard","discard","keep"
141,"3707","dedhe",4,"Child","round_4",56,4,"bracket","near","same","yes","yes",0.57,0,0.43,0,"high",0.875,0.56,0.67,"2D","2D","stack","palindrome","palindrome","stack","Stack",0.93,0.07,NA,0.35,0.53,0.29,0.18,0.29,0.18,0.54,NA,NA,NA,NA,NA,0.54,0.33,2,0.53,0.54,1.07,0.22,0.33,0.89,"bracket","near","mix","pure","learn_gen","bracket_bracket",9,3,12,6,0.67,0.43,"Tail-recursive",0.57,0.53,0.29,0.54,NA,NA,NA,NA,0.53,0.29,0.54,NA,0.54,0.62,"Center-embedded",0.607,0.048,NA,0.35,0.29,0.18,0,0.54,0.26,0.56,1,"Child_05","2D","F",3,6,0.5,"yes","near",NA,NA,NA,NA,NA,NA,NA,"discard","Near","discard","discard","discard","discard","discard","discard","discard","Child (Bracket)","discard","discard","discard","discard","discard","discard","discard","discard","discard","discard","discard","discard","discard","discard","discard","discard","discard","discard","discard","discard","discard","discard","Child (2 Dimensions)","High Load","Near","Near","discard","discard","discard","discard","discard","discard","discard","discard","2 Dimensions","discard","Child (4 item)","discard","US Child (new data)","Child (4 item)","discard","discard","discard","discard","discard","Child (4 item)","discard","discard","keep"
142,"3709","dedhe",4,"Child","round_4",43,2,"bracket","near","same","yes","yes",1,0,0,0,"low",0.375,0.96,0.97,"2D","2D","stack","palindrome","palindrome","stack","Stack",0.99,0.01,NA,0.01,0.97,0.02,0.02,0.02,0.02,0.97,NA,NA,NA,NA,NA,0.97,0.02,2,0.97,0.97,1.94,0.02,0.03,0.99,"bracket","near","mix","pure","learn_gen","bracket_bracket",5,8,13,6.5,0.98,0,"Serial-crossed",1,0.97,0.02,0.97,NA,NA,NA,NA,0.97,0.02,0.97,NA,0.97,0.97,"Center-embedded",0.972,0.014,NA,0.01,0.02,0.02,0,0.97,0.96,0.96,1,"Child_06","2D","M",0.6,-3,-0.2,"yes","near",NA,NA,NA,NA,NA,NA,NA,"discard","Near","discard","discard","discard","discard","discard","discard","discard","Child (Bracket)","discard","discard","discard","discard","discard","discard","discard","discard","discard","discard","discard","discard","discard","discard","discard","discard","discard","discard","discard","discard","discard","discard","Child (2 Dimensions)","High Load","Near","Near","discard","discard","discard","discard","discard","discard","discard","discard","2 Dimensions","discard","Child (4 item)","discard","US Child (new data)","Child (4 item)","discard","discard","discard","discard","discard","Child (4 item)","discard","discard","keep"
143,"3711","dedhe",4,"Child","round_4",42,3,"bracket","near","same","yes","yes",0,0.5,0,0.5,"low",0.25,0.58,0.69,"2D","2D","queue","alternate","seriate","queue","Queue",0.16,0.84,NA,0.14,0.52,0.19,0.3,0.07,0.87,0.07,NA,NA,NA,NA,NA,0.87,0.12,2,0.52,0.87,1.38,0.21,0.31,0.9,"bracket","near","mix","pure","learn_gen","bracket_bracket",21,5,26,13,0.88,0.5,"Serial-crossed",0.5,0.52,0.87,0.3,NA,NA,NA,NA,0.52,0.87,0.3,NA,0.87,0.73,"Serial-crossed",0.141,0.721,NA,0.14,0.07,0.87,0,0.07,0.14,0.58,0,"Child_07","2D","F",4.2,16,0.6,"no","near",NA,NA,NA,NA,NA,NA,NA,"discard","Near","discard","discard","discard","discard","discard","discard","discard","Child (Bracket)","discard","discard","discard","discard","discard","discard","discard","discard","discard","discard","discard","discard","discard","discard","discard","discard","discard","discard","discard","discard","discard","discard","Child (2 Dimensions)","High Load","Near","Near","discard","discard","discard","discard","discard","discard","discard","discard","2 Dimensions","discard","Child (4 item)","discard","US Child (new data)","Child (4 item)","discard","discard","discard","discard","discard","Child (4 item)","discard","discard","keep"
144,"3737","dedhe",4,"Child","round_4",63,2,"bracket","near","same","yes","yes",0.63,0.38,0,0,"high",0.625,0.41,0.56,"2D","2D","stack","iterate","iterate","stack","Stack",0.71,0.29,NA,0.03,0.97,0.02,0.02,0.14,0.21,0.65,NA,NA,NA,NA,NA,0.97,0.32,1,0.97,0.65,1.61,0.29,0.44,0.85,"bracket","near","mix","pure","learn_gen","bracket_bracket",4,6,10,5,0.68,0.38,"Serial-crossed",0.63,0.97,0.21,0.65,NA,NA,NA,NA,0.97,0.21,0.65,NA,0.97,0.55,"Center-embedded",0.69,0.276,NA,0.03,0.97,0.02,0,0.02,0.41,0.41,1,"Child_08","2D","F",0.7,-2,-0.2,"yes","near",NA,NA,NA,NA,NA,NA,NA,"discard","Near","discard","discard","discard","discard","discard","discard","discard","Child (Bracket)","discard","discard","discard","discard","discard","discard","discard","discard","discard","discard","discard","discard","discard","discard","discard","discard","discard","discard","discard","discard","discard","discard","Child (2 Dimensions)","High Load","Near","Near","discard","discard","discard","discard","discard","discard","discard","discard","2 Dimensions","discard","Child (4 item)","discard","US Child (new data)","Child (4 item)","discard","discard","discard","discard","discard","Child (4 item)","discard","discard","keep"
145,"3745","dedhe",4,"Child","round_4",58,3,"bracket","near","same","yes","yes",0.13,0.88,0,0,"high",0.875,0.89,0.92,"2D","2D","queue","iterate","iterate","queue","Queue",0.04,0.96,NA,0.02,0.97,0.02,0.02,0.03,0.93,0.04,NA,NA,NA,NA,NA,0.97,0.05,1,0.97,0.93,1.89,0.05,0.08,0.97,"bracket","near","mix","pure","learn_gen","bracket_bracket",6,3,9,4.5,0.95,0.88,"Serial-crossed",0.88,0.97,0.93,0.04,NA,NA,NA,NA,0.97,0.93,0.04,NA,0.97,0.92,"Serial-crossed",0.043,0.935,NA,0.02,0.97,0.02,0,0.02,0.04,0.89,0,"Child_09","2D","M",2,3,0.3,"no","near",NA,NA,NA,NA,NA,NA,NA,"discard","Near","discard","discard","discard","discard","discard","discard","discard","Child (Bracket)","discard","discard","discard","discard","discard","discard","discard","discard","discard","discard","discard","discard","discard","discard","discard","discard","discard","discard","discard","discard","discard","discard","Child (2 Dimensions)","High Load","Near","Near","discard","discard","discard","discard","discard","discard","discard","discard","2 Dimensions","discard","Child (4 item)","discard","US Child (new data)","Child (4 item)","discard","discard","discard","discard","discard","Child (4 item)","discard","discard","keep"
146,"3747","dedhe",4,"Child","round_4",69,3,"bracket","near","same","yes","yes",0.63,0.25,0,0.13,"high",0.5,0.67,0.75,"2D","2D","stack","iterate","iterate","stack","Stack",0.86,0.14,NA,0.06,0.93,0.04,0.03,0.06,0.1,0.84,NA,NA,NA,NA,NA,0.93,0.19,1,0.93,0.84,1.76,0.16,0.25,0.92,"bracket","near","mix","pure","learn_gen","bracket_bracket",4,8,12,6,0.81,0.25,"Serial-crossed",0.63,0.93,0.1,0.84,NA,NA,NA,NA,0.93,0.1,0.84,NA,0.93,0.74,"Center-embedded",0.808,0.137,NA,0.06,0.93,0.04,0,0.03,0.67,0.67,1,"Child_10","2D","F",0.5,-4,-0.3,"yes","near",NA,NA,NA,NA,NA,NA,NA,"discard","Near","discard","discard","discard","discard","discard","discard","discard","Child (Bracket)","discard","discard","discard","discard","discard","discard","discard","discard","discard","discard","discard","discard","discard","discard","discard","discard","discard","discard","discard","discard","discard","discard","Child (2 Dimensions)","High Load","Near","Near","discard","discard","discard","discard","discard","discard","discard","discard","2 Dimensions","discard","Child (4 item)","discard","US Child (new data)","Child (4 item)","discard","discard","discard","discard","discard","Child (4 item)","discard","discard","keep"
147,"3749","dedhe",4,"Child","round_4",65,3,"bracket","near","same","yes","yes",0.38,0.25,0,0.38,"high",0.5,0.24,0.43,"not 2D","1D","stack","iterate","iterate","iterate","Iterate",0.65,0.35,NA,0.22,0.74,0.11,0.14,0.19,0.29,0.52,NA,NA,NA,NA,NA,0.74,0.25,1,0.74,0.52,1.26,0.74,0.57,0.81,"bracket","near","mix","pure","learn_gen","bracket_bracket",5,8,13,6.5,0.75,0.25,"Serial-crossed",0.38,0.74,0.29,0.52,NA,NA,NA,NA,0.74,0.29,0.52,NA,0.74,0.49,"Center-embedded",0.507,0.271,NA,0.22,0.74,0.11,0,0.14,0.24,0.74,0,"Child_11","iterate","F",0.6,-3,-0.2,"no","near",NA,NA,NA,NA,NA,NA,NA,"discard","Near","discard","discard","discard","discard","discard","discard","discard","Child (Bracket)","discard","discard","discard","discard","discard","discard","discard","discard","discard","discard","discard","discard","discard","discard","discard","discard","discard","discard","discard","discard","discard","discard","Child (2 Dimensions)","High Load","Near","Near","discard","discard","discard","discard","discard","discard","discard","discard","2 Dimensions","discard","Child (4 item)","discard","US Child (new data)","Child (4 item)","discard","discard","discard","discard","discard","Child (4 item)","discard","discard","keep"
148,"3758","dedhe",4,"Child","round_4",55,2,"bracket","near","same","yes","yes",0.38,0.13,0.13,0.38,"high",0.75,0.35,0.51,"2D","2D","stack","palindrome","palindrome","stack","Stack",0.72,0.28,NA,0.21,0.56,0.21,0.23,0.22,0.22,0.57,NA,NA,NA,NA,NA,0.57,0.29,2,0.56,0.57,1.13,0.33,0.49,0.84,"bracket","near","mix","pure","learn_gen","bracket_bracket",3,3,6,3,0.71,0.13,"Serial-crossed",0.38,0.56,0.22,0.57,NA,NA,NA,NA,0.56,0.22,0.57,NA,0.57,0.53,"Center-embedded",0.567,0.218,NA,0.21,0.22,0.22,0,0.57,0.35,0.35,1,"Child_12","2D","F",1,0,0,"yes","near",NA,NA,NA,NA,NA,NA,NA,"discard","Near","discard","discard","discard","discard","discard","discard","discard","Child (Bracket)","discard","discard","discard","discard","discard","discard","discard","discard","discard","discard","discard","discard","discard","discard","discard","discard","discard","discard","discard","discard","discard","discard","Child (2 Dimensions)","High Load","Near","Near","discard","discard","discard","discard","discard","discard","discard","discard","2 Dimensions","discard","Child (4 item)","discard","US Child (new data)","Child (4 item)","discard","discard","discard","discard","discard","Child (4 item)","discard","discard","keep"
149,"3766","dedhe",4,"Child","round_4",52,2,"bracket","near","same","yes","yes",0.25,0.25,0.5,0,"low",0.375,0,0.25,"not 2D","associative","stack","iterate","iterate","associative","Associative",0.5,0.5,NA,0.65,0.41,0.4,0.18,0.57,0.22,0.22,NA,NA,NA,NA,NA,0.57,0.7,2,0.41,0.57,0.98,0.5,0.75,0.75,"bracket","near","mix","pure","learn_gen","bracket_bracket",20,18,38,19,0.3,0.5,"Tail-recursive",0.5,0.57,0.4,0.22,NA,NA,NA,NA,0.57,0.4,0.22,NA,0.65,0.15,"Tail-recursive",0.178,0.176,NA,0.65,0.57,0.22,0,0.22,0.18,0.65,0,"Child_13","associative","F",1.1,2,0.1,"no","near",NA,NA,NA,NA,NA,NA,NA,"discard","Near","discard","discard","discard","discard","discard","discard","discard","Child (Bracket)","discard","discard","discard","discard","discard","discard","discard","discard","discard","discard","discard","discard","discard","discard","discard","discard","discard","discard","discard","discard","discard","discard","Child (2 Dimensions)","High Load","Near","Near","discard","discard","discard","discard","discard","discard","discard","discard","2 Dimensions","discard","Child (4 item)","discard","US Child (new data)","Child (4 item)","discard","discard","discard","discard","discard","Child (4 item)","discard","discard","keep"
150,"3776","dedhe",4,"Child","round_4",58,1,"bracket","near","same","yes","yes",0.38,0.5,0.13,0,"low",0,0.27,0.45,"not 2D","1D","queue","iterate","iterate","iterate","Iterate",0.35,0.65,NA,0.09,0.93,0.04,0.03,0.19,0.51,0.3,NA,NA,NA,NA,NA,0.93,0.66,1,0.93,0.51,1.44,0.93,0.55,0.82,"bracket","near","mix","pure","learn_gen","bracket_bracket",22,6,28,14,0.34,0.5,"Serial-crossed",0.5,0.93,0.51,0.3,NA,NA,NA,NA,0.93,0.51,0.3,NA,0.93,0.31,"Serial-crossed",0.32,0.591,NA,0.09,0.93,0.04,0,0.03,0.27,0.93,0,"Child_14","iterate","F",3.7,16,0.6,"no","near",NA,NA,NA,NA,NA,NA,NA,"discard","Near","discard","discard","discard","discard","discard","discard","discard","Child (Bracket)","discard","discard","discard","discard","discard","discard","discard","discard","discard","discard","discard","discard","discard","discard","discard","discard","discard","discard","discard","discard","discard","discard","Child (2 Dimensions)","High Load","Near","Near","discard","discard","discard","discard","discard","discard","discard","discard","2 Dimensions","discard","Child (4 item)","discard","US Child (new data)","Child (4 item)","discard","discard","discard","discard","discard","Child (4 item)","discard","discard","keep"
151,"3778","dedhe",4,"Child","round_4",61,4,"bracket","near","same","yes","yes",0.38,0.5,0.13,0,"low",0.375,0.27,0.45,"not 2D","1D","queue","iterate","iterate","iterate","Iterate",0.35,0.65,NA,0.09,0.93,0.04,0.03,0.19,0.52,0.29,NA,NA,NA,NA,NA,0.93,0.66,1,0.93,0.52,1.44,0.93,0.55,0.82,"bracket","near","mix","pure","learn_gen","bracket_bracket",6,21,27,13.5,0.34,0.5,"Serial-crossed",0.5,0.93,0.52,0.29,NA,NA,NA,NA,0.93,0.52,0.29,NA,0.93,0.3,"Serial-crossed",0.323,0.591,NA,0.09,0.93,0.04,0,0.03,0.27,0.93,0,"Child_15","iterate","M",0.3,-15,-0.6,"no","near",NA,NA,NA,NA,NA,NA,NA,"discard","Near","discard","discard","discard","discard","discard","discard","discard","Child (Bracket)","discard","discard","discard","discard","discard","discard","discard","discard","discard","discard","discard","discard","discard","discard","discard","discard","discard","discard","discard","discard","discard","discard","Child (2 Dimensions)","High Load","Near","Near","discard","discard","discard","discard","discard","discard","discard","discard","2 Dimensions","discard","Child (4 item)","discard","US Child (new data)","Child (4 item)","discard","discard","discard","discard","discard","Child (4 item)","discard","discard","keep"
152,"3780","dedhe",4,"Child","round_4",63,1,"bracket","near","same","yes","yes",0.63,0.25,0,0.13,"low",0.125,0.67,0.75,"2D","2D","stack","iterate","iterate","stack","Stack",0.86,0.14,NA,0.05,0.93,0.04,0.03,0.07,0.1,0.84,NA,NA,NA,NA,NA,0.93,0.19,1,0.93,0.84,1.76,0.16,0.25,0.92,"bracket","near","mix","pure","learn_gen","bracket_bracket",19,18,37,18.5,0.81,0.25,"Serial-crossed",0.63,0.93,0.1,0.84,NA,NA,NA,NA,0.93,0.1,0.84,NA,0.93,0.74,"Center-embedded",0.809,0.137,NA,0.05,0.93,0.04,0,0.03,0.67,0.67,1,"Child_16","2D","F",1.1,1,0,"yes","near",NA,NA,NA,NA,NA,NA,NA,"discard","Near","discard","discard","discard","discard","discard","discard","discard","Child (Bracket)","discard","discard","discard","discard","discard","discard","discard","discard","discard","discard","discard","discard","discard","discard","discard","discard","discard","discard","discard","discard","discard","discard","Child (2 Dimensions)","High Load","Near","Near","discard","discard","discard","discard","discard","discard","discard","discard","2 Dimensions","discard","Child (4 item)","discard","US Child (new data)","Child (4 item)","discard","discard","discard","discard","discard","Child (4 item)","discard","discard","keep"
153,"3782","dedhe",4,"Child","round_4",46,1,"bracket","near","same","yes","yes",0.5,0.13,0,0.38,"low",0,0.6,0.7,"2D","2D","stack","iterate","iterate","stack","Stack",0.85,0.15,NA,0.14,0.74,0.12,0.15,0.13,0.22,0.65,NA,NA,NA,NA,NA,0.74,0.16,1,0.74,0.65,1.39,0.2,0.3,0.9,"bracket","near","mix","pure","learn_gen","bracket_bracket",10,5,15,7.5,0.84,0.13,"Serial-crossed",0.5,0.74,0.22,0.65,NA,NA,NA,NA,0.74,0.22,0.65,NA,0.74,0.72,"Center-embedded",0.731,0.127,NA,0.14,0.74,0.12,0,0.15,0.59,0.6,1,"Child_17","2D","F",2,5,0.3,"yes","near",NA,NA,NA,NA,NA,NA,NA,"discard","Near","discard","discard","discard","discard","discard","discard","discard","Child (Bracket)","discard","discard","discard","discard","discard","discard","discard","discard","discard","discard","discard","discard","discard","discard","discard","discard","discard","discard","discard","discard","discard","discard","Child (2 Dimensions)","High Load","Near","Near","discard","discard","discard","discard","discard","discard","discard","discard","2 Dimensions","discard","Child (4 item)","discard","US Child (new data)","Child (4 item)","discard","discard","discard","discard","discard","Child (4 item)","discard","discard","keep"
154,"3795","dedhe",4,"Child","round_4",64,4,"bracket","near","same","yes","yes",0.38,0.5,0,0.13,"low",0.25,0.27,0.46,"not 2D","1D","queue","iterate","iterate","iterate","Iterate",0.35,0.65,NA,0.08,0.92,0.03,0.04,0.19,0.51,0.3,NA,NA,NA,NA,NA,0.92,0.33,1,0.92,0.51,1.43,0.92,0.54,0.82,"bracket","near","mix","pure","learn_gen","bracket_bracket",12,5,17,8.5,0.67,0.5,"Serial-crossed",0.5,0.92,0.51,0.3,NA,NA,NA,NA,0.92,0.51,0.3,NA,0.92,0.47,"Serial-crossed",0.323,0.597,NA,0.08,0.92,0.03,0,0.04,0.27,0.92,0,"Child_18","iterate","M",2.4,7,0.4,"no","near",NA,NA,NA,NA,NA,NA,NA,"discard","Near","discard","discard","discard","discard","discard","discard","discard","Child (Bracket)","discard","discard","discard","discard","discard","discard","discard","discard","discard","discard","discard","discard","discard","discard","discard","discard","discard","discard","discard","discard","discard","discard","Child (2 Dimensions)","High Load","Near","Near","discard","discard","discard","discard","discard","discard","discard","discard","2 Dimensions","discard","Child (4 item)","discard","US Child (new data)","Child (4 item)","discard","discard","discard","discard","discard","Child (4 item)","discard","discard","keep"
155,"3801","dedhe",4,"Child","round_4",51,1,"bracket","near","same","yes","yes",0.25,0.75,0,0,"low",0.25,0.73,0.8,"2D","2D","queue","iterate","iterate","queue","Queue",0.12,0.88,NA,0.03,0.97,0.02,0.02,0.07,0.83,0.1,NA,NA,NA,NA,NA,0.97,0.15,1,0.97,0.83,1.8,0.13,0.2,0.93,"bracket","near","mix","pure","learn_gen","bracket_bracket",10,12,22,11,0.85,0.75,"Serial-crossed",0.75,0.97,0.83,0.1,NA,NA,NA,NA,0.97,0.83,0.1,NA,0.97,0.79,"Serial-crossed",0.12,0.851,NA,0.03,0.97,0.02,0,0.02,0.12,0.73,0,"Child_19","2D","F",0.8,-2,-0.1,"no","near",NA,NA,NA,NA,NA,NA,NA,"discard","Near","discard","discard","discard","discard","discard","discard","discard","Child (Bracket)","discard","discard","discard","discard","discard","discard","discard","discard","discard","discard","discard","discard","discard","discard","discard","discard","discard","discard","discard","discard","discard","discard","Child (2 Dimensions)","High Load","Near","Near","discard","discard","discard","discard","discard","discard","discard","discard","2 Dimensions","discard","Child (4 item)","discard","US Child (new data)","Child (4 item)","discard","discard","discard","discard","discard","Child (4 item)","discard","discard","keep"
156,"3803","dedhe",4,"Child","round_4",71,3,"bracket","near","same","yes","yes",0.38,0.38,0.25,0,"low",0.25,0,0.25,"not 2D","1D","stack","iterate","iterate","iterate","Iterate",0.5,0.5,NA,0.21,0.83,0.1,0.07,0.26,0.36,0.38,NA,NA,NA,NA,NA,0.83,0.78,1,0.83,0.38,1.21,0.83,0.75,0.75,"bracket","near","mix","pure","learn_gen","bracket_bracket",41,21,62,31,0.22,0.38,"Serial-crossed",0.38,0.83,0.36,0.38,NA,NA,NA,NA,0.83,0.36,0.38,NA,0.83,0.11,"Center-embedded",0.396,0.395,NA,0.21,0.83,0.1,0,0.07,0,0.83,0,"Child_20","iterate","M",2,20,0.3,"no","near",NA,NA,NA,NA,NA,NA,NA,"discard","Near","discard","discard","discard","discard","discard","discard","discard","Child (Bracket)","discard","discard","discard","discard","discard","discard","discard","discard","discard","discard","discard","discard","discard","discard","discard","discard","discard","discard","discard","discard","discard","discard","Child (2 Dimensions)","High Load","Near","Near","discard","discard","discard","discard","discard","discard","discard","discard","2 Dimensions","discard","Child (4 item)","discard","US Child (new data)","Child (4 item)","discard","discard","discard","discard","discard","Child (4 item)","discard","discard","keep"
157,"3834","dedhe",4,"Child","round_4",55,3,"bracket","near","same","yes","yes",0.14,0.57,0.14,0.14,"low",0.125,0.67,0.75,"2D","2D","queue","iterate","iterate","queue","Queue",0.12,0.88,NA,0.11,0.82,0.09,0.09,0.09,0.82,0.09,NA,NA,NA,NA,NA,0.82,0.27,1,0.82,0.82,1.64,0.17,0.25,0.92,"bracket","near","mix","pure","learn_gen","bracket_bracket",10,3,13,6.5,0.73,0.57,"Serial-crossed",0.57,0.82,0.82,0.09,NA,NA,NA,NA,0.82,0.82,0.09,NA,0.82,0.7,"Serial-crossed",0.11,0.78,NA,0.11,0.82,0.09,0,0.09,0.11,0.67,0,"Child_21","2D","M",3.3,7,0.5,"no","near",NA,NA,NA,NA,NA,NA,NA,"discard","Near","discard","discard","discard","discard","discard","discard","discard","Child (Bracket)","discard","discard","discard","discard","discard","discard","discard","discard","discard","discard","discard","discard","discard","discard","discard","discard","discard","discard","discard","discard","discard","discard","Child (2 Dimensions)","High Load","Near","Near","discard","discard","discard","discard","discard","discard","discard","discard","2 Dimensions","discard","Child (4 item)","discard","US Child (new data)","Child (4 item)","discard","discard","discard","discard","discard","Child (4 item)","discard","discard","keep"
158,"3846","dedhe",4,"Child","round_4",53,4,"bracket","near","same","yes","yes",0.5,0.5,0,0,"low",0.125,0,0.25,"not 2D","1D","queue","iterate","iterate","iterate","Iterate",0.5,0.5,NA,0.04,0.97,0.02,0.02,0.18,0.4,0.41,NA,NA,NA,NA,NA,0.97,0.39,1,0.97,0.41,1.38,0.97,0.75,0.75,"bracket","near","mix","pure","learn_gen","bracket_bracket",5,26,31,15.5,0.61,0.5,"Serial-crossed",0.5,0.97,0.4,0.41,NA,NA,NA,NA,0.97,0.4,0.41,NA,0.97,0.3,"Center-embedded",0.481,0.482,NA,0.04,0.97,0.02,0,0.02,0,0.97,0,"Child_22","iterate","M",0.2,-21,-0.7,"no","near",NA,NA,NA,NA,NA,NA,NA,"discard","Near","discard","discard","discard","discard","discard","discard","discard","Child (Bracket)","discard","discard","discard","discard","discard","discard","discard","discard","discard","discard","discard","discard","discard","discard","discard","discard","discard","discard","discard","discard","discard","discard","Child (2 Dimensions)","High Load","Near","Near","discard","discard","discard","discard","discard","discard","discard","discard","2 Dimensions","discard","Child (4 item)","discard","US Child (new data)","Child (4 item)","discard","discard","discard","discard","discard","Child (4 item)","discard","discard","keep"
159,"4323","dedhe",4,"Child","round_4",66,2,"bracket","near","same","yes","yes",0.5,0.5,0,0,"high",0.75,0,0.25,"not 2D","1D","stack","iterate","iterate","iterate","Iterate",0.5,0.5,NA,0.04,0.97,0.02,0.02,0.18,0.41,0.41,NA,NA,NA,NA,NA,0.97,0.4,1,0.97,0.41,1.38,0.97,0.75,0.75,"bracket","near","mix","pure","learn_gen","bracket_bracket",17,5,22,11,0.6,0.5,"Serial-crossed",0.5,0.97,0.41,0.41,NA,NA,NA,NA,0.97,0.41,0.41,NA,0.97,0.3,"Center-embedded",0.481,0.481,NA,0.04,0.97,0.02,0,0.02,0,0.97,0,"Child_23","iterate","M",3.4,12,0.5,"no","near",NA,NA,NA,NA,NA,NA,NA,"discard","Near","discard","discard","discard","discard","discard","discard","discard","Child (Bracket)","discard","discard","discard","discard","discard","discard","discard","discard","discard","discard","discard","discard","discard","discard","discard","discard","discard","discard","discard","discard","discard","discard","Child (2 Dimensions)","High Load","Near","Near","discard","discard","discard","discard","discard","discard","discard","discard","2 Dimensions","discard","Child (4 item)","discard","US Child (new data)","Child (4 item)","discard","discard","discard","discard","discard","Child (4 item)","discard","discard","keep"
160,"4325","dedhe",4,"Child","round_4",66,4,"bracket","near","same","yes","yes",0.5,0.13,0,0.38,"high",0.5,0.61,0.7,"2D","2D","stack","iterate","iterate","stack","Stack",0.85,0.15,NA,0.14,0.65,0.13,0.22,0.18,0.41,0.41,NA,NA,NA,NA,NA,0.65,0.17,1,0.65,0.41,1.06,0.2,0.3,0.9,"bracket","near","mix","pure","learn_gen","bracket_bracket",15,14,29,14.5,0.83,0.13,"Serial-crossed",0.5,0.65,0.41,0.41,NA,NA,NA,NA,0.65,0.41,0.41,NA,0.65,0.72,"Center-embedded",0.734,0.127,NA,0.14,0.65,0.13,0,0.22,0.59,0.61,1,"Child_24","2D","M",1.1,1,0,"yes","near",NA,NA,NA,NA,NA,NA,NA,"discard","Near","discard","discard","discard","discard","discard","discard","discard","Child (Bracket)","discard","discard","discard","discard","discard","discard","discard","discard","discard","discard","discard","discard","discard","discard","discard","discard","discard","discard","discard","discard","discard","discard","Child (2 Dimensions)","High Load","Near","Near","discard","discard","discard","discard","discard","discard","discard","discard","2 Dimensions","discard","Child (4 item)","discard","US Child (new data)","Child (4 item)","discard","discard","discard","discard","discard","Child (4 item)","discard","discard","keep"
161,"4327","dedhe",4,"Child","round_4",52,3,"bracket","near","same","yes","yes",0.63,0.38,0,0,"low",0.25,0.42,0.57,"2D","2D","stack","iterate","iterate","stack","Stack",0.72,0.28,NA,0.04,0.97,0.02,0.02,0.14,0.21,0.65,NA,NA,NA,NA,NA,0.97,0.32,1,0.97,0.65,1.62,0.29,0.43,0.86,"bracket","near","mix","pure","learn_gen","bracket_bracket",5,23,28,14,0.68,0.38,"Serial-crossed",0.63,0.97,0.21,0.65,NA,NA,NA,NA,0.97,0.21,0.65,NA,0.97,0.55,"Center-embedded",0.694,0.271,NA,0.04,0.97,0.02,0,0.02,0.42,0.42,1,"Child_25","2D","M",0.2,-18,-0.6,"yes","near",NA,NA,NA,NA,NA,NA,NA,"discard","Near","discard","discard","discard","discard","discard","discard","discard","Child (Bracket)","discard","discard","discard","discard","discard","discard","discard","discard","discard","discard","discard","discard","discard","discard","discard","discard","discard","discard","discard","discard","discard","discard","Child (2 Dimensions)","High Load","Near","Near","discard","discard","discard","discard","discard","discard","discard","discard","2 Dimensions","discard","Child (4 item)","discard","US Child (new data)","Child (4 item)","discard","discard","discard","discard","discard","Child (4 item)","discard","discard","keep"
162,"4329","dedhe",4,"Child","round_4",53,2,"bracket","near","same","yes","yes",0.25,0.75,0,0,"high",0.5,0.73,0.8,"2D","2D","queue","iterate","iterate","queue","Queue",0.12,0.88,NA,0.03,0.97,0.02,0.02,0.07,0.83,0.1,NA,NA,NA,NA,NA,0.97,0.16,1,0.97,0.83,1.8,0.13,0.2,0.93,"bracket","near","mix","pure","learn_gen","bracket_bracket",7,5,12,6,0.84,0.75,"Serial-crossed",0.75,0.97,0.83,0.1,NA,NA,NA,NA,0.97,0.83,0.1,NA,0.97,0.79,"Serial-crossed",0.119,0.853,NA,0.03,0.97,0.02,0,0.02,0.12,0.73,0,"Child_26","2D","M",1.4,2,0.2,"no","near",NA,NA,NA,NA,NA,NA,NA,"discard","Near","discard","discard","discard","discard","discard","discard","discard","Child (Bracket)","discard","discard","discard","discard","discard","discard","discard","discard","discard","discard","discard","discard","discard","discard","discard","discard","discard","discard","discard","discard","discard","discard","Child (2 Dimensions)","High Load","Near","Near","discard","discard","discard","discard","discard","discard","discard","discard","2 Dimensions","discard","Child (4 item)","discard","US Child (new data)","Child (4 item)","discard","discard","discard","discard","discard","Child (4 item)","discard","discard","keep"
163,"4331","dedhe",4,"Child","round_4",52,1,"bracket","near","same","yes","yes",0.38,0.5,0,0.13,"high",0.5,0.27,0.45,"not 2D","1D","queue","iterate","iterate","iterate","Iterate",0.35,0.65,NA,0.08,0.93,0.03,0.04,0.19,0.52,0.3,NA,NA,NA,NA,NA,0.93,0.33,1,0.93,0.52,1.44,0.93,0.55,0.82,"bracket","near","mix","pure","learn_gen","bracket_bracket",12,12,24,12,0.67,0.5,"Serial-crossed",0.5,0.93,0.52,0.3,NA,NA,NA,NA,0.93,0.52,0.3,NA,0.93,0.47,"Serial-crossed",0.326,0.594,NA,0.08,0.93,0.03,0,0.04,0.27,0.93,0,"Child_27","iterate","F",1,0,0,"no","near",NA,NA,NA,NA,NA,NA,NA,"discard","Near","discard","discard","discard","discard","discard","discard","discard","Child (Bracket)","discard","discard","discard","discard","discard","discard","discard","discard","discard","discard","discard","discard","discard","discard","discard","discard","discard","discard","discard","discard","discard","discard","Child (2 Dimensions)","High Load","Near","Near","discard","discard","discard","discard","discard","discard","discard","discard","2 Dimensions","discard","Child (4 item)","discard","US Child (new data)","Child (4 item)","discard","discard","discard","discard","discard","Child (4 item)","discard","discard","keep"
164,"4333","dedhe",4,"Child","round_4",63,2,"bracket","near","same","yes","yes",0.86,0,0.14,0,"high",0.5,0.9,0.92,"2D","2D","stack","iterate","iterate","stack","Stack",0.97,0.03,NA,0.05,0.91,0.05,0.04,0.05,0.04,0.91,NA,NA,NA,NA,NA,0.91,0.07,1,0.91,0.91,1.82,0.05,0.08,0.97,"bracket","near","mix","pure","learn_gen","bracket_bracket",4,11,15,7.5,0.93,0.14,"Tail-recursive",0.86,0.91,0.05,0.91,NA,NA,NA,NA,0.91,0.05,0.91,NA,0.91,0.91,"Center-embedded",0.923,0.026,NA,0.05,0.91,0.05,0,0.04,0.87,0.9,1,"Child_28","2D","M",0.4,-7,-0.5,"yes","near",NA,NA,NA,NA,NA,NA,NA,"discard","Near","discard","discard","discard","discard","discard","discard","discard","Child (Bracket)","discard","discard","discard","discard","discard","discard","discard","discard","discard","discard","discard","discard","discard","discard","discard","discard","discard","discard","discard","discard","discard","discard","Child (2 Dimensions)","High Load","Near","Near","discard","discard","discard","discard","discard","discard","discard","discard","2 Dimensions","discard","Child (4 item)","discard","US Child (new data)","Child (4 item)","discard","discard","discard","discard","discard","Child (4 item)","discard","discard","keep"
165,"1_1","dedhe",4,"Child","round_4",71,4,"bracket","near","same","yes","yes",0,0,0.5,0.5,"low",0.125,0,0.25,"not 2D","1D","stack","iterate","iterate","iterate","Associative",0.5,0.5,NA,0.64,0.23,0.38,0.39,0.91,0.05,0.05,NA,NA,NA,NA,NA,0.91,0.14,2,0.39,0.91,1.3,0.91,0.75,0.75,"bracket","near","mix","pure","learn_gen","bracket_bracket",12,7,19,9.5,0.86,0.5,"Tail-recursive",0.5,0.91,0.38,0.39,NA,NA,NA,NA,0.91,0.38,0.39,NA,0.91,0.43,"Tail-recursive",0.179,0.178,NA,0.64,0.91,0.05,0,0.05,0.18,0.91,0,"Child_29","iterate","F",1.7,5,0.3,"no","near",NA,NA,NA,NA,NA,NA,NA,"discard","Near","discard","discard","discard","discard","discard","discard","discard","Child (Bracket)","discard","discard","discard","discard","discard","discard","discard","discard","discard","discard","discard","discard","discard","discard","discard","discard","discard","discard","discard","discard","discard","discard","Child (2 Dimensions)","High Load","Near","Near","discard","discard","discard","discard","discard","discard","discard","discard","2 Dimensions","discard","Child (4 item)","discard","US Child (new data)","Child (4 item)","discard","discard","discard","discard","discard","Child (4 item)","discard","discard","keep"
166,"2_1","dedhe",4,"Child","round_4",76,4,"bracket","near","same","yes","yes",0.63,0.38,0,0,"low",0.25,0.43,0.57,"2D","2D","stack","iterate","iterate","stack","Stack",0.72,0.28,NA,0.03,0.97,0.02,0.02,0.14,0.22,0.64,NA,NA,NA,NA,NA,0.97,0.32,1,0.97,0.64,1.61,0.28,0.43,0.86,"bracket","near","mix","pure","learn_gen","bracket_bracket",8,12,20,10,0.68,0.38,"Serial-crossed",0.63,0.97,0.22,0.64,NA,NA,NA,NA,0.97,0.22,0.64,NA,0.97,0.55,"Center-embedded",0.698,0.268,NA,0.03,0.97,0.02,0,0.02,0.43,0.43,1,"Child_30","2D","M",0.7,-4,-0.2,"yes","near",NA,NA,NA,NA,NA,NA,NA,"discard","Near","discard","discard","discard","discard","discard","discard","discard","Child (Bracket)","discard","discard","discard","discard","discard","discard","discard","discard","discard","discard","discard","discard","discard","discard","discard","discard","discard","discard","discard","discard","discard","discard","Child (2 Dimensions)","High Load","Near","Near","discard","discard","discard","discard","discard","discard","discard","discard","2 Dimensions","discard","Child (4 item)","discard","US Child (new data)","Child (4 item)","discard","discard","discard","discard","discard","Child (4 item)","discard","discard","keep"
167,"4_1","dedhe",4,"Child","round_4",73,2,"bracket","near","same","yes","yes",0.5,0.33,0.17,0,"low",0.125,0.32,0.49,"not 2D","1D","stack","iterate","iterate","iterate","Iterate",0.69,0.31,NA,0.14,0.87,0.07,0.06,0.22,0.27,0.51,NA,NA,NA,NA,NA,0.87,0.41,1,0.87,0.51,1.38,0.87,0.51,0.83,"bracket","near","mix","pure","learn_gen","bracket_bracket",11,4,15,7.5,0.59,0.33,"Serial-crossed",0.5,0.87,0.27,0.51,NA,NA,NA,NA,0.87,0.27,0.51,NA,0.87,0.46,"Center-embedded",0.588,0.269,NA,0.14,0.87,0.07,0,0.06,0.32,0.87,0,"Child_31","iterate","F",2.8,7,0.5,"no","near",NA,NA,NA,NA,NA,NA,NA,"discard","Near","discard","discard","discard","discard","discard","discard","discard","Child (Bracket)","discard","discard","discard","discard","discard","discard","discard","discard","discard","discard","discard","discard","discard","discard","discard","discard","discard","discard","discard","discard","discard","discard","Child (2 Dimensions)","High Load","Near","Near","discard","discard","discard","discard","discard","discard","discard","discard","2 Dimensions","discard","Child (4 item)","discard","US Child (new data)","Child (4 item)","discard","discard","discard","discard","discard","Child (4 item)","discard","discard","keep"
168,"5_1","dedhe",4,"Child","round_4",68,4,"bracket","near","same","yes","yes",0.38,0.38,0.13,0.13,"low",0.375,0.02,0.26,"not 2D","1D","stack","iterate","iterate","iterate","Iterate",0.51,0.49,NA,0.15,0.87,0.06,0.07,0.26,0.37,0.37,NA,NA,NA,NA,NA,0.87,0.54,1,0.87,0.37,1.24,0.87,0.74,0.75,"bracket","near","mix","pure","learn_gen","bracket_bracket",22,25,47,23.5,0.46,0.38,"Serial-crossed",0.38,0.87,0.37,0.37,NA,NA,NA,NA,0.87,0.37,0.37,NA,0.87,0.24,"Center-embedded",0.433,0.417,NA,0.15,0.87,0.06,0,0.07,0.02,0.87,0,"Child_32","iterate","M",0.9,-3,-0.1,"no","near",NA,NA,NA,NA,NA,NA,NA,"discard","Near","discard","discard","discard","discard","discard","discard","discard","Child (Bracket)","discard","discard","discard","discard","discard","discard","discard","discard","discard","discard","discard","discard","discard","discard","discard","discard","discard","discard","discard","discard","discard","discard","Child (2 Dimensions)","High Load","Near","Near","discard","discard","discard","discard","discard","discard","discard","discard","2 Dimensions","discard","Child (4 item)","discard","US Child (new data)","Child (4 item)","discard","discard","discard","discard","discard","Child (4 item)","discard","discard","keep"
169,"6_1","dedhe",4,"Child","round_4",67,2,"bracket","near","same","yes","yes",0.29,0,0,0.71,"low",0.125,0.11,0.34,"not 2D","1D","stack","palindrome","palindrome","palindrome","Palindrome",0.58,0.42,NA,0.29,0.27,0.44,0.29,0.13,0.1,0.78,NA,NA,NA,NA,NA,0.78,0.14,2,0.44,0.78,1.22,0.78,0.66,0.78,"bracket","near","mix","pure","learn_gen","bracket_bracket",29,10,39,19.5,0.86,0,"Serial-crossed",0.29,0.27,0.44,0.78,NA,NA,NA,NA,0.27,0.44,0.78,NA,0.78,0.48,"Center-embedded",0.41,0.296,NA,0.29,0.13,0.1,0,0.78,0.11,0.78,0,"Child_33","palindrome","F",2.9,19,0.5,"no","near",NA,NA,NA,NA,NA,NA,NA,"discard","Near","discard","discard","discard","discard","discard","discard","discard","Child (Bracket)","discard","discard","discard","discard","discard","discard","discard","discard","discard","discard","discard","discard","discard","discard","discard","discard","discard","discard","discard","discard","discard","discard","Child (2 Dimensions)","High Load","Near","Near","discard","discard","discard","discard","discard","discard","discard","discard","2 Dimensions","discard","Child (4 item)","discard","US Child (new data)","Child (4 item)","discard","discard","discard","discard","discard","Child (4 item)","discard","discard","keep"
170,"7_1","dedhe",4,"Child","round_4",68,2,"bracket","near","same","yes","yes",0.71,0.14,0,0.14,"high",0.625,0.82,0.86,"2D","2D","stack","iterate","iterate","stack","Stack",0.93,0.07,NA,0.05,0.91,0.04,0.05,0.1,0.13,0.77,NA,NA,NA,NA,NA,0.91,0.11,1,0.91,0.77,1.68,0.09,0.14,0.95,"bracket","near","mix","pure","learn_gen","bracket_bracket",4,6,10,5,0.89,0.14,"Serial-crossed",0.71,0.91,0.13,0.77,NA,NA,NA,NA,0.91,0.13,0.77,NA,0.91,0.85,"Center-embedded",0.885,0.069,NA,0.05,0.91,0.04,0,0.05,0.82,0.82,1,"Child_34","2D","M",0.7,-2,-0.2,"yes","near",NA,NA,NA,NA,NA,NA,NA,"discard","Near","discard","discard","discard","discard","discard","discard","discard","Child (Bracket)","discard","discard","discard","discard","discard","discard","discard","discard","discard","discard","discard","discard","discard","discard","discard","discard","discard","discard","discard","discard","discard","discard","Child (2 Dimensions)","High Load","Near","Near","discard","discard","discard","discard","discard","discard","discard","discard","2 Dimensions","discard","Child (4 item)","discard","US Child (new data)","Child (4 item)","discard","discard","discard","discard","discard","Child (4 item)","discard","discard","keep"
171,"8_1","dedhe",4,"Child","round_4",67,4,"bracket","near","same","yes","yes",0.5,0.13,0.13,0.25,"high",0.875,0.62,0.71,"2D","2D","stack","palindrome","palindrome","stack","Stack",0.85,0.15,NA,0.13,0.74,0.14,0.12,0.14,0.12,0.74,NA,NA,NA,NA,NA,0.74,0.26,2,0.74,0.74,1.48,0.19,0.29,0.9,"bracket","near","mix","pure","learn_gen","bracket_bracket",3,3,6,3,0.74,0.13,"Serial-crossed",0.5,0.74,0.14,0.74,NA,NA,NA,NA,0.74,0.14,0.74,NA,0.74,0.68,"Center-embedded",0.745,0.129,NA,0.13,0.14,0.12,0,0.74,0.62,0.62,1,"Child_35","2D","M",1,0,0,"yes","near",NA,NA,NA,NA,NA,NA,NA,"discard","Near","discard","discard","discard","discard","discard","discard","discard","Child (Bracket)","discard","discard","discard","discard","discard","discard","discard","discard","discard","discard","discard","discard","discard","discard","discard","discard","discard","discard","discard","discard","discard","discard","Child (2 Dimensions)","High Load","Near","Near","discard","discard","discard","discard","discard","discard","discard","discard","2 Dimensions","discard","Child (4 item)","discard","US Child (new data)","Child (4 item)","discard","discard","discard","discard","discard","Child (4 item)","discard","discard","keep"
172,"9_1","dedhe",4,"Child","round_4",68,3,"bracket","near","same","yes","yes",0.25,0.38,0.38,0,"low",0.25,0.18,0.38,"not 2D","1D","queue","iterate","iterate","iterate","Iterate",0.35,0.65,NA,0.39,0.65,0.21,0.14,0.37,0.36,0.27,NA,NA,NA,NA,NA,0.65,0.78,1,0.65,0.37,1.02,0.65,0.62,0.79,"bracket","near","mix","pure","learn_gen","bracket_bracket",10,4,14,7,0.22,0.38,"Serial-crossed",0.38,0.65,0.36,0.27,NA,NA,NA,NA,0.65,0.36,0.27,NA,0.65,0.2,"Serial-crossed",0.213,0.392,NA,0.39,0.65,0.21,0,0.14,0.18,0.65,0,"Child_36","iterate","M",2.5,6,0.4,"no","near",NA,NA,NA,NA,NA,NA,NA,"discard","Near","discard","discard","discard","discard","discard","discard","discard","Child (Bracket)","discard","discard","discard","discard","discard","discard","discard","discard","discard","discard","discard","discard","discard","discard","discard","discard","discard","discard","discard","discard","discard","discard","Child (2 Dimensions)","High Load","Near","Near","discard","discard","discard","discard","discard","discard","discard","discard","2 Dimensions","discard","Child (4 item)","discard","US Child (new data)","Child (4 item)","discard","discard","discard","discard","discard","Child (4 item)","discard","discard","keep"
173,"10_1","dedhe",4,"Child","round_4",66,2,"bracket","near","same","yes","yes",0.43,0.29,0.29,0,"low",0.375,0.26,0.44,"not 2D","1D","stack","iterate","iterate","iterate","Iterate",0.67,0.33,NA,0.24,0.77,0.13,0.11,0.28,0.28,0.45,NA,NA,NA,NA,NA,0.77,0.59,1,0.77,0.45,1.21,0.77,0.56,0.81,"bracket","near","mix","pure","learn_gen","bracket_bracket",12,13,25,12.5,0.41,0.29,"Serial-crossed",0.43,0.77,0.28,0.45,NA,NA,NA,NA,0.77,0.28,0.45,NA,0.77,0.33,"Center-embedded",0.507,0.249,NA,0.24,0.77,0.13,0,0.11,0.26,0.77,0,"Child_37","iterate","F",0.9,-1,0,"no","near",NA,NA,NA,NA,NA,NA,NA,"discard","Near","discard","discard","discard","discard","discard","discard","discard","Child (Bracket)","discard","discard","discard","discard","discard","discard","discard","discard","discard","discard","discard","discard","discard","discard","discard","discard","discard","discard","discard","discard","discard","discard","Child (2 Dimensions)","High Load","Near","Near","discard","discard","discard","discard","discard","discard","discard","discard","2 Dimensions","discard","Child (4 item)","discard","US Child (new data)","Child (4 item)","discard","discard","discard","discard","discard","Child (4 item)","discard","discard","keep"
174,"11_1","dedhe",4,"Child","round_4",66,4,"bracket","near","same","yes","yes",0.71,0.29,0,0,"low",0.25,0.67,0.75,"2D","2D","stack","iterate","iterate","stack","Stack",0.85,0.15,NA,0.04,0.96,0.02,0.02,0.1,0.13,0.77,NA,NA,NA,NA,NA,0.96,0.19,1,0.96,0.77,1.74,0.16,0.25,0.92,"bracket","near","mix","pure","learn_gen","bracket_bracket",8,13,21,10.5,0.81,0.29,"Serial-crossed",0.71,0.96,0.13,0.77,NA,NA,NA,NA,0.96,0.13,0.77,NA,0.96,0.74,"Center-embedded",0.816,0.145,NA,0.04,0.96,0.02,0,0.02,0.67,0.67,1,"Child_38","2D","M",0.6,-5,-0.2,"yes","near",NA,NA,NA,NA,NA,NA,NA,"discard","Near","discard","discard","discard","discard","discard","discard","discard","Child (Bracket)","discard","discard","discard","discard","discard","discard","discard","discard","discard","discard","discard","discard","discard","discard","discard","discard","discard","discard","discard","discard","discard","discard","Child (2 Dimensions)","High Load","Near","Near","discard","discard","discard","discard","discard","discard","discard","discard","2 Dimensions","discard","Child (4 item)","discard","US Child (new data)","Child (4 item)","discard","discard","discard","discard","discard","Child (4 item)","discard","discard","keep"
175,"12_1","dedhe",4,"Child","round_4",66,3,"bracket","near","same","yes","yes",0.29,0.57,0,0.14,"high",0.5,0.55,0.66,"2D","2D","queue","iterate","iterate","queue","Queue",0.2,0.8,NA,0.08,0.91,0.05,0.04,0.18,0.53,0.29,NA,NA,NA,NA,NA,0.91,0.24,1,0.91,0.53,1.43,0.22,0.34,0.89,"bracket","near","mix","pure","learn_gen","bracket_bracket",16,4,20,10,0.76,0.57,"Serial-crossed",0.57,0.91,0.53,0.29,NA,NA,NA,NA,0.91,0.53,0.29,NA,0.91,0.66,"Serial-crossed",0.184,0.734,NA,0.08,0.91,0.05,0,0.04,0.18,0.55,0,"Child_39","2D","M",4,12,0.6,"no","near",NA,NA,NA,NA,NA,NA,NA,"discard","Near","discard","discard","discard","discard","discard","discard","discard","Child (Bracket)","discard","discard","discard","discard","discard","discard","discard","discard","discard","discard","discard","discard","discard","discard","discard","discard","discard","discard","discard","discard","discard","discard","Child (2 Dimensions)","High Load","Near","Near","discard","discard","discard","discard","discard","discard","discard","discard","2 Dimensions","discard","Child (4 item)","discard","US Child (new data)","Child (4 item)","discard","discard","discard","discard","discard","Child (4 item)","discard","discard","keep"
176,"13_1","dedhe",4,"Child","round_4",66,4,"bracket","near","same","yes","yes",0.75,0.13,0,0.13,"high",0.625,0.86,0.9,"2D","2D","stack","iterate","iterate","stack","Stack",0.95,0.05,NA,0.03,0.93,0.03,0.04,0.07,0.06,0.87,NA,NA,NA,NA,NA,0.93,0.08,1,0.93,0.87,1.8,0.07,0.1,0.97,"bracket","near","mix","pure","learn_gen","bracket_bracket",3,7,10,5,0.92,0.13,"Serial-crossed",0.75,0.93,0.06,0.87,NA,NA,NA,NA,0.93,0.06,0.87,NA,0.93,0.89,"Center-embedded",0.914,0.053,NA,0.03,0.93,0.03,0,0.04,0.86,0.86,1,"Child_40","2D","M",0.4,-4,-0.4,"yes","near",NA,NA,NA,NA,NA,NA,NA,"discard","Near","discard","discard","discard","discard","discard","discard","discard","Child (Bracket)","discard","discard","discard","discard","discard","discard","discard","discard","discard","discard","discard","discard","discard","discard","discard","discard","discard","discard","discard","discard","discard","discard","Child (2 Dimensions)","High Load","Near","Near","discard","discard","discard","discard","discard","discard","discard","discard","2 Dimensions","discard","Child (4 item)","discard","US Child (new data)","Child (4 item)","discard","discard","discard","discard","discard","Child (4 item)","discard","discard","keep"
177,"15_1","dedhe",4,"Child","round_4",64,3,"bracket","near","same","yes","yes",0.33,0,0.67,0,"low",0.25,0.14,0.36,"not 2D","associative","stack","iterate","iterate","associative","Associative",0.79,0.21,NA,0.75,0.18,0.67,0.15,0.67,0.15,0.18,NA,NA,NA,NA,NA,0.67,0.24,2,0.67,0.67,1.34,0.43,0.64,0.79,"bracket","near","mix","pure","learn_gen","bracket_bracket",6,4,10,5,0.76,0.67,"Tail-recursive",0.67,0.67,0.67,0.18,NA,NA,NA,NA,0.67,0.67,0.18,NA,0.75,0.45,"Tail-recursive",0.193,0.053,NA,0.75,0.67,0.15,0,0.18,0.19,0.75,0,"Child_41","associative","M",1.5,2,0.2,"no","near",NA,NA,NA,NA,NA,NA,NA,"discard","Near","discard","discard","discard","discard","discard","discard","discard","Child (Bracket)","discard","discard","discard","discard","discard","discard","discard","discard","discard","discard","discard","discard","discard","discard","discard","discard","discard","discard","discard","discard","discard","discard","Child (2 Dimensions)","High Load","Near","Near","discard","discard","discard","discard","discard","discard","discard","discard","2 Dimensions","discard","Child (4 item)","discard","US Child (new data)","Child (4 item)","discard","discard","discard","discard","discard","Child (4 item)","discard","discard","keep"
178,"16_1","dedhe",4,"Child","round_4",66,4,"bracket","near","same","yes","yes",0.5,0.38,0,0.13,"low",0.375,0.28,0.46,"not 2D","1D","stack","iterate","iterate","iterate","Iterate",0.65,0.35,NA,0.08,0.93,0.03,0.04,0.19,0.3,0.51,NA,NA,NA,NA,NA,0.93,0.33,1,0.93,0.51,1.44,0.93,0.54,0.82,"bracket","near","mix","pure","learn_gen","bracket_bracket",3,4,7,3.5,0.67,0.38,"Serial-crossed",0.5,0.93,0.3,0.51,NA,NA,NA,NA,0.93,0.3,0.51,NA,0.93,0.47,"Center-embedded",0.599,0.322,NA,0.08,0.93,0.03,0,0.04,0.28,0.93,0,"Child_42","iterate","F",0.8,-1,-0.1,"no","near",NA,NA,NA,NA,NA,NA,NA,"discard","Near","discard","discard","discard","discard","discard","discard","discard","Child (Bracket)","discard","discard","discard","discard","discard","discard","discard","discard","discard","discard","discard","discard","discard","discard","discard","discard","discard","discard","discard","discard","discard","discard","Child (2 Dimensions)","High Load","Near","Near","discard","discard","discard","discard","discard","discard","discard","discard","2 Dimensions","discard","Child (4 item)","discard","US Child (new data)","Child (4 item)","discard","discard","discard","discard","discard","Child (4 item)","discard","discard","keep"
179,"17_1","dedhe",4,"Child","round_4",65,4,"bracket","near","same","yes","yes",0.88,0.13,0,0,"high",0.875,0.89,0.92,"2D","2D","stack","iterate","iterate","stack","Stack",0.96,0.04,NA,0.02,0.97,0.02,0.02,0.03,0.04,0.93,NA,NA,NA,NA,NA,0.97,0.05,1,0.97,0.93,1.89,0.05,0.08,0.97,"bracket","near","mix","pure","learn_gen","bracket_bracket",4,4,8,4,0.95,0.13,"Serial-crossed",0.88,0.97,0.04,0.93,NA,NA,NA,NA,0.97,0.04,0.93,NA,0.97,0.92,"Center-embedded",0.935,0.043,NA,0.02,0.97,0.02,0,0.02,0.89,0.89,1,"Child_43","2D","F",1,0,0,"yes","near",NA,NA,NA,NA,NA,NA,NA,"discard","Near","discard","discard","discard","discard","discard","discard","discard","Child (Bracket)","discard","discard","discard","discard","discard","discard","discard","discard","discard","discard","discard","discard","discard","discard","discard","discard","discard","discard","discard","discard","discard","discard","Child (2 Dimensions)","High Load","Near","Near","discard","discard","discard","discard","discard","discard","discard","discard","2 Dimensions","discard","Child (4 item)","discard","US Child (new data)","Child (4 item)","discard","discard","discard","discard","discard","Child (4 item)","discard","discard","keep"
180,"18_1","dedhe",4,"Child","round_4",65,4,"bracket","near","same","yes","yes",0.63,0.38,0,0,"high",0.75,0.42,0.56,"2D","2D","stack","iterate","iterate","stack","Stack",0.72,0.28,NA,0.03,0.97,0.02,0.02,0.14,0.22,0.65,NA,NA,NA,NA,NA,0.97,0.31,1,0.97,0.65,1.61,0.29,0.44,0.85,"bracket","near","mix","pure","learn_gen","bracket_bracket",9,4,13,6.5,0.69,0.38,"Serial-crossed",0.63,0.97,0.22,0.65,NA,NA,NA,NA,0.97,0.22,0.65,NA,0.97,0.55,"Center-embedded",0.692,0.274,NA,0.03,0.97,0.02,0,0.02,0.42,0.42,1,"Child_44","2D","M",2.3,5,0.4,"yes","near",NA,NA,NA,NA,NA,NA,NA,"discard","Near","discard","discard","discard","discard","discard","discard","discard","Child (Bracket)","discard","discard","discard","discard","discard","discard","discard","discard","discard","discard","discard","discard","discard","discard","discard","discard","discard","discard","discard","discard","discard","discard","Child (2 Dimensions)","High Load","Near","Near","discard","discard","discard","discard","discard","discard","discard","discard","2 Dimensions","discard","Child (4 item)","discard","US Child (new data)","Child (4 item)","discard","discard","discard","discard","discard","Child (4 item)","discard","discard","keep"
181,"19_1","dedhe",4,"Child","round_4",64,3,"bracket","near","same","yes","yes",0.38,0.5,0,0.13,"high",1,0.27,0.46,"not 2D","1D","queue","iterate","iterate","iterate","Iterate",0.35,0.65,NA,0.08,0.93,0.04,0.03,0.19,0.41,0.41,NA,NA,NA,NA,NA,0.93,0.33,1,0.93,0.41,1.34,0.93,0.54,0.82,"bracket","near","mix","pure","learn_gen","bracket_bracket",3,4,7,3.5,0.67,0.5,"Serial-crossed",0.5,0.93,0.41,0.41,NA,NA,NA,NA,0.93,0.41,0.41,NA,0.93,0.47,"Serial-crossed",0.323,0.596,NA,0.08,0.93,0.04,0,0.03,0.27,0.93,0,"Child_45","iterate","M",0.8,-1,-0.1,"no","near",NA,NA,NA,NA,NA,NA,NA,"discard","Near","discard","discard","discard","discard","discard","discard","discard","Child (Bracket)","discard","discard","discard","discard","discard","discard","discard","discard","discard","discard","discard","discard","discard","discard","discard","discard","discard","discard","discard","discard","discard","discard","Child (2 Dimensions)","High Load","Near","Near","discard","discard","discard","discard","discard","discard","discard","discard","2 Dimensions","discard","Child (4 item)","discard","US Child (new data)","Child (4 item)","discard","discard","discard","discard","discard","Child (4 item)","discard","discard","keep"
182,"20_1","dedhe",4,"Child","round_4",65,4,"bracket","near","same","yes","yes",0.88,0,0,0.13,"high",0.5,0.93,0.95,"2D","2D","stack","palindrome","palindrome","stack","Stack",0.98,0.02,NA,0.02,0.93,0.03,0.04,0.04,0.03,0.93,NA,NA,NA,NA,NA,0.93,0.03,2,0.93,0.93,1.85,0.03,0.05,0.98,"bracket","near","mix","pure","learn_gen","bracket_bracket",8,3,11,5.5,0.97,0,"Serial-crossed",0.88,0.93,0.03,0.93,NA,NA,NA,NA,0.93,0.03,0.93,NA,0.93,0.95,"Center-embedded",0.956,0.022,NA,0.02,0.04,0.03,0,0.93,0.93,0.93,1,"Child_46","2D","M",2.7,5,0.5,"yes","near",NA,NA,NA,NA,NA,NA,NA,"discard","Near","discard","discard","discard","discard","discard","discard","discard","Child (Bracket)","discard","discard","discard","discard","discard","discard","discard","discard","discard","discard","discard","discard","discard","discard","discard","discard","discard","discard","discard","discard","discard","discard","Child (2 Dimensions)","High Load","Near","Near","discard","discard","discard","discard","discard","discard","discard","discard","2 Dimensions","discard","Child (4 item)","discard","US Child (new data)","Child (4 item)","discard","discard","discard","discard","discard","Child (4 item)","discard","discard","keep"
243,"6539","dedhe",4,"Adult",NA,NA,NA,"bracket","near","same","yes","yes",0.75,0.25,0,0,"high",0.875,0.73,0.8,"2D","2D","stack","iterate","iterate","stack","Stack",0.88,0.12,NA,0.03,0.97,0.02,0.02,0.07,0.1,0.84,NA,NA,NA,NA,NA,0.97,0.15,1,0.97,0.84,1.8,0.13,0.2,0.93,"bracket","near","mix","pure","learn_gen","bracket_bracket",3,4,7,3.5,0.85,0.25,"Serial-crossed",0.75,0.97,0.1,0.84,NA,NA,NA,NA,0.97,0.1,0.84,NA,0.97,0.79,"Center-embedded",0.851,0.119,NA,0.03,0.97,0.02,0,0.02,0.73,0.73,1,NA,"2D",NA,0.8,-1,-0.1,"yes","near",NA,NA,NA,NA,NA,NA,NA,"discard","Near","discard","discard","discard","discard","discard","discard","discard","Adult (Bracket)","discard","discard","discard","discard","discard","discard","discard","discard","discard","discard","discard","discard","discard","discard","discard","discard","discard","discard","discard","discard","discard","discard","Adult (2 Dimensions)","High Load","Near","Near","discard","discard","discard","discard","discard","discard","discard","discard","2 Dimensions","discard","discard","discard","US Adult (new data)","Adult (4 item)","discard","discard","discard","discard","discard","Adult (4 item)","discard","discard","keep"
244,"6540","dedhe",4,"Adult",NA,NA,NA,"bracket","near","same","yes","yes",0.88,0.13,0,0,"high",0.625,0.89,0.92,"2D","2D","stack","iterate","iterate","stack","Stack",0.96,0.04,NA,0.02,0.97,0.02,0.02,0.03,0.04,0.93,NA,NA,NA,NA,NA,0.97,0.05,1,0.97,0.93,1.89,0.05,0.08,0.97,"bracket","near","mix","pure","learn_gen","bracket_bracket",4,3,7,3.5,0.95,0.13,"Serial-crossed",0.88,0.97,0.04,0.93,NA,NA,NA,NA,0.97,0.04,0.93,NA,0.97,0.92,"Center-embedded",0.935,0.043,NA,0.02,0.97,0.02,0,0.02,0.89,0.89,1,NA,"2D",NA,1.3,1,0.1,"yes","near",NA,NA,NA,NA,NA,NA,NA,"discard","Near","discard","discard","discard","discard","discard","discard","discard","Adult (Bracket)","discard","discard","discard","discard","discard","discard","discard","discard","discard","discard","discard","discard","discard","discard","discard","discard","discard","discard","discard","discard","discard","discard","Adult (2 Dimensions)","High Load","Near","Near","discard","discard","discard","discard","discard","discard","discard","discard","2 Dimensions","discard","discard","discard","US Adult (new data)","Adult (4 item)","discard","discard","discard","discard","discard","Adult (4 item)","discard","discard","keep"
245,"6541","dedhe",4,"Adult",NA,NA,NA,"bracket","near","same","yes","yes",1,0,0,0,"high",1,0.96,0.97,"2D","2D","stack","palindrome","palindrome","stack","Stack",0.99,0.01,NA,0.01,0.97,0.02,0.02,0.02,0.02,0.97,NA,NA,NA,NA,NA,0.97,0.02,2,0.97,0.97,1.94,0.02,0.03,0.99,"bracket","near","mix","pure","learn_gen","bracket_bracket",4,3,7,3.5,0.98,0,"Serial-crossed",1,0.97,0.02,0.97,NA,NA,NA,NA,0.97,0.02,0.97,NA,0.97,0.97,"Center-embedded",0.972,0.014,NA,0.01,0.02,0.02,0,0.97,0.96,0.96,1,NA,"2D",NA,1.3,1,0.1,"yes","near",NA,NA,NA,NA,NA,NA,NA,"discard","Near","discard","discard","discard","discard","discard","discard","discard","Adult (Bracket)","discard","discard","discard","discard","discard","discard","discard","discard","discard","discard","discard","discard","discard","discard","discard","discard","discard","discard","discard","discard","discard","discard","Adult (2 Dimensions)","High Load","Near","Near","discard","discard","discard","discard","discard","discard","discard","discard","2 Dimensions","discard","discard","discard","US Adult (new data)","Adult (4 item)","discard","discard","discard","discard","discard","Adult (4 item)","discard","discard","keep"
246,"6542","dedhe",4,"Adult",NA,NA,NA,"bracket","near","same","yes","yes",1,0,0,0,"high",1,0.96,0.97,"2D","2D","stack","palindrome","palindrome","stack","Stack",0.99,0.01,NA,0.01,0.97,0.02,0.02,0.02,0.02,0.97,NA,NA,NA,NA,NA,0.97,0.02,2,0.97,0.97,1.94,0.02,0.03,0.99,"bracket","near","mix","pure","learn_gen","bracket_bracket",3,3,6,3,0.98,0,"Serial-crossed",1,0.97,0.02,0.97,NA,NA,NA,NA,0.97,0.02,0.97,NA,0.97,0.97,"Center-embedded",0.972,0.014,NA,0.01,0.02,0.02,0,0.97,0.96,0.96,1,NA,"2D",NA,1,0,0,"yes","near",NA,NA,NA,NA,NA,NA,NA,"discard","Near","discard","discard","discard","discard","discard","discard","discard","Adult (Bracket)","discard","discard","discard","discard","discard","discard","discard","discard","discard","discard","discard","discard","discard","discard","discard","discard","discard","discard","discard","discard","discard","discard","Adult (2 Dimensions)","High Load","Near","Near","discard","discard","discard","discard","discard","discard","discard","discard","2 Dimensions","discard","discard","discard","US Adult (new data)","Adult (4 item)","discard","discard","discard","discard","discard","Adult (4 item)","discard","discard","keep"
247,"6543","dedhe",4,"Adult",NA,NA,NA,"bracket","near","same","yes","yes",0.88,0.13,0,0,"high",0.75,0.89,0.92,"2D","2D","stack","iterate","iterate","stack","Stack",0.96,0.04,NA,0.02,0.97,0.02,0.02,0.03,0.04,0.93,NA,NA,NA,NA,NA,0.97,0.05,1,0.97,0.93,1.89,0.05,0.08,0.97,"bracket","near","mix","pure","learn_gen","bracket_bracket",3,10,13,6.5,0.95,0.13,"Serial-crossed",0.88,0.97,0.04,0.93,NA,NA,NA,NA,0.97,0.04,0.93,NA,0.97,0.92,"Center-embedded",0.936,0.043,NA,0.02,0.97,0.02,0,0.02,0.89,0.89,1,NA,"2D",NA,0.3,-7,-0.5,"yes","near",NA,NA,NA,NA,NA,NA,NA,"discard","Near","discard","discard","discard","discard","discard","discard","discard","Adult (Bracket)","discard","discard","discard","discard","discard","discard","discard","discard","discard","discard","discard","discard","discard","discard","discard","discard","discard","discard","discard","discard","discard","discard","Adult (2 Dimensions)","High Load","Near","Near","discard","discard","discard","discard","discard","discard","discard","discard","2 Dimensions","discard","discard","discard","US Adult (new data)","Adult (4 item)","discard","discard","discard","discard","discard","Adult (4 item)","discard","discard","keep"
248,"6544","dedhe",4,"Adult",NA,NA,NA,"bracket","near","same","yes","yes",1,0,0,0,"high",1,0.96,0.97,"2D","2D","stack","palindrome","palindrome","stack","Stack",0.99,0.01,NA,0.01,0.97,0.02,0.02,0.02,0.02,0.97,NA,NA,NA,NA,NA,0.97,0.02,2,0.97,0.97,1.93,0.02,0.03,0.99,"bracket","near","mix","pure","learn_gen","bracket_bracket",4,3,7,3.5,0.98,0,"Serial-crossed",1,0.97,0.02,0.97,NA,NA,NA,NA,0.97,0.02,0.97,NA,0.97,0.97,"Center-embedded",0.971,0.014,NA,0.01,0.02,0.02,0,0.97,0.96,0.96,1,NA,"2D",NA,1.3,1,0.1,"yes","near",NA,NA,NA,NA,NA,NA,NA,"discard","Near","discard","discard","discard","discard","discard","discard","discard","Adult (Bracket)","discard","discard","discard","discard","discard","discard","discard","discard","discard","discard","discard","discard","discard","discard","discard","discard","discard","discard","discard","discard","discard","discard","Adult (2 Dimensions)","High Load","Near","Near","discard","discard","discard","discard","discard","discard","discard","discard","2 Dimensions","discard","discard","discard","US Adult (new data)","Adult (4 item)","discard","discard","discard","discard","discard","Adult (4 item)","discard","discard","keep"
249,"6545","dedhe",4,"Adult",NA,NA,NA,"bracket","near","same","yes","yes",1,0,0,0,"high",0.875,0.96,0.97,"2D","2D","stack","iterate","iterate","stack","Stack",0.99,0.01,NA,0.01,0.97,0.02,0.02,0.02,0.02,0.97,NA,NA,NA,NA,NA,0.97,0.02,1,0.97,0.97,1.94,0.02,0.03,0.99,"bracket","near","mix","pure","learn_gen","bracket_bracket",4,3,7,3.5,0.98,0,"Serial-crossed",1,0.97,0.02,0.97,NA,NA,NA,NA,0.97,0.02,0.97,NA,0.97,0.97,"Center-embedded",0.972,0.014,NA,0.01,0.97,0.02,0,0.02,0.96,0.96,1,NA,"2D",NA,1.3,1,0.1,"yes","near",NA,NA,NA,NA,NA,NA,NA,"discard","Near","discard","discard","discard","discard","discard","discard","discard","Adult (Bracket)","discard","discard","discard","discard","discard","discard","discard","discard","discard","discard","discard","discard","discard","discard","discard","discard","discard","discard","discard","discard","discard","discard","Adult (2 Dimensions)","High Load","Near","Near","discard","discard","discard","discard","discard","discard","discard","discard","2 Dimensions","discard","discard","discard","US Adult (new data)","Adult (4 item)","discard","discard","discard","discard","discard","Adult (4 item)","discard","discard","keep"
250,"6546","dedhe",4,"Adult",NA,NA,NA,"bracket","near","same","yes","yes",0.88,0.13,0,0,"high",1,0.89,0.92,"2D","2D","stack","iterate","iterate","stack","Stack",0.96,0.04,NA,0.02,0.97,0.02,0.02,0.03,0.04,0.93,NA,NA,NA,NA,NA,0.97,0.05,1,0.97,0.93,1.9,0.05,0.08,0.97,"bracket","near","mix","pure","learn_gen","bracket_bracket",3,3,6,3,0.95,0.13,"Serial-crossed",0.88,0.97,0.04,0.93,NA,NA,NA,NA,0.97,0.04,0.93,NA,0.97,0.92,"Center-embedded",0.935,0.044,NA,0.02,0.97,0.02,0,0.02,0.89,0.89,1,NA,"2D",NA,1,0,0,"yes","near",NA,NA,NA,NA,NA,NA,NA,"discard","Near","discard","discard","discard","discard","discard","discard","discard","Adult (Bracket)","discard","discard","discard","discard","discard","discard","discard","discard","discard","discard","discard","discard","discard","discard","discard","discard","discard","discard","discard","discard","discard","discard","Adult (2 Dimensions)","High Load","Near","Near","discard","discard","discard","discard","discard","discard","discard","discard","2 Dimensions","discard","discard","discard","US Adult (new data)","Adult (4 item)","discard","discard","discard","discard","discard","Adult (4 item)","discard","discard","keep"
251,"6547","dedhe",4,"Adult",NA,NA,NA,"bracket","near","same","yes","yes",0.38,0.5,0,0.13,"high",0.875,0.27,0.45,"not 2D","1D","queue","iterate","iterate","iterate","Iterate",0.35,0.65,NA,0.08,0.93,0.03,0.04,0.19,0.52,0.29,NA,NA,NA,NA,NA,0.93,0.34,1,0.93,0.52,1.44,0.93,0.55,0.82,"bracket","near","mix","pure","learn_gen","bracket_bracket",4,3,7,3.5,0.66,0.5,"Serial-crossed",0.5,0.93,0.52,0.29,NA,NA,NA,NA,0.93,0.52,0.29,NA,0.93,0.47,"Serial-crossed",0.324,0.596,NA,0.08,0.93,0.03,0,0.04,0.27,0.93,0,NA,"iterate",NA,1.3,1,0.1,"no","near",NA,NA,NA,NA,NA,NA,NA,"discard","Near","discard","discard","discard","discard","discard","discard","discard","Adult (Bracket)","discard","discard","discard","discard","discard","discard","discard","discard","discard","discard","discard","discard","discard","discard","discard","discard","discard","discard","discard","discard","discard","discard","Adult (2 Dimensions)","High Load","Near","Near","discard","discard","discard","discard","discard","discard","discard","discard","2 Dimensions","discard","discard","discard","US Adult (new data)","Adult (4 item)","discard","discard","discard","discard","discard","Adult (4 item)","discard","discard","keep"
252,"6548","dedhe",4,"Adult",NA,NA,NA,"bracket","near","same","yes","yes",0.88,0.13,0,0,"high",1,0.89,0.92,"2D","2D","stack","iterate","iterate","stack","Stack",0.96,0.04,NA,0.02,0.97,0.02,0.02,0.03,0.04,0.93,NA,NA,NA,NA,NA,0.97,0.05,1,0.97,0.93,1.89,0.05,0.08,0.97,"bracket","near","mix","pure","learn_gen","bracket_bracket",8,9,17,8.5,0.95,0.13,"Serial-crossed",0.88,0.97,0.04,0.93,NA,NA,NA,NA,0.97,0.04,0.93,NA,0.97,0.92,"Center-embedded",0.935,0.043,NA,0.02,0.97,0.02,0,0.02,0.89,0.89,1,NA,"2D",NA,0.9,-1,-0.1,"yes","near",NA,NA,NA,NA,NA,NA,NA,"discard","Near","discard","discard","discard","discard","discard","discard","discard","Adult (Bracket)","discard","discard","discard","discard","discard","discard","discard","discard","discard","discard","discard","discard","discard","discard","discard","discard","discard","discard","discard","discard","discard","discard","Adult (2 Dimensions)","High Load","Near","Near","discard","discard","discard","discard","discard","discard","discard","discard","2 Dimensions","discard","discard","discard","US Adult (new data)","Adult (4 item)","discard","discard","discard","discard","discard","Adult (4 item)","discard","discard","keep"
253,"6549","dedhe",4,"Adult",NA,NA,NA,"bracket","near","same","yes","yes",0.63,0.38,0,0,"high",0.875,0.42,0.57,"2D","2D","stack","iterate","iterate","stack","Stack",0.72,0.28,NA,0.03,0.97,0.02,0.02,0.14,0.22,0.65,NA,NA,NA,NA,NA,0.97,0.32,1,0.97,0.65,1.62,0.29,0.43,0.86,"bracket","near","mix","pure","learn_gen","bracket_bracket",3,4,7,3.5,0.68,0.38,"Serial-crossed",0.63,0.97,0.22,0.65,NA,NA,NA,NA,0.97,0.22,0.65,NA,0.97,0.55,"Center-embedded",0.693,0.273,NA,0.03,0.97,0.02,0,0.02,0.42,0.42,1,NA,"2D",NA,0.8,-1,-0.1,"yes","near",NA,NA,NA,NA,NA,NA,NA,"discard","Near","discard","discard","discard","discard","discard","discard","discard","Adult (Bracket)","discard","discard","discard","discard","discard","discard","discard","discard","discard","discard","discard","discard","discard","discard","discard","discard","discard","discard","discard","discard","discard","discard","Adult (2 Dimensions)","High Load","Near","Near","discard","discard","discard","discard","discard","discard","discard","discard","2 Dimensions","discard","discard","discard","US Adult (new data)","Adult (4 item)","discard","discard","discard","discard","discard","Adult (4 item)","discard","discard","keep"
254,"6550","dedhe",4,"Adult",NA,NA,NA,"bracket","near","same","yes","yes",0.63,0.38,0,0,"high",0.875,0.43,0.57,"2D","2D","stack","iterate","iterate","stack","Stack",0.72,0.28,NA,0.03,0.97,0.02,0.02,0.14,0.22,0.64,NA,NA,NA,NA,NA,0.97,0.32,1,0.97,0.64,1.61,0.29,0.43,0.86,"bracket","near","mix","pure","learn_gen","bracket_bracket",3,4,7,3.5,0.68,0.38,"Serial-crossed",0.63,0.97,0.22,0.64,NA,NA,NA,NA,0.97,0.22,0.64,NA,0.97,0.55,"Center-embedded",0.696,0.27,NA,0.03,0.97,0.02,0,0.02,0.43,0.43,1,NA,"2D",NA,0.8,-1,-0.1,"yes","near",NA,NA,NA,NA,NA,NA,NA,"discard","Near","discard","discard","discard","discard","discard","discard","discard","Adult (Bracket)","discard","discard","discard","discard","discard","discard","discard","discard","discard","discard","discard","discard","discard","discard","discard","discard","discard","discard","discard","discard","discard","discard","Adult (2 Dimensions)","High Load","Near","Near","discard","discard","discard","discard","discard","discard","discard","discard","2 Dimensions","discard","discard","discard","US Adult (new data)","Adult (4 item)","discard","discard","discard","discard","discard","Adult (4 item)","discard","discard","keep"
255,"6551","dedhe",4,"Adult",NA,NA,NA,"bracket","near","same","yes","yes",1,0,0,0,"high",1,0.96,0.97,"2D","2D","stack","palindrome","palindrome","stack","Stack",0.99,0.01,NA,0.01,0.97,0.02,0.02,0.02,0.02,0.97,NA,NA,NA,NA,NA,0.97,0.02,2,0.97,0.97,1.94,0.02,0.03,0.99,"bracket","near","mix","pure","learn_gen","bracket_bracket",3,3,6,3,0.98,0,"Serial-crossed",1,0.97,0.02,0.97,NA,NA,NA,NA,0.97,0.02,0.97,NA,0.97,0.97,"Center-embedded",0.972,0.014,NA,0.01,0.02,0.02,0,0.97,0.96,0.96,1,NA,"2D",NA,1,0,0,"yes","near",NA,NA,NA,NA,NA,NA,NA,"discard","Near","discard","discard","discard","discard","discard","discard","discard","Adult (Bracket)","discard","discard","discard","discard","discard","discard","discard","discard","discard","discard","discard","discard","discard","discard","discard","discard","discard","discard","discard","discard","discard","discard","Adult (2 Dimensions)","High Load","Near","Near","discard","discard","discard","discard","discard","discard","discard","discard","2 Dimensions","discard","discard","discard","US Adult (new data)","Adult (4 item)","discard","discard","discard","discard","discard","Adult (4 item)","discard","discard","keep"
256,"6552","dedhe",4,"Adult",NA,NA,NA,"bracket","near","same","yes","yes",0.5,0.5,0,0,"high",0.75,0,0.25,"not 2D","1D","stack","iterate","iterate","iterate","Iterate",0.5,0.5,NA,0.04,0.97,0.02,0.02,0.19,0.4,0.42,NA,NA,NA,NA,NA,0.97,0.4,1,0.97,0.42,1.38,0.97,0.75,0.75,"bracket","near","mix","pure","learn_gen","bracket_bracket",82,4,86,43,0.6,0.5,"Serial-crossed",0.5,0.97,0.4,0.42,NA,NA,NA,NA,0.97,0.4,0.42,NA,0.97,0.3,"Center-embedded",0.483,0.479,NA,0.04,0.97,0.02,0,0.02,0,0.97,0,NA,"iterate",NA,20.5,78,0.9,"no","near",NA,NA,NA,NA,NA,NA,NA,"discard","Near","discard","discard","discard","discard","discard","discard","discard","Adult (Bracket)","discard","discard","discard","discard","discard","discard","discard","discard","discard","discard","discard","discard","discard","discard","discard","discard","discard","discard","discard","discard","discard","discard","Adult (2 Dimensions)","High Load","Near","Near","discard","discard","discard","discard","discard","discard","discard","discard","2 Dimensions","discard","discard","discard","US Adult (new data)","Adult (4 item)","discard","discard","discard","discard","discard","Adult (4 item)","discard","discard","keep"
257,"6553","dedhe",4,"Adult",NA,NA,NA,"bracket","near","same","yes","yes",0.88,0.13,0,0,"high",0.75,0.89,0.92,"2D","2D","stack","iterate","iterate","stack","Stack",0.96,0.04,NA,0.02,0.97,0.02,0.02,0.03,0.04,0.93,NA,NA,NA,NA,NA,0.97,0.06,1,0.97,0.93,1.89,0.05,0.08,0.97,"bracket","near","mix","pure","learn_gen","bracket_bracket",4,3,7,3.5,0.94,0.13,"Serial-crossed",0.88,0.97,0.04,0.93,NA,NA,NA,NA,0.97,0.04,0.93,NA,0.97,0.92,"Center-embedded",0.935,0.043,NA,0.02,0.97,0.02,0,0.02,0.89,0.89,1,NA,"2D",NA,1.3,1,0.1,"yes","near",NA,NA,NA,NA,NA,NA,NA,"discard","Near","discard","discard","discard","discard","discard","discard","discard","Adult (Bracket)","discard","discard","discard","discard","discard","discard","discard","discard","discard","discard","discard","discard","discard","discard","discard","discard","discard","discard","discard","discard","discard","discard","Adult (2 Dimensions)","High Load","Near","Near","discard","discard","discard","discard","discard","discard","discard","discard","2 Dimensions","discard","discard","discard","US Adult (new data)","Adult (4 item)","discard","discard","discard","discard","discard","Adult (4 item)","discard","discard","keep"
258,"6554","dedhe",4,"Adult",NA,NA,NA,"bracket","near","same","yes","yes",1,0,0,0,"high",1,0.96,0.97,"2D","2D","stack","iterate","iterate","stack","Stack",0.99,0.01,NA,0.01,0.97,0.02,0.02,0.02,0.02,0.97,NA,NA,NA,NA,NA,0.97,0.02,1,0.97,0.97,1.93,0.02,0.03,0.99,"bracket","near","mix","pure","learn_gen","bracket_bracket",3,3,6,3,0.98,0,"Serial-crossed",1,0.97,0.02,0.97,NA,NA,NA,NA,0.97,0.02,0.97,NA,0.97,0.97,"Center-embedded",0.971,0.014,NA,0.01,0.97,0.02,0,0.02,0.96,0.96,1,NA,"2D",NA,1,0,0,"yes","near",NA,NA,NA,NA,NA,NA,NA,"discard","Near","discard","discard","discard","discard","discard","discard","discard","Adult (Bracket)","discard","discard","discard","discard","discard","discard","discard","discard","discard","discard","discard","discard","discard","discard","discard","discard","discard","discard","discard","discard","discard","discard","Adult (2 Dimensions)","High Load","Near","Near","discard","discard","discard","discard","discard","discard","discard","discard","2 Dimensions","discard","discard","discard","US Adult (new data)","Adult (4 item)","discard","discard","discard","discard","discard","Adult (4 item)","discard","discard","keep"
259,"6555","dedhe",4,"Adult",NA,NA,NA,"bracket","near","same","yes","yes",1,0,0,0,"high",0.875,0.96,0.97,"2D","2D","stack","iterate","iterate","stack","Stack",0.99,0.01,NA,0.01,0.97,0.02,0.02,0.02,0.02,0.97,NA,NA,NA,NA,NA,0.97,0.02,1,0.97,0.97,1.94,0.02,0.03,0.99,"bracket","near","mix","pure","learn_gen","bracket_bracket",4,4,8,4,0.98,0,"Serial-crossed",1,0.97,0.02,0.97,NA,NA,NA,NA,0.97,0.02,0.97,NA,0.97,0.97,"Center-embedded",0.972,0.014,NA,0.01,0.97,0.02,0,0.02,0.96,0.96,1,NA,"2D",NA,1,0,0,"yes","near",NA,NA,NA,NA,NA,NA,NA,"discard","Near","discard","discard","discard","discard","discard","discard","discard","Adult (Bracket)","discard","discard","discard","discard","discard","discard","discard","discard","discard","discard","discard","discard","discard","discard","discard","discard","discard","discard","discard","discard","discard","discard","Adult (2 Dimensions)","High Load","Near","Near","discard","discard","discard","discard","discard","discard","discard","discard","2 Dimensions","discard","discard","discard","US Adult (new data)","Adult (4 item)","discard","discard","discard","discard","discard","Adult (4 item)","discard","discard","keep"
260,"6556","dedhe",4,"Adult",NA,NA,NA,"bracket","near","same","yes","yes",0.38,0.63,0,0,"high",0.625,0.42,0.56,"2D","2D","queue","iterate","iterate","queue","Queue",0.28,0.72,NA,0.03,0.97,0.02,0.02,0.14,0.65,0.21,NA,NA,NA,NA,NA,0.97,0.32,1,0.97,0.65,1.61,0.29,0.44,0.85,"bracket","near","mix","pure","learn_gen","bracket_bracket",10,3,13,6.5,0.68,0.63,"Serial-crossed",0.63,0.97,0.65,0.21,NA,NA,NA,NA,0.97,0.65,0.21,NA,0.97,0.55,"Serial-crossed",0.273,0.692,NA,0.03,0.97,0.02,0,0.02,0.27,0.42,0,NA,"2D",NA,3.3,7,0.5,"no","near",NA,NA,NA,NA,NA,NA,NA,"discard","Near","discard","discard","discard","discard","discard","discard","discard","Adult (Bracket)","discard","discard","discard","discard","discard","discard","discard","discard","discard","discard","discard","discard","discard","discard","discard","discard","discard","discard","discard","discard","discard","discard","Adult (2 Dimensions)","High Load","Near","Near","discard","discard","discard","discard","discard","discard","discard","discard","2 Dimensions","discard","discard","discard","US Adult (new data)","Adult (4 item)","discard","discard","discard","discard","discard","Adult (4 item)","discard","discard","keep"
261,"6558","dedhe",4,"Adult",NA,NA,NA,"bracket","near","same","yes","yes",0.75,0.25,0,0,"high",1,0.73,0.8,"2D","2D","stack","iterate","iterate","stack","Stack",0.88,0.12,NA,0.03,0.97,0.02,0.02,0.07,0.1,0.84,NA,NA,NA,NA,NA,0.97,0.15,1,0.97,0.84,1.8,0.13,0.2,0.93,"bracket","near","mix","pure","learn_gen","bracket_bracket",5,3,8,4,0.85,0.25,"Serial-crossed",0.75,0.97,0.1,0.84,NA,NA,NA,NA,0.97,0.1,0.84,NA,0.97,0.79,"Center-embedded",0.851,0.12,NA,0.03,0.97,0.02,0,0.02,0.73,0.73,1,NA,"2D",NA,1.7,2,0.3,"yes","near",NA,NA,NA,NA,NA,NA,NA,"discard","Near","discard","discard","discard","discard","discard","discard","discard","Adult (Bracket)","discard","discard","discard","discard","discard","discard","discard","discard","discard","discard","discard","discard","discard","discard","discard","discard","discard","discard","discard","discard","discard","discard","Adult (2 Dimensions)","High Load","Near","Near","discard","discard","discard","discard","discard","discard","discard","discard","2 Dimensions","discard","discard","discard","US Adult (new data)","Adult (4 item)","discard","discard","discard","discard","discard","Adult (4 item)","discard","discard","keep"
262,"6559","dedhe",4,"Adult",NA,NA,NA,"bracket","near","same","yes","yes",1,0,0,0,"high",0.875,0.96,0.97,"2D","2D","stack","palindrome","palindrome","stack","Stack",0.99,0.01,NA,0.01,0.97,0.02,0.02,0.02,0.02,0.97,NA,NA,NA,NA,NA,0.97,0.02,2,0.97,0.97,1.94,0.02,0.03,0.99,"bracket","near","mix","pure","learn_gen","bracket_bracket",9,3,12,6,0.98,0,"Serial-crossed",1,0.97,0.02,0.97,NA,NA,NA,NA,0.97,0.02,0.97,NA,0.97,0.97,"Center-embedded",0.972,0.014,NA,0.01,0.02,0.02,0,0.97,0.96,0.96,1,NA,"2D",NA,3,6,0.5,"yes","near",NA,NA,NA,NA,NA,NA,NA,"discard","Near","discard","discard","discard","discard","discard","discard","discard","Adult (Bracket)","discard","discard","discard","discard","discard","discard","discard","discard","discard","discard","discard","discard","discard","discard","discard","discard","discard","discard","discard","discard","discard","discard","Adult (2 Dimensions)","High Load","Near","Near","discard","discard","discard","discard","discard","discard","discard","discard","2 Dimensions","discard","discard","discard","US Adult (new data)","Adult (4 item)","discard","discard","discard","discard","discard","Adult (4 item)","discard","discard","keep"
263,"6560","dedhe",4,"Adult",NA,NA,NA,"bracket","near","same","yes","yes",1,0,0,0,"high",1,0.96,0.97,"2D","2D","stack","iterate","iterate","stack","Stack",0.99,0.01,NA,0.01,0.97,0.02,0.02,0.02,0.02,0.97,NA,NA,NA,NA,NA,0.97,0.02,1,0.97,0.97,1.94,0.02,0.03,0.99,"bracket","near","mix","pure","learn_gen","bracket_bracket",3,3,6,3,0.98,0,"Serial-crossed",1,0.97,0.02,0.97,NA,NA,NA,NA,0.97,0.02,0.97,NA,0.97,0.97,"Center-embedded",0.972,0.014,NA,0.01,0.97,0.02,0,0.02,0.96,0.96,1,NA,"2D",NA,1,0,0,"yes","near",NA,NA,NA,NA,NA,NA,NA,"discard","Near","discard","discard","discard","discard","discard","discard","discard","Adult (Bracket)","discard","discard","discard","discard","discard","discard","discard","discard","discard","discard","discard","discard","discard","discard","discard","discard","discard","discard","discard","discard","discard","discard","Adult (2 Dimensions)","High Load","Near","Near","discard","discard","discard","discard","discard","discard","discard","discard","2 Dimensions","discard","discard","discard","US Adult (new data)","Adult (4 item)","discard","discard","discard","discard","discard","Adult (4 item)","discard","discard","keep"
264,"6561","dedhe",4,"Adult",NA,NA,NA,"bracket","near","same","yes","yes",1,0,0,0,"high",1,0.96,0.97,"2D","2D","stack","palindrome","palindrome","stack","Stack",0.99,0.01,NA,0.01,0.97,0.02,0.02,0.02,0.02,0.97,NA,NA,NA,NA,NA,0.97,0.02,2,0.97,0.97,1.94,0.02,0.03,0.99,"bracket","near","mix","pure","learn_gen","bracket_bracket",4,4,8,4,0.98,0,"Serial-crossed",1,0.97,0.02,0.97,NA,NA,NA,NA,0.97,0.02,0.97,NA,0.97,0.97,"Center-embedded",0.972,0.014,NA,0.01,0.02,0.02,0,0.97,0.96,0.96,1,NA,"2D",NA,1,0,0,"yes","near",NA,NA,NA,NA,NA,NA,NA,"discard","Near","discard","discard","discard","discard","discard","discard","discard","Adult (Bracket)","discard","discard","discard","discard","discard","discard","discard","discard","discard","discard","discard","discard","discard","discard","discard","discard","discard","discard","discard","discard","discard","discard","Adult (2 Dimensions)","High Load","Near","Near","discard","discard","discard","discard","discard","discard","discard","discard","2 Dimensions","discard","discard","discard","US Adult (new data)","Adult (4 item)","discard","discard","discard","discard","discard","Adult (4 item)","discard","discard","keep"
265,"6562","dedhe",4,"Adult",NA,NA,NA,"bracket","near","same","yes","yes",1,0,0,0,"high",1,0.96,0.97,"2D","2D","stack","palindrome","palindrome","stack","Stack",0.99,0.01,NA,0.01,0.97,0.02,0.02,0.02,0.02,0.97,NA,NA,NA,NA,NA,0.97,0.02,2,0.97,0.97,1.94,0.02,0.03,0.99,"bracket","near","mix","pure","learn_gen","bracket_bracket",3,4,7,3.5,0.98,0,"Serial-crossed",1,0.97,0.02,0.97,NA,NA,NA,NA,0.97,0.02,0.97,NA,0.97,0.97,"Center-embedded",0.972,0.014,NA,0.01,0.02,0.02,0,0.97,0.96,0.96,1,NA,"2D",NA,0.8,-1,-0.1,"yes","near",NA,NA,NA,NA,NA,NA,NA,"discard","Near","discard","discard","discard","discard","discard","discard","discard","Adult (Bracket)","discard","discard","discard","discard","discard","discard","discard","discard","discard","discard","discard","discard","discard","discard","discard","discard","discard","discard","discard","discard","discard","discard","Adult (2 Dimensions)","High Load","Near","Near","discard","discard","discard","discard","discard","discard","discard","discard","2 Dimensions","discard","discard","discard","US Adult (new data)","Adult (4 item)","discard","discard","discard","discard","discard","Adult (4 item)","discard","discard","keep"
266,"6563","dedhe",4,"Adult",NA,NA,NA,"bracket","near","same","yes","yes",1,0,0,0,"high",1,0.96,0.97,"2D","2D","stack","palindrome","palindrome","stack","Stack",0.99,0.01,NA,0.01,0.97,0.02,0.02,0.02,0.02,0.97,NA,NA,NA,NA,NA,0.97,0.02,2,0.97,0.97,1.94,0.02,0.03,0.99,"bracket","near","mix","pure","learn_gen","bracket_bracket",3,3,6,3,0.98,0,"Serial-crossed",1,0.97,0.02,0.97,NA,NA,NA,NA,0.97,0.02,0.97,NA,0.97,0.97,"Center-embedded",0.972,0.014,NA,0.01,0.02,0.02,0,0.97,0.96,0.96,1,NA,"2D",NA,1,0,0,"yes","near",NA,NA,NA,NA,NA,NA,NA,"discard","Near","discard","discard","discard","discard","discard","discard","discard","Adult (Bracket)","discard","discard","discard","discard","discard","discard","discard","discard","discard","discard","discard","discard","discard","discard","discard","discard","discard","discard","discard","discard","discard","discard","Adult (2 Dimensions)","High Load","Near","Near","discard","discard","discard","discard","discard","discard","discard","discard","2 Dimensions","discard","discard","discard","US Adult (new data)","Adult (4 item)","discard","discard","discard","discard","discard","Adult (4 item)","discard","discard","keep"
267,"6564","dedhe",4,"Adult",NA,NA,NA,"bracket","near","same","yes","yes",0.75,0.25,0,0,"high",0.75,0.73,0.8,"2D","2D","stack","iterate","iterate","stack","Stack",0.88,0.12,NA,0.03,0.97,0.02,0.02,0.07,0.1,0.83,NA,NA,NA,NA,NA,0.97,0.15,1,0.97,0.83,1.8,0.13,0.2,0.93,"bracket","near","mix","pure","learn_gen","bracket_bracket",4,17,21,10.5,0.85,0.25,"Serial-crossed",0.75,0.97,0.1,0.83,NA,NA,NA,NA,0.97,0.1,0.83,NA,0.97,0.79,"Center-embedded",0.852,0.12,NA,0.03,0.97,0.02,0,0.02,0.73,0.73,1,NA,"2D",NA,0.2,-13,-0.6,"yes","near",NA,NA,NA,NA,NA,NA,NA,"discard","Near","discard","discard","discard","discard","discard","discard","discard","Adult (Bracket)","discard","discard","discard","discard","discard","discard","discard","discard","discard","discard","discard","discard","discard","discard","discard","discard","discard","discard","discard","discard","discard","discard","Adult (2 Dimensions)","High Load","Near","Near","discard","discard","discard","discard","discard","discard","discard","discard","2 Dimensions","discard","discard","discard","US Adult (new data)","Adult (4 item)","discard","discard","discard","discard","discard","Adult (4 item)","discard","discard","keep"
268,"6566","dedhe",4,"Adult",NA,NA,NA,"bracket","near","same","yes","yes",1,0,0,0,"high",1,0.96,0.97,"2D","2D","stack","palindrome","palindrome","stack","Stack",0.99,0.01,NA,0.01,0.97,0.02,0.02,0.02,0.02,0.97,NA,NA,NA,NA,NA,0.97,0.02,2,0.97,0.97,1.94,0.02,0.03,0.99,"bracket","near","mix","pure","learn_gen","bracket_bracket",3,3,6,3,0.98,0,"Serial-crossed",1,0.97,0.02,0.97,NA,NA,NA,NA,0.97,0.02,0.97,NA,0.97,0.97,"Center-embedded",0.971,0.014,NA,0.01,0.02,0.02,0,0.97,0.96,0.96,1,NA,"2D",NA,1,0,0,"yes","near",NA,NA,NA,NA,NA,NA,NA,"discard","Near","discard","discard","discard","discard","discard","discard","discard","Adult (Bracket)","discard","discard","discard","discard","discard","discard","discard","discard","discard","discard","discard","discard","discard","discard","discard","discard","discard","discard","discard","discard","discard","discard","Adult (2 Dimensions)","High Load","Near","Near","discard","discard","discard","discard","discard","discard","discard","discard","2 Dimensions","discard","discard","discard","US Adult (new data)","Adult (4 item)","discard","discard","discard","discard","discard","Adult (4 item)","discard","discard","keep"
269,"6567","dedhe",4,"Adult",NA,NA,NA,"bracket","near","same","yes","yes",0.88,0.13,0,0,"high",1,0.89,0.92,"2D","2D","stack","iterate","iterate","stack","Stack",0.95,0.05,NA,0.02,0.97,0.02,0.02,0.03,0.04,0.92,NA,NA,NA,NA,NA,0.97,0.05,1,0.97,0.92,1.89,0.06,0.08,0.97,"bracket","near","mix","pure","learn_gen","bracket_bracket",3,3,6,3,0.95,0.13,"Serial-crossed",0.88,0.97,0.04,0.92,NA,NA,NA,NA,0.97,0.04,0.92,NA,0.97,0.92,"Center-embedded",0.934,0.044,NA,0.02,0.97,0.02,0,0.02,0.89,0.89,1,NA,"2D",NA,1,0,0,"yes","near",NA,NA,NA,NA,NA,NA,NA,"discard","Near","discard","discard","discard","discard","discard","discard","discard","Adult (Bracket)","discard","discard","discard","discard","discard","discard","discard","discard","discard","discard","discard","discard","discard","discard","discard","discard","discard","discard","discard","discard","discard","discard","Adult (2 Dimensions)","High Load","Near","Near","discard","discard","discard","discard","discard","discard","discard","discard","2 Dimensions","discard","discard","discard","US Adult (new data)","Adult (4 item)","discard","discard","discard","discard","discard","Adult (4 item)","discard","discard","keep"
270,"6568","dedhe",4,"Adult",NA,NA,NA,"bracket","near","same","yes","yes",0.88,0.13,0,0,"high",1,0.89,0.92,"2D","2D","stack","iterate","iterate","stack","Stack",0.96,0.04,NA,0.02,0.97,0.02,0.02,0.03,0.04,0.93,NA,NA,NA,NA,NA,0.97,0.05,1,0.97,0.93,1.89,0.05,0.08,0.97,"bracket","near","mix","pure","learn_gen","bracket_bracket",3,4,7,3.5,0.95,0.13,"Serial-crossed",0.88,0.97,0.04,0.93,NA,NA,NA,NA,0.97,0.04,0.93,NA,0.97,0.92,"Center-embedded",0.934,0.044,NA,0.02,0.97,0.02,0,0.02,0.89,0.89,1,NA,"2D",NA,0.8,-1,-0.1,"yes","near",NA,NA,NA,NA,NA,NA,NA,"discard","Near","discard","discard","discard","discard","discard","discard","discard","Adult (Bracket)","discard","discard","discard","discard","discard","discard","discard","discard","discard","discard","discard","discard","discard","discard","discard","discard","discard","discard","discard","discard","discard","discard","Adult (2 Dimensions)","High Load","Near","Near","discard","discard","discard","discard","discard","discard","discard","discard","2 Dimensions","discard","discard","discard","US Adult (new data)","Adult (4 item)","discard","discard","discard","discard","discard","Adult (4 item)","discard","discard","keep"
271,"6569","dedhe",4,"Adult",NA,NA,NA,"bracket","near","same","yes","yes",0.88,0.13,0,0,"high",0.875,0.89,0.92,"2D","2D","stack","iterate","iterate","stack","Stack",0.96,0.04,NA,0.02,0.97,0.02,0.02,0.03,0.04,0.93,NA,NA,NA,NA,NA,0.97,0.05,1,0.97,0.93,1.89,0.05,0.08,0.97,"bracket","near","mix","pure","learn_gen","bracket_bracket",3,3,6,3,0.95,0.13,"Serial-crossed",0.88,0.97,0.04,0.93,NA,NA,NA,NA,0.97,0.04,0.93,NA,0.97,0.92,"Center-embedded",0.935,0.043,NA,0.02,0.97,0.02,0,0.02,0.89,0.89,1,NA,"2D",NA,1,0,0,"yes","near",NA,NA,NA,NA,NA,NA,NA,"discard","Near","discard","discard","discard","discard","discard","discard","discard","Adult (Bracket)","discard","discard","discard","discard","discard","discard","discard","discard","discard","discard","discard","discard","discard","discard","discard","discard","discard","discard","discard","discard","discard","discard","Adult (2 Dimensions)","High Load","Near","Near","discard","discard","discard","discard","discard","discard","discard","discard","2 Dimensions","discard","discard","discard","US Adult (new data)","Adult (4 item)","discard","discard","discard","discard","discard","Adult (4 item)","discard","discard","keep"
272,"6570","dedhe",4,"Adult",NA,NA,NA,"bracket","near","same","yes","yes",0.88,0,0,0.13,"low",0.375,0.93,0.95,"2D","2D","stack","iterate","iterate","stack","Stack",0.98,0.02,NA,0.02,0.93,0.03,0.04,0.04,0.03,0.93,NA,NA,NA,NA,NA,0.93,0.03,1,0.93,0.93,1.85,0.03,0.05,0.98,"bracket","near","mix","pure","learn_gen","bracket_bracket",9,6,15,7.5,0.97,0,"Serial-crossed",0.88,0.93,0.03,0.93,NA,NA,NA,NA,0.93,0.03,0.93,NA,0.93,0.95,"Center-embedded",0.955,0.022,NA,0.02,0.93,0.03,0,0.04,0.93,0.93,1,NA,"2D",NA,1.5,3,0.2,"yes","near",NA,NA,NA,NA,NA,NA,NA,"discard","Near","discard","discard","discard","discard","discard","discard","discard","Adult (Bracket)","discard","discard","discard","discard","discard","discard","discard","discard","discard","discard","discard","discard","discard","discard","discard","discard","discard","discard","discard","discard","discard","discard","Adult (2 Dimensions)","High Load","Near","Near","discard","discard","discard","discard","discard","discard","discard","discard","2 Dimensions","discard","discard","discard","US Adult (new data)","Adult (4 item)","discard","discard","discard","discard","discard","Adult (4 item)","discard","discard","keep"
360,"3699","dedhe",4,"Child","round_4",64,3,"bracket","far","same","yes","yes",0.33,0.44,0,0.22,"high",0.75,0.26,0.45,"not 2D","1D","queue","iterate","iterate","iterate","Iterate",0.31,0.57,0.12,NA,0.87,0.05,0.08,0.15,0.63,0.22,NA,NA,NA,NA,NA,0.87,0.29,1,0.87,0.63,1.5,0.87,0.55,0.82,"bracket","far","mix","pure","learn_gen","bracket_bracket",3,4,7,3.5,0.71,0.44,"Serial-crossed",0.44,0.87,0.63,0.22,NA,NA,NA,NA,0.87,0.63,0.22,NA,0.87,0.49,"Serial-crossed",0.308,0.569,0.12,NA,0.87,0.05,0,0.08,0.26,0.87,0,"Child_01","iterate","F",0.8,-1,-0.1,"no","far_same",NA,NA,NA,NA,NA,NA,NA,"discard","Far (Related)","discard","discard","discard","discard","Child (4 item)","discard","Child (Bracket)","Child (Bracket)","discard","discard","discard","Human Child","discard","discard","discard","discard","discard","discard","discard","discard","discard","discard","discard","discard","discard","discard","discard","discard","discard","discard","Child (2 Dimensions)","High Load","Far (Same)","Far","discard","discard","discard","discard","discard","discard","discard","discard","2 Dimensions","Child (4 item)","discard","discard","discard","discard","discard","discard","discard","discard","discard","Child (4 item)","discard","discard","keep"
361,"3701","dedhe",4,"Child","round_4",67,3,"bracket","far","same","yes","yes",0.22,0.11,0.11,0.56,"high",0.75,0.08,0.31,"not 2D","1D","stack","iterate","iterate","iterate","Iterate",0.39,0.3,0.31,NA,0.33,0.33,0.34,0.41,0.18,0.41,NA,NA,NA,NA,NA,0.41,0.24,2,0.34,0.41,0.75,0.41,0.69,0.77,"bracket","far","mix","pure","learn_gen","bracket_bracket",13,4,17,8.5,0.76,0.11,"Serial-crossed",0.22,0.41,0.33,0.41,NA,NA,NA,NA,0.41,0.33,0.41,NA,0.41,0.42,"Center-embedded",0.388,0.302,0.31,NA,0.41,0.18,0,0.41,0.08,0.41,0,"Child_02","iterate","F",3.3,9,0.5,"no","far_same",NA,NA,NA,NA,NA,NA,NA,"discard","Far (Related)","discard","discard","discard","discard","Child (4 item)","discard","Child (Bracket)","Child (Bracket)","discard","discard","discard","Human Child","discard","discard","discard","discard","discard","discard","discard","discard","discard","discard","discard","discard","discard","discard","discard","discard","discard","discard","Child (2 Dimensions)","High Load","Far (Same)","Far","discard","discard","discard","discard","discard","discard","discard","discard","2 Dimensions","Child (4 item)","discard","discard","discard","discard","discard","discard","discard","discard","discard","Child (4 item)","discard","discard","keep"
362,"3703","dedhe",4,"Child","round_4",67,3,"bracket","far","same","yes","yes",0.22,0.11,0.33,0.33,"high",0.625,0.2,0.4,"not 2D","1D","pair","iterate","iterate","iterate","Iterate",0.29,0.22,0.49,NA,0.3,0.47,0.23,0.63,0.14,0.22,NA,NA,NA,NA,NA,0.63,0.35,2,0.47,0.63,1.11,0.63,0.6,0.8,"bracket","far","mix","pure","learn_gen","bracket_bracket",4,3,7,3.5,0.65,0.33,"Tail-recursive",0.33,0.63,0.47,0.23,NA,NA,NA,NA,0.63,0.47,0.23,NA,0.63,0.42,"Tail-recursive",0.291,0.218,0.49,NA,0.63,0.14,0,0.22,0.2,0.63,0,"Child_03","iterate","F",1.3,1,0.1,"no","far_same",NA,NA,NA,NA,NA,NA,NA,"discard","Far (Related)","discard","discard","discard","discard","Child (4 item)","discard","Child (Bracket)","Child (Bracket)","discard","discard","discard","Human Child","discard","discard","discard","discard","discard","discard","discard","discard","discard","discard","discard","discard","discard","discard","discard","discard","discard","discard","Child (2 Dimensions)","High Load","Far (Same)","Far","discard","discard","discard","discard","discard","discard","discard","discard","2 Dimensions","Child (4 item)","discard","discard","discard","discard","discard","discard","discard","discard","discard","Child (4 item)","discard","discard","keep"
363,"3705","dedhe",4,"Child","round_4",60,3,"bracket","far","same","yes","yes",0.75,0.25,0,0,"high",0.75,0.73,0.8,"2D","2D","stack","iterate","iterate","stack","Stack",0.85,0.12,0.03,NA,0.97,0.02,0.02,0.07,0.1,0.83,NA,NA,NA,NA,NA,0.97,0.15,1,0.97,0.83,1.8,0.14,0.2,0.93,"bracket","far","mix","pure","learn_gen","bracket_bracket",4,5,9,4.5,0.85,0.25,"Serial-crossed",0.75,0.97,0.1,0.83,NA,NA,NA,NA,0.97,0.1,0.83,NA,0.97,0.79,"Center-embedded",0.85,0.121,0.03,NA,0.97,0.02,0,0.02,0.73,0.73,1,"Child_04","2D","F",0.8,-1,-0.1,"yes","far_same",NA,NA,NA,NA,NA,NA,NA,"discard","Far (Related)","discard","discard","discard","discard","Child (4 item)","discard","Child (Bracket)","Child (Bracket)","discard","discard","discard","Human Child","discard","discard","discard","discard","discard","discard","discard","discard","discard","discard","discard","discard","discard","discard","discard","discard","discard","discard","Child (2 Dimensions)","High Load","Far (Same)","Far","discard","discard","discard","discard","discard","discard","discard","discard","2 Dimensions","Child (4 item)","discard","discard","discard","discard","discard","discard","discard","discard","discard","Child (4 item)","discard","discard","keep"
364,"3707","dedhe",4,"Child","round_4",56,4,"bracket","far","same","yes","yes",0.25,0,0.38,0.38,"high",0.875,0.24,0.43,"not 2D","1D","pair","iterate","iterate","iterate","Iterate",0.29,0.19,0.53,NA,0.26,0.36,0.37,0.83,0.07,0.1,NA,NA,NA,NA,NA,0.83,0.25,2,0.37,0.83,1.21,0.83,0.57,0.81,"bracket","far","mix","pure","learn_gen","bracket_bracket",9,3,12,6,0.75,0.38,"Tail-recursive",0.38,0.83,0.36,0.37,NA,NA,NA,NA,0.83,0.36,0.37,NA,0.83,0.49,"Tail-recursive",0.289,0.186,0.53,NA,0.83,0.07,0,0.1,0.24,0.83,0,"Child_05","iterate","F",3,6,0.5,"no","far_same",NA,NA,NA,NA,NA,NA,NA,"discard","Far (Related)","discard","discard","discard","discard","Child (4 item)","discard","Child (Bracket)","Child (Bracket)","discard","discard","discard","Human Child","discard","discard","discard","discard","discard","discard","discard","discard","discard","discard","discard","discard","discard","discard","discard","discard","discard","discard","Child (2 Dimensions)","High Load","Far (Same)","Far","discard","discard","discard","discard","discard","discard","discard","discard","2 Dimensions","Child (4 item)","discard","discard","discard","discard","discard","discard","discard","discard","discard","Child (4 item)","discard","discard","keep"
365,"3709","dedhe",4,"Child","round_4",43,2,"bracket","far","same","yes","yes",0.63,0.13,0,0.25,"low",0.375,0.79,0.84,"2D","2D","stack","iterate","iterate","stack","Stack",0.86,0.07,0.06,NA,0.83,0.07,0.1,0.12,0.14,0.74,NA,NA,NA,NA,NA,0.83,0.11,1,0.83,0.74,1.57,0.1,0.16,0.95,"bracket","far","mix","pure","learn_gen","bracket_bracket",5,8,13,6.5,0.89,0.13,"Serial-crossed",0.63,0.83,0.14,0.74,NA,NA,NA,NA,0.83,0.14,0.74,NA,0.83,0.84,"Center-embedded",0.864,0.074,0.06,NA,0.83,0.07,0,0.1,0.79,0.79,1,"Child_06","2D","M",0.6,-3,-0.2,"yes","far_same",NA,NA,NA,NA,NA,NA,NA,"discard","Far (Related)","discard","discard","discard","discard","Child (4 item)","discard","Child (Bracket)","Child (Bracket)","discard","discard","discard","Human Child","discard","discard","discard","discard","discard","discard","discard","discard","discard","discard","discard","discard","discard","discard","discard","discard","discard","discard","Child (2 Dimensions)","High Load","Far (Same)","Far","discard","discard","discard","discard","discard","discard","discard","discard","2 Dimensions","Child (4 item)","discard","discard","discard","discard","discard","discard","discard","discard","discard","Child (4 item)","discard","discard","keep"
366,"3711","dedhe",4,"Child","round_4",42,3,"bracket","far","same","yes","yes",0.25,0.38,0,0.38,"low",0.25,0.23,0.42,"not 2D","1D","queue","palindrome","palindrome","palindrome","Palindrome",0.27,0.5,0.23,NA,0.65,0.22,0.14,0.14,0.22,0.65,NA,NA,NA,NA,NA,0.65,0.26,2,0.65,0.65,1.29,0.65,0.58,0.81,"bracket","far","mix","pure","learn_gen","bracket_bracket",21,5,26,13,0.74,0.38,"Serial-crossed",0.38,0.65,0.22,0.65,NA,NA,NA,NA,0.65,0.22,0.65,NA,0.65,0.49,"Serial-crossed",0.269,0.502,0.23,NA,0.14,0.22,0,0.65,0.23,0.65,0,"Child_07","palindrome","F",4.2,16,0.6,"no","far_same",NA,NA,NA,NA,NA,NA,NA,"discard","Far (Related)","discard","discard","discard","discard","Child (4 item)","discard","Child (Bracket)","Child (Bracket)","discard","discard","discard","Human Child","discard","discard","discard","discard","discard","discard","discard","discard","discard","discard","discard","discard","discard","discard","discard","discard","discard","discard","Child (2 Dimensions)","High Load","Far (Same)","Far","discard","discard","discard","discard","discard","discard","discard","discard","2 Dimensions","Child (4 item)","discard","discard","discard","discard","discard","discard","discard","discard","discard","Child (4 item)","discard","discard","keep"
367,"3737","dedhe",4,"Child","round_4",63,2,"bracket","far","same","yes","yes",0.5,0.38,0,0.13,"high",0.625,0.27,0.45,"not 2D","1D","stack","iterate","iterate","iterate","Iterate",0.6,0.32,0.08,NA,0.93,0.03,0.04,0.19,0.29,0.53,NA,NA,NA,NA,NA,0.93,0.33,1,0.93,0.53,1.45,0.93,0.55,0.82,"bracket","far","mix","pure","learn_gen","bracket_bracket",4,6,10,5,0.67,0.38,"Serial-crossed",0.5,0.93,0.29,0.53,NA,NA,NA,NA,0.93,0.29,0.53,NA,0.93,0.47,"Center-embedded",0.595,0.322,0.08,NA,0.93,0.03,0,0.04,0.27,0.93,0,"Child_08","iterate","F",0.7,-2,-0.2,"no","far_same",NA,NA,NA,NA,NA,NA,NA,"discard","Far (Related)","discard","discard","discard","discard","Child (4 item)","discard","Child (Bracket)","Child (Bracket)","discard","discard","discard","Human Child","discard","discard","discard","discard","discard","discard","discard","discard","discard","discard","discard","discard","discard","discard","discard","discard","discard","discard","Child (2 Dimensions)","High Load","Far (Same)","Far","discard","discard","discard","discard","discard","discard","discard","discard","2 Dimensions","Child (4 item)","discard","discard","discard","discard","discard","discard","discard","discard","discard","Child (4 item)","discard","discard","keep"
368,"3745","dedhe",4,"Child","round_4",58,3,"bracket","far","same","yes","yes",0.5,0.13,0.25,0.13,"high",0.875,0.5,0.63,"2D","2D","stack","iterate","iterate","stack","Stack",0.69,0.12,0.19,NA,0.74,0.14,0.12,0.29,0.19,0.52,NA,NA,NA,NA,NA,0.74,0.44,1,0.74,0.52,1.26,0.25,0.37,0.88,"bracket","far","mix","pure","learn_gen","bracket_bracket",6,3,9,4.5,0.56,0.25,"Tail-recursive",0.5,0.74,0.19,0.52,NA,NA,NA,NA,0.74,0.19,0.52,NA,0.74,0.53,"Center-embedded",0.693,0.117,0.19,NA,0.74,0.14,0,0.12,0.5,0.5,1,"Child_09","2D","M",2,3,0.3,"yes","far_same",NA,NA,NA,NA,NA,NA,NA,"discard","Far (Related)","discard","discard","discard","discard","Child (4 item)","discard","Child (Bracket)","Child (Bracket)","discard","discard","discard","Human Child","discard","discard","discard","discard","discard","discard","discard","discard","discard","discard","discard","discard","discard","discard","discard","discard","discard","discard","Child (2 Dimensions)","High Load","Far (Same)","Far","discard","discard","discard","discard","discard","discard","discard","discard","2 Dimensions","Child (4 item)","discard","discard","discard","discard","discard","discard","discard","discard","discard","Child (4 item)","discard","discard","keep"
369,"3747","dedhe",4,"Child","round_4",69,3,"bracket","far","same","yes","yes",0,0.13,0.5,0.38,"high",0.5,0.65,0.74,"2D","2D","pair","iterate","iterate","pair","Pair",0.11,0.12,0.77,NA,0.19,0.52,0.3,0.93,0.04,0.03,NA,NA,NA,NA,NA,0.93,0.16,2,0.52,0.93,1.44,0.18,0.26,0.91,"bracket","far","mix","pure","learn_gen","bracket_bracket",4,8,12,6,0.84,0.5,"Tail-recursive",0.5,0.93,0.52,0.3,NA,NA,NA,NA,0.93,0.52,0.3,NA,0.93,0.74,"Tail-recursive",0.111,0.12,0.77,NA,0.93,0.04,0,0.03,0.11,0.65,0,"Child_10","2D","F",0.5,-4,-0.3,"no","far_same",NA,NA,NA,NA,NA,NA,NA,"discard","Far (Related)","discard","discard","discard","discard","Child (4 item)","discard","Child (Bracket)","Child (Bracket)","discard","discard","discard","Human Child","discard","discard","discard","discard","discard","discard","discard","discard","discard","discard","discard","discard","discard","discard","discard","discard","discard","discard","Child (2 Dimensions)","High Load","Far (Same)","Far","discard","discard","discard","discard","discard","discard","discard","discard","2 Dimensions","Child (4 item)","discard","discard","discard","discard","discard","discard","discard","discard","discard","Child (4 item)","discard","discard","keep"
370,"3749","dedhe",4,"Child","round_4",65,3,"bracket","far","same","yes","yes",0.33,0.44,0.11,0.11,"high",0.5,0.27,0.45,"not 2D","1D","queue","iterate","iterate","iterate","Iterate",0.31,0.58,0.11,NA,0.9,0.05,0.05,0.15,0.64,0.22,NA,NA,NA,NA,NA,0.9,0.53,1,0.9,0.64,1.54,0.9,0.55,0.82,"bracket","far","mix","pure","learn_gen","bracket_bracket",5,8,13,6.5,0.47,0.44,"Serial-crossed",0.44,0.9,0.64,0.22,NA,NA,NA,NA,0.9,0.64,0.22,NA,0.9,0.37,"Serial-crossed",0.311,0.576,0.11,NA,0.9,0.05,0,0.05,0.27,0.9,0,"Child_11","iterate","F",0.6,-3,-0.2,"no","far_same",NA,NA,NA,NA,NA,NA,NA,"discard","Far (Related)","discard","discard","discard","discard","Child (4 item)","discard","Child (Bracket)","Child (Bracket)","discard","discard","discard","Human Child","discard","discard","discard","discard","discard","discard","discard","discard","discard","discard","discard","discard","discard","discard","discard","discard","discard","discard","Child (2 Dimensions)","High Load","Far (Same)","Far","discard","discard","discard","discard","discard","discard","discard","discard","2 Dimensions","Child (4 item)","discard","discard","discard","discard","discard","discard","discard","discard","discard","Child (4 item)","discard","discard","keep"
371,"3758","dedhe",4,"Child","round_4",55,2,"bracket","far","same","yes","yes",0.11,0.56,0,0.33,"high",0.75,0.74,0.8,"2D","2D","queue","iterate","iterate","queue","Queue",0.09,0.82,0.09,NA,0.81,0.1,0.09,0.1,0.73,0.17,NA,NA,NA,NA,NA,0.81,0.12,1,0.81,0.73,1.54,0.13,0.2,0.93,"bracket","far","mix","pure","learn_gen","bracket_bracket",3,3,6,3,0.88,0.56,"Serial-crossed",0.56,0.81,0.73,0.17,NA,NA,NA,NA,0.81,0.73,0.17,NA,0.81,0.81,"Serial-crossed",0.086,0.824,0.09,NA,0.81,0.1,0,0.09,0.09,0.74,0,"Child_12","2D","F",1,0,0,"no","far_same",NA,NA,NA,NA,NA,NA,NA,"discard","Far (Related)","discard","discard","discard","discard","Child (4 item)","discard","Child (Bracket)","Child (Bracket)","discard","discard","discard","Human Child","discard","discard","discard","discard","discard","discard","discard","discard","discard","discard","discard","discard","discard","discard","discard","discard","discard","discard","Child (2 Dimensions)","High Load","Far (Same)","Far","discard","discard","discard","discard","discard","discard","discard","discard","2 Dimensions","Child (4 item)","discard","discard","discard","discard","discard","discard","discard","discard","discard","Child (4 item)","discard","discard","keep"
372,"3766","dedhe",4,"Child","round_4",52,2,"bracket","far","same","yes","yes",0,0,0.25,0.75,"low",0.375,0.5,0.63,"2D","2D","pair","iterate","iterate","pair","Pair",0.16,0.17,0.67,NA,0.07,0.1,0.83,0.97,0.02,0.02,NA,NA,NA,NA,NA,0.97,0.14,2,0.83,0.97,1.8,0.25,0.37,0.88,"bracket","far","mix","pure","learn_gen","bracket_bracket",20,18,38,19,0.86,0.25,"Tail-recursive",0.25,0.97,0.1,0.83,NA,NA,NA,NA,0.97,0.1,0.83,NA,0.97,0.68,"Tail-recursive",0.164,0.167,0.67,NA,0.97,0.02,0,0.02,0.16,0.5,0,"Child_13","2D","F",1.1,2,0.1,"no","far_same",NA,NA,NA,NA,NA,NA,NA,"discard","Far (Related)","discard","discard","discard","discard","Child (4 item)","discard","Child (Bracket)","Child (Bracket)","discard","discard","discard","Human Child","discard","discard","discard","discard","discard","discard","discard","discard","discard","discard","discard","discard","discard","discard","discard","discard","discard","discard","Child (2 Dimensions)","High Load","Far (Same)","Far","discard","discard","discard","discard","discard","discard","discard","discard","2 Dimensions","Child (4 item)","discard","discard","discard","discard","discard","discard","discard","discard","discard","Child (4 item)","discard","discard","keep"
373,"3776","dedhe",4,"Child","round_4",58,1,"bracket","far","same","yes","yes",0.25,0.38,0.13,0.25,"low",0,0.24,0.43,"not 2D","1D","queue","iterate","iterate","iterate","Iterate",0.28,0.52,0.2,NA,0.65,0.21,0.14,0.18,0.29,0.53,NA,NA,NA,NA,NA,0.65,0.41,1,0.65,0.53,1.18,0.65,0.57,0.81,"bracket","far","mix","pure","learn_gen","bracket_bracket",22,6,28,14,0.59,0.38,"Serial-crossed",0.38,0.65,0.29,0.53,NA,NA,NA,NA,0.65,0.29,0.53,NA,0.65,0.42,"Serial-crossed",0.278,0.518,0.2,NA,0.65,0.21,0,0.14,0.24,0.65,0,"Child_14","iterate","F",3.7,16,0.6,"no","far_same",NA,NA,NA,NA,NA,NA,NA,"discard","Far (Related)","discard","discard","discard","discard","Child (4 item)","discard","Child (Bracket)","Child (Bracket)","discard","discard","discard","Human Child","discard","discard","discard","discard","discard","discard","discard","discard","discard","discard","discard","discard","discard","discard","discard","discard","discard","discard","Child (2 Dimensions)","High Load","Far (Same)","Far","discard","discard","discard","discard","discard","discard","discard","discard","2 Dimensions","Child (4 item)","discard","discard","discard","discard","discard","discard","discard","discard","discard","Child (4 item)","discard","discard","keep"
374,"3778","dedhe",4,"Child","round_4",61,4,"bracket","far","same","yes","yes",0.22,0.11,0.11,0.56,"low",0.375,0.08,0.31,"not 2D","1D","stack","palindrome","palindrome","palindrome","Palindrome",0.39,0.3,0.31,NA,0.33,0.33,0.34,0.41,0.18,0.42,NA,NA,NA,NA,NA,0.42,0.25,2,0.34,0.42,0.76,0.42,0.69,0.77,"bracket","far","mix","pure","learn_gen","bracket_bracket",6,21,27,13.5,0.75,0.11,"Serial-crossed",0.22,0.41,0.33,0.42,NA,NA,NA,NA,0.41,0.33,0.42,NA,0.42,0.42,"Center-embedded",0.393,0.299,0.31,NA,0.41,0.18,0,0.42,0.08,0.42,0,"Child_15","palindrome","M",0.3,-15,-0.6,"no","far_same",NA,NA,NA,NA,NA,NA,NA,"discard","Far (Related)","discard","discard","discard","discard","Child (4 item)","discard","Child (Bracket)","Child (Bracket)","discard","discard","discard","Human Child","discard","discard","discard","discard","discard","discard","discard","discard","discard","discard","discard","discard","discard","discard","discard","discard","discard","discard","Child (2 Dimensions)","High Load","Far (Same)","Far","discard","discard","discard","discard","discard","discard","discard","discard","2 Dimensions","Child (4 item)","discard","discard","discard","discard","discard","discard","discard","discard","discard","Child (4 item)","discard","discard","keep"
375,"3780","dedhe",4,"Child","round_4",63,1,"bracket","far","same","yes","yes",0.33,0.11,0.11,0.44,"low",0.125,0.28,0.46,"not 2D","1D","stack","palindrome","palindrome","palindrome","Palindrome",0.52,0.24,0.24,NA,0.4,0.18,0.41,0.34,0.33,0.33,NA,NA,NA,NA,NA,0.41,0.26,1,0.41,0.34,0.75,0.41,0.54,0.82,"bracket","far","mix","pure","learn_gen","bracket_bracket",19,18,37,18.5,0.74,0.11,"Serial-crossed",0.33,0.4,0.33,0.41,NA,NA,NA,NA,0.4,0.33,0.41,NA,0.41,0.51,"Center-embedded",0.523,0.24,0.24,NA,0.4,0.18,0,0.41,0.28,0.41,0,"Child_16","palindrome","F",1.1,1,0,"no","far_same",NA,NA,NA,NA,NA,NA,NA,"discard","Far (Related)","discard","discard","discard","discard","Child (4 item)","discard","Child (Bracket)","Child (Bracket)","discard","discard","discard","Human Child","discard","discard","discard","discard","discard","discard","discard","discard","discard","discard","discard","discard","discard","discard","discard","discard","discard","discard","Child (2 Dimensions)","High Load","Far (Same)","Far","discard","discard","discard","discard","discard","discard","discard","discard","2 Dimensions","Child (4 item)","discard","discard","discard","discard","discard","discard","discard","discard","discard","Child (4 item)","discard","discard","keep"
376,"3782","dedhe",4,"Child","round_4",46,1,"bracket","far","same","yes","yes",0.22,0.11,0.22,0.44,"low",0,0.01,0.25,"not 2D","1D","pair","palindrome","palindrome","palindrome","Palindrome",0.35,0.29,0.36,NA,0.29,0.22,0.49,0.29,0.47,0.23,NA,NA,NA,NA,NA,0.49,0.31,1,0.49,0.47,0.96,0.49,0.75,0.75,"bracket","far","mix","pure","learn_gen","bracket_bracket",10,5,15,7.5,0.69,0.22,"Tail-recursive",0.22,0.29,0.47,0.49,NA,NA,NA,NA,0.29,0.47,0.49,NA,0.49,0.35,"Center-embedded",0.353,0.289,0.36,NA,0.29,0.22,0,0.49,0.01,0.49,0,"Child_17","palindrome","F",2,5,0.3,"no","far_same",NA,NA,NA,NA,NA,NA,NA,"discard","Far (Related)","discard","discard","discard","discard","Child (4 item)","discard","Child (Bracket)","Child (Bracket)","discard","discard","discard","Human Child","discard","discard","discard","discard","discard","discard","discard","discard","discard","discard","discard","discard","discard","discard","discard","discard","discard","discard","Child (2 Dimensions)","High Load","Far (Same)","Far","discard","discard","discard","discard","discard","discard","discard","discard","2 Dimensions","Child (4 item)","discard","discard","discard","discard","discard","discard","discard","discard","discard","Child (4 item)","discard","discard","keep"
377,"3795","dedhe",4,"Child","round_4",64,4,"bracket","far","same","yes","yes",0.5,0.5,0,0,"low",0.25,0,0.25,"not 2D","1D","stack","iterate","iterate","iterate","Iterate",0.48,0.48,0.04,NA,0.97,0.02,0.02,0.18,0.41,0.41,NA,NA,NA,NA,NA,0.97,0.4,1,0.97,0.41,1.38,0.97,0.75,0.75,"bracket","far","mix","pure","learn_gen","bracket_bracket",12,5,17,8.5,0.6,0.5,"Serial-crossed",0.5,0.97,0.41,0.41,NA,NA,NA,NA,0.97,0.41,0.41,NA,0.97,0.3,"Center-embedded",0.483,0.479,0.04,NA,0.97,0.02,0,0.02,0,0.97,0,"Child_18","iterate","M",2.4,7,0.4,"no","far_same",NA,NA,NA,NA,NA,NA,NA,"discard","Far (Related)","discard","discard","discard","discard","Child (4 item)","discard","Child (Bracket)","Child (Bracket)","discard","discard","discard","Human Child","discard","discard","discard","discard","discard","discard","discard","discard","discard","discard","discard","discard","discard","discard","discard","discard","discard","discard","Child (2 Dimensions)","High Load","Far (Same)","Far","discard","discard","discard","discard","discard","discard","discard","discard","2 Dimensions","Child (4 item)","discard","discard","discard","discard","discard","discard","discard","discard","discard","Child (4 item)","discard","discard","keep"
378,"3801","dedhe",4,"Child","round_4",51,1,"bracket","far","same","yes","yes",0,0.25,0.25,0.5,"low",0.25,0,0.25,"not 2D","1D","queue","iterate","iterate","iterate","Iterate",0.27,0.37,0.37,NA,0.26,0.26,0.47,0.7,0.15,0.15,NA,NA,NA,NA,NA,0.7,0.26,2,0.47,0.7,1.17,0.7,0.75,0.75,"bracket","far","mix","pure","learn_gen","bracket_bracket",10,12,22,11,0.74,0.25,"Serial-crossed",0.25,0.7,0.26,0.47,NA,NA,NA,NA,0.7,0.26,0.47,NA,0.7,0.37,"Serial-crossed",0.266,0.369,0.37,NA,0.7,0.15,0,0.15,0.1,0.7,0,"Child_19","iterate","F",0.8,-2,-0.1,"no","far_same",NA,NA,NA,NA,NA,NA,NA,"discard","Far (Related)","discard","discard","discard","discard","Child (4 item)","discard","Child (Bracket)","Child (Bracket)","discard","discard","discard","Human Child","discard","discard","discard","discard","discard","discard","discard","discard","discard","discard","discard","discard","discard","discard","discard","discard","discard","discard","Child (2 Dimensions)","High Load","Far (Same)","Far","discard","discard","discard","discard","discard","discard","discard","discard","2 Dimensions","Child (4 item)","discard","discard","discard","discard","discard","discard","discard","discard","discard","Child (4 item)","discard","discard","keep"
379,"3803","dedhe",4,"Child","round_4",71,3,"bracket","far","same","yes","yes",0.67,0.33,0,0,"low",0.25,0.51,0.64,"2D","2D","stack","iterate","iterate","stack","Stack",0.74,0.23,0.03,NA,0.97,0.01,0.01,0.1,0.17,0.73,NA,NA,NA,NA,NA,0.97,0.23,1,0.97,0.73,1.7,0.24,0.36,0.88,"bracket","far","mix","pure","learn_gen","bracket_bracket",41,21,62,31,0.77,0.33,"Serial-crossed",0.67,0.97,0.17,0.73,NA,NA,NA,NA,0.97,0.17,0.73,NA,0.97,0.64,"Center-embedded",0.744,0.229,0.03,NA,0.97,0.01,0,0.01,0.51,0.51,1,"Child_20","2D","M",2,20,0.3,"yes","far_same",NA,NA,NA,NA,NA,NA,NA,"discard","Far (Related)","discard","discard","discard","discard","Child (4 item)","discard","Child (Bracket)","Child (Bracket)","discard","discard","discard","Human Child","discard","discard","discard","discard","discard","discard","discard","discard","discard","discard","discard","discard","discard","discard","discard","discard","discard","discard","Child (2 Dimensions)","High Load","Far (Same)","Far","discard","discard","discard","discard","discard","discard","discard","discard","2 Dimensions","Child (4 item)","discard","discard","discard","discard","discard","discard","discard","discard","discard","Child (4 item)","discard","discard","keep"
380,"3834","dedhe",4,"Child","round_4",55,3,"bracket","far","same","yes","yes",0.13,0.25,0,0.63,"low",0.125,0.01,0.26,"not 2D","1D","queue","alternate","seriate","alternate","Seriate",0.28,0.37,0.35,NA,0.22,0.14,0.65,0.06,0.87,0.07,NA,NA,NA,NA,NA,0.87,0.19,2,0.65,0.87,1.51,0.87,0.74,0.75,"bracket","far","mix","pure","learn_gen","bracket_bracket",10,3,13,6.5,0.81,0.25,"Serial-crossed",0.25,0.22,0.87,0.65,NA,NA,NA,NA,0.22,0.87,0.65,NA,0.87,0.41,"Serial-crossed",0.282,0.366,0.35,NA,0.06,0.87,0,0.07,0.08,0.87,0,"Child_21","alternate","M",3.3,7,0.5,"no","far_same",NA,NA,NA,NA,NA,NA,NA,"discard","Far (Related)","discard","discard","discard","discard","Child (4 item)","discard","Child (Bracket)","Child (Bracket)","discard","discard","discard","Human Child","discard","discard","discard","discard","discard","discard","discard","discard","discard","discard","discard","discard","discard","discard","discard","discard","discard","discard","Child (2 Dimensions)","High Load","Far (Same)","Far","discard","discard","discard","discard","discard","discard","discard","discard","2 Dimensions","Child (4 item)","discard","discard","discard","discard","discard","discard","discard","discard","discard","Child (4 item)","discard","discard","keep"
381,"3846","dedhe",4,"Child","round_4",53,4,"bracket","far","same","yes","yes",0,0.11,0.56,0.33,"low",0.125,0.75,0.81,"2D","2D","pair","iterate","iterate","pair","Pair",0.08,0.08,0.83,NA,0.09,0.8,0.11,0.9,0.05,0.05,NA,NA,NA,NA,NA,0.9,0.12,2,0.8,0.9,1.7,0.13,0.19,0.94,"bracket","far","mix","pure","learn_gen","bracket_bracket",5,26,31,15.5,0.88,0.56,"Tail-recursive",0.56,0.9,0.8,0.11,NA,NA,NA,NA,0.9,0.8,0.11,NA,0.9,0.81,"Tail-recursive",0.085,0.084,0.83,NA,0.9,0.05,0,0.05,0.08,0.75,0,"Child_22","2D","M",0.2,-21,-0.7,"no","far_same",NA,NA,NA,NA,NA,NA,NA,"discard","Far (Related)","discard","discard","discard","discard","Child (4 item)","discard","Child (Bracket)","Child (Bracket)","discard","discard","discard","Human Child","discard","discard","discard","discard","discard","discard","discard","discard","discard","discard","discard","discard","discard","discard","discard","discard","discard","discard","Child (2 Dimensions)","High Load","Far (Same)","Far","discard","discard","discard","discard","discard","discard","discard","discard","2 Dimensions","Child (4 item)","discard","discard","discard","discard","discard","discard","discard","discard","discard","Child (4 item)","discard","discard","keep"
382,"4323","dedhe",4,"Child","round_4",66,2,"bracket","far","same","yes","yes",0.25,0.13,0,0.63,"high",0.75,0,0.25,"not 2D","1D","stack","palindrome","palindrome","palindrome","Palindrome",0.37,0.27,0.36,NA,0.3,0.18,0.52,0.19,0.51,0.3,NA,NA,NA,NA,NA,0.52,0.19,1,0.52,0.51,1.03,0.52,0.75,0.75,"bracket","far","mix","pure","learn_gen","bracket_bracket",17,5,22,11,0.81,0.13,"Serial-crossed",0.25,0.3,0.51,0.52,NA,NA,NA,NA,0.3,0.51,0.52,NA,0.52,0.41,"Center-embedded",0.366,0.272,0.36,NA,0.3,0.18,0,0.52,0,0.52,0,"Child_23","palindrome","M",3.4,12,0.5,"no","far_same",NA,NA,NA,NA,NA,NA,NA,"discard","Far (Related)","discard","discard","discard","discard","Child (4 item)","discard","Child (Bracket)","Child (Bracket)","discard","discard","discard","Human Child","discard","discard","discard","discard","discard","discard","discard","discard","discard","discard","discard","discard","discard","discard","discard","discard","discard","discard","Child (2 Dimensions)","High Load","Far (Same)","Far","discard","discard","discard","discard","discard","discard","discard","discard","2 Dimensions","Child (4 item)","discard","discard","discard","discard","discard","discard","discard","discard","discard","Child (4 item)","discard","discard","keep"
383,"4325","dedhe",4,"Child","round_4",66,4,"bracket","far","same","yes","yes",0.13,0.63,0,0.25,"high",0.5,0.78,0.83,"2D","2D","queue","iterate","iterate","queue","Queue",0.08,0.86,0.07,NA,0.87,0.06,0.06,0.07,0.83,0.1,NA,NA,NA,NA,NA,0.87,0.11,1,0.87,0.83,1.71,0.11,0.17,0.94,"bracket","far","mix","pure","learn_gen","bracket_bracket",15,14,29,14.5,0.89,0.63,"Serial-crossed",0.63,0.87,0.83,0.1,NA,NA,NA,NA,0.87,0.83,0.1,NA,0.87,0.83,"Serial-crossed",0.079,0.856,0.07,NA,0.87,0.06,0,0.06,0.08,0.78,0,"Child_24","2D","M",1.1,1,0,"no","far_same",NA,NA,NA,NA,NA,NA,NA,"discard","Far (Related)","discard","discard","discard","discard","Child (4 item)","discard","Child (Bracket)","Child (Bracket)","discard","discard","discard","Human Child","discard","discard","discard","discard","discard","discard","discard","discard","discard","discard","discard","discard","discard","discard","discard","discard","discard","discard","Child (2 Dimensions)","High Load","Far (Same)","Far","discard","discard","discard","discard","discard","discard","discard","discard","2 Dimensions","Child (4 item)","discard","discard","discard","discard","discard","discard","discard","discard","discard","Child (4 item)","discard","discard","keep"
384,"4327","dedhe",4,"Child","round_4",52,3,"bracket","far","same","yes","yes",0.22,0.44,0.22,0.11,"low",0.25,0.44,0.58,"2D","2D","queue","iterate","iterate","queue","Queue",0.19,0.63,0.19,NA,0.73,0.17,0.1,0.22,0.48,0.29,NA,NA,NA,NA,NA,0.73,0.59,1,0.73,0.48,1.21,0.28,0.42,0.86,"bracket","far","mix","pure","learn_gen","bracket_bracket",5,23,28,14,0.41,0.44,"Serial-crossed",0.44,0.73,0.48,0.29,NA,NA,NA,NA,0.73,0.48,0.29,NA,0.73,0.43,"Serial-crossed",0.187,0.626,0.19,NA,0.73,0.17,0,0.1,0.19,0.44,0,"Child_25","2D","M",0.2,-18,-0.6,"no","far_same",NA,NA,NA,NA,NA,NA,NA,"discard","Far (Related)","discard","discard","discard","discard","Child (4 item)","discard","Child (Bracket)","Child (Bracket)","discard","discard","discard","Human Child","discard","discard","discard","discard","discard","discard","discard","discard","discard","discard","discard","discard","discard","discard","discard","discard","discard","discard","Child (2 Dimensions)","High Load","Far (Same)","Far","discard","discard","discard","discard","discard","discard","discard","discard","2 Dimensions","Child (4 item)","discard","discard","discard","discard","discard","discard","discard","discard","discard","Child (4 item)","discard","discard","keep"
385,"4329","dedhe",4,"Child","round_4",53,2,"bracket","far","same","yes","yes",0.22,0.78,0,0,"high",0.5,0.77,0.83,"2D","2D","queue","iterate","iterate","queue","Queue",0.1,0.87,0.02,NA,0.97,0.01,0.01,0.05,0.87,0.08,NA,NA,NA,NA,NA,0.97,0.11,1,0.97,0.87,1.84,0.11,0.17,0.94,"bracket","far","mix","pure","learn_gen","bracket_bracket",7,5,12,6,0.89,0.78,"Serial-crossed",0.78,0.97,0.87,0.08,NA,NA,NA,NA,0.97,0.87,0.08,NA,0.97,0.83,"Serial-crossed",0.101,0.874,0.02,NA,0.97,0.01,0,0.01,0.1,0.77,0,"Child_26","2D","M",1.4,2,0.2,"no","far_same",NA,NA,NA,NA,NA,NA,NA,"discard","Far (Related)","discard","discard","discard","discard","Child (4 item)","discard","Child (Bracket)","Child (Bracket)","discard","discard","discard","Human Child","discard","discard","discard","discard","discard","discard","discard","discard","discard","discard","discard","discard","discard","discard","discard","discard","discard","discard","Child (2 Dimensions)","High Load","Far (Same)","Far","discard","discard","discard","discard","discard","discard","discard","discard","2 Dimensions","Child (4 item)","discard","discard","discard","discard","discard","discard","discard","discard","discard","Child (4 item)","discard","discard","keep"
386,"4331","dedhe",4,"Child","round_4",52,1,"bracket","far","same","yes","yes",0.25,0.63,0,0.13,"high",0.5,0.67,0.76,"2D","2D","queue","iterate","iterate","queue","Queue",0.14,0.81,0.05,NA,0.93,0.03,0.04,0.12,0.73,0.14,NA,NA,NA,NA,NA,0.93,0.19,1,0.93,0.73,1.66,0.16,0.24,0.92,"bracket","far","mix","pure","learn_gen","bracket_bracket",12,12,24,12,0.81,0.63,"Serial-crossed",0.63,0.93,0.73,0.14,NA,NA,NA,NA,0.93,0.73,0.14,NA,0.93,0.74,"Serial-crossed",0.136,0.811,0.05,NA,0.93,0.03,0,0.04,0.14,0.67,0,"Child_27","2D","F",1,0,0,"no","far_same",NA,NA,NA,NA,NA,NA,NA,"discard","Far (Related)","discard","discard","discard","discard","Child (4 item)","discard","Child (Bracket)","Child (Bracket)","discard","discard","discard","Human Child","discard","discard","discard","discard","discard","discard","discard","discard","discard","discard","discard","discard","discard","discard","discard","discard","discard","discard","Child (2 Dimensions)","High Load","Far (Same)","Far","discard","discard","discard","discard","discard","discard","discard","discard","2 Dimensions","Child (4 item)","discard","discard","discard","discard","discard","discard","discard","discard","discard","Child (4 item)","discard","discard","keep"
387,"4333","dedhe",4,"Child","round_4",63,2,"bracket","far","same","yes","yes",0.44,0,0.56,0,"high",0.5,0.17,0.38,"not 2D","1D","pair","alternate","seriate","alternate","Seriate",0.4,0.03,0.57,NA,0.31,0.53,0.16,0.52,0.15,0.32,NA,NA,NA,NA,NA,0.53,0.34,1,0.53,0.52,1.05,0.53,0.62,0.79,"bracket","far","mix","pure","learn_gen","bracket_bracket",4,11,15,7.5,0.66,0.56,"Tail-recursive",0.56,0.52,0.53,0.32,NA,NA,NA,NA,0.52,0.53,0.32,NA,0.53,0.41,"Tail-recursive",0.4,0.028,0.57,NA,0.31,0.53,0,0.16,0.17,0.53,0,"Child_28","alternate","M",0.4,-7,-0.5,"no","far_same",NA,NA,NA,NA,NA,NA,NA,"discard","Far (Related)","discard","discard","discard","discard","Child (4 item)","discard","Child (Bracket)","Child (Bracket)","discard","discard","discard","Human Child","discard","discard","discard","discard","discard","discard","discard","discard","discard","discard","discard","discard","discard","discard","discard","discard","discard","discard","Child (2 Dimensions)","High Load","Far (Same)","Far","discard","discard","discard","discard","discard","discard","discard","discard","2 Dimensions","Child (4 item)","discard","discard","discard","discard","discard","discard","discard","discard","discard","Child (4 item)","discard","discard","keep"
388,"1_1","dedhe",4,"Child","round_4",71,4,"bracket","far","same","yes","yes",0,0,0.78,0.22,"low",0.125,0.92,0.94,"2D","2D","pair","iterate","iterate","pair","Pair",0.03,0.03,0.95,NA,0.05,0.87,0.08,0.97,0.01,0.01,NA,NA,NA,NA,NA,0.97,0.04,2,0.87,0.97,1.84,0.04,0.06,0.98,"bracket","far","mix","pure","learn_gen","bracket_bracket",12,7,19,9.5,0.96,0.78,"Tail-recursive",0.78,0.97,0.87,0.08,NA,NA,NA,NA,0.97,0.87,0.08,NA,0.97,0.94,"Tail-recursive",0.026,0.027,0.95,NA,0.97,0.01,0,0.01,0.03,0.92,0,"Child_29","2D","F",1.7,5,0.3,"no","far_same",NA,NA,NA,NA,NA,NA,NA,"discard","Far (Related)","discard","discard","discard","discard","Child (4 item)","discard","Child (Bracket)","Child (Bracket)","discard","discard","discard","Human Child","discard","discard","discard","discard","discard","discard","discard","discard","discard","discard","discard","discard","discard","discard","discard","discard","discard","discard","Child (2 Dimensions)","High Load","Far (Same)","Far","discard","discard","discard","discard","discard","discard","discard","discard","2 Dimensions","Child (4 item)","discard","discard","discard","discard","discard","discard","discard","discard","discard","Child (4 item)","discard","discard","keep"
389,"2_1","dedhe",4,"Child","round_4",76,4,"bracket","far","same","yes","yes",0,0,0.44,0.56,"low",0.25,0.81,0.86,"2D","2D","pair","iterate","iterate","pair","Pair",0.06,0.06,0.87,NA,0.16,0.31,0.52,0.97,0.01,0.01,NA,NA,NA,NA,NA,0.97,0.12,2,0.52,0.97,1.5,0.1,0.14,0.95,"bracket","far","mix","pure","learn_gen","bracket_bracket",8,12,20,10,0.88,0.44,"Tail-recursive",0.44,0.97,0.31,0.52,NA,NA,NA,NA,0.97,0.31,0.52,NA,0.97,0.85,"Tail-recursive",0.064,0.063,0.87,NA,0.97,0.01,0,0.01,0.06,0.81,0,"Child_30","2D","M",0.7,-4,-0.2,"no","far_same",NA,NA,NA,NA,NA,NA,NA,"discard","Far (Related)","discard","discard","discard","discard","Child (4 item)","discard","Child (Bracket)","Child (Bracket)","discard","discard","discard","Human Child","discard","discard","discard","discard","discard","discard","discard","discard","discard","discard","discard","discard","discard","discard","discard","discard","discard","discard","Child (2 Dimensions)","High Load","Far (Same)","Far","discard","discard","discard","discard","discard","discard","discard","discard","2 Dimensions","Child (4 item)","discard","discard","discard","discard","discard","discard","discard","discard","discard","Child (4 item)","discard","discard","keep"
390,"4_1","dedhe",4,"Child","round_4",73,2,"bracket","far","same","yes","yes",0,0,0.67,0.33,"low",0.125,0.9,0.92,"2D","2D","pair","iterate","iterate","pair","Pair",0.03,0.03,0.93,NA,0.1,0.73,0.17,0.97,0.01,0.01,NA,NA,NA,NA,NA,0.97,0.05,2,0.73,0.97,1.7,0.05,0.08,0.97,"bracket","far","mix","pure","learn_gen","bracket_bracket",11,4,15,7.5,0.95,0.67,"Tail-recursive",0.67,0.97,0.73,0.17,NA,NA,NA,NA,0.97,0.73,0.17,NA,0.97,0.92,"Tail-recursive",0.034,0.035,0.93,NA,0.97,0.01,0,0.01,0.03,0.9,0,"Child_31","2D","F",2.8,7,0.5,"no","far_same",NA,NA,NA,NA,NA,NA,NA,"discard","Far (Related)","discard","discard","discard","discard","Child (4 item)","discard","Child (Bracket)","Child (Bracket)","discard","discard","discard","Human Child","discard","discard","discard","discard","discard","discard","discard","discard","discard","discard","discard","discard","discard","discard","discard","discard","discard","discard","Child (2 Dimensions)","High Load","Far (Same)","Far","discard","discard","discard","discard","discard","discard","discard","discard","2 Dimensions","Child (4 item)","discard","discard","discard","discard","discard","discard","discard","discard","discard","Child (4 item)","discard","discard","keep"
391,"5_1","dedhe",4,"Child","round_4",68,4,"bracket","far","same","yes","yes",0.13,0.13,0.25,0.5,"low",0.375,0.15,0.37,"not 2D","1D","pair","iterate","iterate","iterate","Iterate",0.28,0.28,0.44,NA,0.22,0.22,0.57,0.87,0.06,0.07,NA,NA,NA,NA,NA,0.87,0.27,2,0.57,0.87,1.44,0.87,0.63,0.79,"bracket","far","mix","pure","learn_gen","bracket_bracket",22,25,47,23.5,0.73,0.25,"Tail-recursive",0.25,0.87,0.22,0.57,NA,NA,NA,NA,0.87,0.22,0.57,NA,0.87,0.44,"Tail-recursive",0.284,0.278,0.44,NA,0.87,0.06,0,0.07,0.15,0.87,0,"Child_32","iterate","M",0.9,-3,-0.1,"no","far_same",NA,NA,NA,NA,NA,NA,NA,"discard","Far (Related)","discard","discard","discard","discard","Child (4 item)","discard","Child (Bracket)","Child (Bracket)","discard","discard","discard","Human Child","discard","discard","discard","discard","discard","discard","discard","discard","discard","discard","discard","discard","discard","discard","discard","discard","discard","discard","Child (2 Dimensions)","High Load","Far (Same)","Far","discard","discard","discard","discard","discard","discard","discard","discard","2 Dimensions","Child (4 item)","discard","discard","discard","discard","discard","discard","discard","discard","discard","Child (4 item)","discard","discard","keep"
392,"6_1","dedhe",4,"Child","round_4",67,2,"bracket","far","same","yes","yes",0.33,0.22,0.22,0.22,"low",0.125,0.19,0.39,"not 2D","1D","stack","iterate","iterate","iterate","Iterate",0.46,0.27,0.27,NA,0.68,0.16,0.16,0.33,0.33,0.34,NA,NA,NA,NA,NA,0.68,0.49,1,0.68,0.34,1.02,0.68,0.61,0.8,"bracket","far","mix","pure","learn_gen","bracket_bracket",29,10,39,19.5,0.51,0.22,"Serial-crossed",0.33,0.68,0.33,0.34,NA,NA,NA,NA,0.68,0.33,0.34,NA,0.68,0.35,"Center-embedded",0.461,0.27,0.27,NA,0.68,0.16,0,0.16,0.19,0.68,0,"Child_33","iterate","F",2.9,19,0.5,"no","far_same",NA,NA,NA,NA,NA,NA,NA,"discard","Far (Related)","discard","discard","discard","discard","Child (4 item)","discard","Child (Bracket)","Child (Bracket)","discard","discard","discard","Human Child","discard","discard","discard","discard","discard","discard","discard","discard","discard","discard","discard","discard","discard","discard","discard","discard","discard","discard","Child (2 Dimensions)","High Load","Far (Same)","Far","discard","discard","discard","discard","discard","discard","discard","discard","2 Dimensions","Child (4 item)","discard","discard","discard","discard","discard","discard","discard","discard","discard","Child (4 item)","discard","discard","keep"
393,"7_1","dedhe",4,"Child","round_4",68,2,"bracket","far","same","yes","yes",0,0,0.75,0.25,"high",0.625,0.9,0.93,"2D","2D","pair","iterate","iterate","pair","Pair",0.03,0.03,0.94,NA,0.07,0.83,0.1,0.97,0.02,0.02,NA,NA,NA,NA,NA,0.97,0.05,2,0.83,0.97,1.8,0.05,0.07,0.98,"bracket","far","mix","pure","learn_gen","bracket_bracket",4,6,10,5,0.95,0.75,"Tail-recursive",0.75,0.97,0.83,0.1,NA,NA,NA,NA,0.97,0.83,0.1,NA,0.97,0.93,"Tail-recursive",0.033,0.031,0.94,NA,0.97,0.02,0,0.02,0.03,0.9,0,"Child_34","2D","M",0.7,-2,-0.2,"no","far_same",NA,NA,NA,NA,NA,NA,NA,"discard","Far (Related)","discard","discard","discard","discard","Child (4 item)","discard","Child (Bracket)","Child (Bracket)","discard","discard","discard","Human Child","discard","discard","discard","discard","discard","discard","discard","discard","discard","discard","discard","discard","discard","discard","discard","discard","discard","discard","Child (2 Dimensions)","High Load","Far (Same)","Far","discard","discard","discard","discard","discard","discard","discard","discard","2 Dimensions","Child (4 item)","discard","discard","discard","discard","discard","discard","discard","discard","discard","Child (4 item)","discard","discard","keep"
394,"8_1","dedhe",4,"Child","round_4",67,4,"bracket","far","same","yes","yes",0,0.38,0.13,0.5,"high",0.875,0.29,0.47,"not 2D","1D","queue","alternate","seriate","alternate","Seriate",0.25,0.54,0.21,NA,0.3,0.18,0.52,0.21,0.64,0.14,NA,NA,NA,NA,NA,0.64,0.2,2,0.52,0.64,1.16,0.64,0.53,0.82,"bracket","far","mix","pure","learn_gen","bracket_bracket",3,3,6,3,0.8,0.38,"Serial-crossed",0.38,0.3,0.64,0.52,NA,NA,NA,NA,0.3,0.64,0.52,NA,0.64,0.55,"Serial-crossed",0.25,0.541,0.21,NA,0.21,0.64,0,0.14,0.25,0.64,0,"Child_35","alternate","M",1,0,0,"no","far_same",NA,NA,NA,NA,NA,NA,NA,"discard","Far (Related)","discard","discard","discard","discard","Child (4 item)","discard","Child (Bracket)","Child (Bracket)","discard","discard","discard","Human Child","discard","discard","discard","discard","discard","discard","discard","discard","discard","discard","discard","discard","discard","discard","discard","discard","discard","discard","Child (2 Dimensions)","High Load","Far (Same)","Far","discard","discard","discard","discard","discard","discard","discard","discard","2 Dimensions","Child (4 item)","discard","discard","discard","discard","discard","discard","discard","discard","discard","Child (4 item)","discard","discard","keep"
395,"9_1","dedhe",4,"Child","round_4",68,3,"bracket","far","same","yes","yes",0.5,0.5,0,0,"low",0.25,0.01,0.25,"not 2D","1D","stack","iterate","iterate","iterate","Iterate",0.48,0.48,0.04,NA,0.97,0.02,0.02,0.18,0.41,0.41,NA,NA,NA,NA,NA,0.97,0.39,1,0.97,0.41,1.38,0.97,0.75,0.75,"bracket","far","mix","pure","learn_gen","bracket_bracket",10,4,14,7,0.61,0.5,"Serial-crossed",0.5,0.97,0.41,0.41,NA,NA,NA,NA,0.97,0.41,0.41,NA,0.97,0.31,"Center-embedded",0.485,0.479,0.04,NA,0.97,0.02,0,0.02,0.01,0.97,0,"Child_36","iterate","M",2.5,6,0.4,"no","far_same",NA,NA,NA,NA,NA,NA,NA,"discard","Far (Related)","discard","discard","discard","discard","Child (4 item)","discard","Child (Bracket)","Child (Bracket)","discard","discard","discard","Human Child","discard","discard","discard","discard","discard","discard","discard","discard","discard","discard","discard","discard","discard","discard","discard","discard","discard","discard","Child (2 Dimensions)","High Load","Far (Same)","Far","discard","discard","discard","discard","discard","discard","discard","discard","2 Dimensions","Child (4 item)","discard","discard","discard","discard","discard","discard","discard","discard","discard","Child (4 item)","discard","discard","keep"
396,"10_1","dedhe",4,"Child","round_4",66,2,"bracket","far","same","yes","yes",0.38,0,0,0.63,"low",0.375,0.7,0.77,"2D","2D","stack","iterate","iterate","stack","Stack",0.8,0.1,0.1,NA,0.22,0.14,0.65,0.65,0.14,0.22,NA,NA,NA,NA,NA,0.65,0.14,2,0.65,0.65,1.29,0.15,0.23,0.92,"bracket","far","mix","pure","learn_gen","bracket_bracket",12,13,25,12.5,0.86,0,"Serial-crossed",0.38,0.65,0.14,0.65,NA,NA,NA,NA,0.65,0.14,0.65,NA,0.65,0.78,"Center-embedded",0.799,0.101,0.1,NA,0.65,0.14,0,0.22,0.7,0.7,1,"Child_37","2D","F",0.9,-1,0,"yes","far_same",NA,NA,NA,NA,NA,NA,NA,"discard","Far (Related)","discard","discard","discard","discard","Child (4 item)","discard","Child (Bracket)","Child (Bracket)","discard","discard","discard","Human Child","discard","discard","discard","discard","discard","discard","discard","discard","discard","discard","discard","discard","discard","discard","discard","discard","discard","discard","Child (2 Dimensions)","High Load","Far (Same)","Far","discard","discard","discard","discard","discard","discard","discard","discard","2 Dimensions","Child (4 item)","discard","discard","discard","discard","discard","discard","discard","discard","discard","Child (4 item)","discard","discard","keep"
397,"11_1","dedhe",4,"Child","round_4",66,4,"bracket","far","same","yes","yes",0,0,0.88,0.13,"low",0.25,0.93,0.95,"2D","2D","pair","iterate","iterate","pair","Pair",0.02,0.02,0.96,NA,0.03,0.93,0.04,0.97,0.02,0.02,NA,NA,NA,NA,NA,0.97,0.03,2,0.93,0.97,1.89,0.03,0.05,0.98,"bracket","far","mix","pure","learn_gen","bracket_bracket",8,13,21,10.5,0.97,0.88,"Tail-recursive",0.88,0.97,0.93,0.04,NA,NA,NA,NA,0.97,0.93,0.04,NA,0.97,0.95,"Tail-recursive",0.023,0.022,0.96,NA,0.97,0.02,0,0.02,0.02,0.93,0,"Child_38","2D","M",0.6,-5,-0.2,"no","far_same",NA,NA,NA,NA,NA,NA,NA,"discard","Far (Related)","discard","discard","discard","discard","Child (4 item)","discard","Child (Bracket)","Child (Bracket)","discard","discard","discard","Human Child","discard","discard","discard","discard","discard","discard","discard","discard","discard","discard","discard","discard","discard","discard","discard","discard","discard","discard","Child (2 Dimensions)","High Load","Far (Same)","Far","discard","discard","discard","discard","discard","discard","discard","discard","2 Dimensions","Child (4 item)","discard","discard","discard","discard","discard","discard","discard","discard","discard","Child (4 item)","discard","discard","keep"
398,"12_1","dedhe",4,"Child","round_4",66,3,"bracket","far","same","yes","yes",0.13,0.38,0.5,0,"high",0.5,0.27,0.45,"not 2D","1D","pair","iterate","iterate","iterate","Iterate",0.09,0.32,0.59,NA,0.41,0.4,0.19,0.52,0.29,0.19,NA,NA,NA,NA,NA,0.52,0.66,2,0.41,0.52,0.92,0.52,0.55,0.82,"bracket","far","mix","pure","learn_gen","bracket_bracket",16,4,20,10,0.34,0.5,"Tail-recursive",0.5,0.52,0.4,0.19,NA,NA,NA,NA,0.52,0.4,0.19,NA,0.52,0.31,"Tail-recursive",0.089,0.319,0.59,NA,0.52,0.29,0,0.19,0.09,0.52,0,"Child_39","iterate","M",4,12,0.6,"no","far_same",NA,NA,NA,NA,NA,NA,NA,"discard","Far (Related)","discard","discard","discard","discard","Child (4 item)","discard","Child (Bracket)","Child (Bracket)","discard","discard","discard","Human Child","discard","discard","discard","discard","discard","discard","discard","discard","discard","discard","discard","discard","discard","discard","discard","discard","discard","discard","Child (2 Dimensions)","High Load","Far (Same)","Far","discard","discard","discard","discard","discard","discard","discard","discard","2 Dimensions","Child (4 item)","discard","discard","discard","discard","discard","discard","discard","discard","discard","Child (4 item)","discard","discard","keep"
399,"13_1","dedhe",4,"Child","round_4",66,4,"bracket","far","same","yes","yes",0,0,0.56,0.44,"high",0.625,0.86,0.9,"2D","2D","pair","iterate","iterate","pair","Pair",0.05,0.04,0.91,NA,0.16,0.52,0.32,0.97,0.01,0.01,NA,NA,NA,NA,NA,0.97,0.08,2,0.52,0.97,1.49,0.07,0.1,0.97,"bracket","far","mix","pure","learn_gen","bracket_bracket",3,7,10,5,0.92,0.56,"Tail-recursive",0.56,0.97,0.52,0.32,NA,NA,NA,NA,0.97,0.52,0.32,NA,0.97,0.89,"Tail-recursive",0.046,0.045,0.91,NA,0.97,0.01,0,0.01,0.05,0.86,0,"Child_40","2D","M",0.4,-4,-0.4,"no","far_same",NA,NA,NA,NA,NA,NA,NA,"discard","Far (Related)","discard","discard","discard","discard","Child (4 item)","discard","Child (Bracket)","Child (Bracket)","discard","discard","discard","Human Child","discard","discard","discard","discard","discard","discard","discard","discard","discard","discard","discard","discard","discard","discard","discard","discard","discard","discard","Child (2 Dimensions)","High Load","Far (Same)","Far","discard","discard","discard","discard","discard","discard","discard","discard","2 Dimensions","Child (4 item)","discard","discard","discard","discard","discard","discard","discard","discard","discard","Child (4 item)","discard","discard","keep"
400,"15_1","dedhe",4,"Child","round_4",64,3,"bracket","far","same","yes","yes",0,0,0.5,0.5,"low",0.25,0.79,0.84,"2D","2D","pair","iterate","iterate","pair","Pair",0.07,0.07,0.86,NA,0.18,0.41,0.41,0.97,0.02,0.02,NA,NA,NA,NA,NA,0.97,0.11,2,0.41,0.97,1.38,0.11,0.16,0.95,"bracket","far","mix","pure","learn_gen","bracket_bracket",6,4,10,5,0.89,0.5,"Tail-recursive",0.5,0.97,0.41,0.41,NA,NA,NA,NA,0.97,0.41,0.41,NA,0.97,0.84,"Tail-recursive",0.071,0.068,0.86,NA,0.97,0.02,0,0.02,0.07,0.79,0,"Child_41","2D","M",1.5,2,0.2,"no","far_same",NA,NA,NA,NA,NA,NA,NA,"discard","Far (Related)","discard","discard","discard","discard","Child (4 item)","discard","Child (Bracket)","Child (Bracket)","discard","discard","discard","Human Child","discard","discard","discard","discard","discard","discard","discard","discard","discard","discard","discard","discard","discard","discard","discard","discard","discard","discard","Child (2 Dimensions)","High Load","Far (Same)","Far","discard","discard","discard","discard","discard","discard","discard","discard","2 Dimensions","Child (4 item)","discard","discard","discard","discard","discard","discard","discard","discard","discard","Child (4 item)","discard","discard","keep"
401,"16_1","dedhe",4,"Child","round_4",66,4,"bracket","far","same","yes","yes",0,0,0.44,0.56,"low",0.375,0.81,0.86,"2D","2D","pair","iterate","iterate","pair","Pair",0.06,0.06,0.88,NA,0.15,0.32,0.53,0.97,0.01,0.01,NA,NA,NA,NA,NA,0.97,0.11,2,0.53,0.97,1.5,0.09,0.14,0.95,"bracket","far","mix","pure","learn_gen","bracket_bracket",3,4,7,3.5,0.89,0.44,"Tail-recursive",0.44,0.97,0.32,0.53,NA,NA,NA,NA,0.97,0.32,0.53,NA,0.97,0.85,"Tail-recursive",0.064,0.061,0.88,NA,0.97,0.01,0,0.01,0.06,0.81,0,"Child_42","2D","F",0.8,-1,-0.1,"no","far_same",NA,NA,NA,NA,NA,NA,NA,"discard","Far (Related)","discard","discard","discard","discard","Child (4 item)","discard","Child (Bracket)","Child (Bracket)","discard","discard","discard","Human Child","discard","discard","discard","discard","discard","discard","discard","discard","discard","discard","discard","discard","discard","discard","discard","discard","discard","discard","Child (2 Dimensions)","High Load","Far (Same)","Far","discard","discard","discard","discard","discard","discard","discard","discard","2 Dimensions","Child (4 item)","discard","discard","discard","discard","discard","discard","discard","discard","discard","Child (4 item)","discard","discard","keep"
402,"17_1","dedhe",4,"Child","round_4",65,4,"bracket","far","same","yes","yes",0,1,0,0,"high",0.875,0.96,0.97,"2D","2D","queue","iterate","iterate","queue","Queue",0.01,0.97,0.01,NA,0.97,0.01,0.01,0.01,0.97,0.01,NA,NA,NA,NA,NA,0.97,0.02,1,0.97,0.97,1.94,0.02,0.03,0.99,"bracket","far","mix","pure","learn_gen","bracket_bracket",4,4,8,4,0.98,1,"Serial-crossed",1,0.97,0.97,0.01,NA,NA,NA,NA,0.97,0.97,0.01,NA,0.97,0.97,"Serial-crossed",0.013,0.975,0.01,NA,0.97,0.01,0,0.01,0.01,0.96,0,"Child_43","2D","F",1,0,0,"no","far_same",NA,NA,NA,NA,NA,NA,NA,"discard","Far (Related)","discard","discard","discard","discard","Child (4 item)","discard","Child (Bracket)","Child (Bracket)","discard","discard","discard","Human Child","discard","discard","discard","discard","discard","discard","discard","discard","discard","discard","discard","discard","discard","discard","discard","discard","discard","discard","Child (2 Dimensions)","High Load","Far (Same)","Far","discard","discard","discard","discard","discard","discard","discard","discard","2 Dimensions","Child (4 item)","discard","discard","discard","discard","discard","discard","discard","discard","discard","Child (4 item)","discard","discard","keep"
403,"18_1","dedhe",4,"Child","round_4",65,4,"bracket","far","same","yes","yes",0.63,0.38,0,0,"high",0.75,0.42,0.57,"2D","2D","stack","iterate","iterate","stack","Stack",0.69,0.27,0.03,NA,0.97,0.02,0.02,0.14,0.22,0.65,NA,NA,NA,NA,NA,0.97,0.31,1,0.97,0.65,1.62,0.29,0.43,0.86,"bracket","far","mix","pure","learn_gen","bracket_bracket",9,4,13,6.5,0.69,0.38,"Serial-crossed",0.63,0.97,0.22,0.65,NA,NA,NA,NA,0.97,0.22,0.65,NA,0.97,0.55,"Center-embedded",0.694,0.272,0.03,NA,0.97,0.02,0,0.02,0.42,0.42,1,"Child_44","2D","M",2.3,5,0.4,"yes","far_same",NA,NA,NA,NA,NA,NA,NA,"discard","Far (Related)","discard","discard","discard","discard","Child (4 item)","discard","Child (Bracket)","Child (Bracket)","discard","discard","discard","Human Child","discard","discard","discard","discard","discard","discard","discard","discard","discard","discard","discard","discard","discard","discard","discard","discard","discard","discard","Child (2 Dimensions)","High Load","Far (Same)","Far","discard","discard","discard","discard","discard","discard","discard","discard","2 Dimensions","Child (4 item)","discard","discard","discard","discard","discard","discard","discard","discard","discard","Child (4 item)","discard","discard","keep"
404,"19_1","dedhe",4,"Child","round_4",64,3,"bracket","far","same","yes","yes",0,0,0.78,0.22,"high",1,0.92,0.94,"2D","2D","pair","iterate","iterate","pair","Pair",0.03,0.03,0.95,NA,0.05,0.87,0.08,0.97,0.01,0.01,NA,NA,NA,NA,NA,0.97,0.04,2,0.87,0.97,1.84,0.04,0.06,0.98,"bracket","far","mix","pure","learn_gen","bracket_bracket",3,4,7,3.5,0.96,0.78,"Tail-recursive",0.78,0.97,0.87,0.08,NA,NA,NA,NA,0.97,0.87,0.08,NA,0.97,0.94,"Tail-recursive",0.026,0.026,0.95,NA,0.97,0.01,0,0.01,0.03,0.92,0,"Child_45","2D","M",0.8,-1,-0.1,"no","far_same",NA,NA,NA,NA,NA,NA,NA,"discard","Far (Related)","discard","discard","discard","discard","Child (4 item)","discard","Child (Bracket)","Child (Bracket)","discard","discard","discard","Human Child","discard","discard","discard","discard","discard","discard","discard","discard","discard","discard","discard","discard","discard","discard","discard","discard","discard","discard","Child (2 Dimensions)","High Load","Far (Same)","Far","discard","discard","discard","discard","discard","discard","discard","discard","2 Dimensions","Child (4 item)","discard","discard","discard","discard","discard","discard","discard","discard","discard","Child (4 item)","discard","discard","keep"
405,"20_1","dedhe",4,"Child","round_4",65,4,"bracket","far","same","yes","yes",0.75,0.13,0.13,0,"high",0.5,0.85,0.88,"2D","2D","stack","iterate","iterate","stack","Stack",0.9,0.05,0.05,NA,0.93,0.04,0.03,0.07,0.06,0.87,NA,NA,NA,NA,NA,0.93,0.19,1,0.93,0.87,1.8,0.08,0.12,0.96,"bracket","far","mix","pure","learn_gen","bracket_bracket",8,3,11,5.5,0.81,0.13,"Serial-crossed",0.75,0.93,0.06,0.87,NA,NA,NA,NA,0.93,0.06,0.87,NA,0.93,0.83,"Center-embedded",0.897,0.052,0.05,NA,0.93,0.04,0,0.03,0.85,0.85,1,"Child_46","2D","M",2.7,5,0.5,"yes","far_same",NA,NA,NA,NA,NA,NA,NA,"discard","Far (Related)","discard","discard","discard","discard","Child (4 item)","discard","Child (Bracket)","Child (Bracket)","discard","discard","discard","Human Child","discard","discard","discard","discard","discard","discard","discard","discard","discard","discard","discard","discard","discard","discard","discard","discard","discard","discard","Child (2 Dimensions)","High Load","Far (Same)","Far","discard","discard","discard","discard","discard","discard","discard","discard","2 Dimensions","Child (4 item)","discard","discard","discard","discard","discard","discard","discard","discard","discard","Child (4 item)","discard","discard","keep"
466,"6539","dedhe",4,"Adult",NA,NA,NA,"bracket","far","same","yes","yes",0.67,0.33,0,0,"high",0.875,0.51,0.63,"2D","2D","stack","iterate","iterate","stack","Stack",0.74,0.23,0.03,NA,0.97,0.01,0.01,0.1,0.17,0.73,NA,NA,NA,NA,NA,0.97,0.23,1,0.97,0.73,1.7,0.24,0.37,0.88,"bracket","far","mix","pure","learn_gen","bracket_bracket",3,4,7,3.5,0.77,0.33,"Serial-crossed",0.67,0.97,0.17,0.73,NA,NA,NA,NA,0.97,0.17,0.73,NA,0.97,0.64,"Center-embedded",0.743,0.23,0.03,NA,0.97,0.01,0,0.01,0.51,0.51,1,NA,"2D",NA,0.8,-1,-0.1,"yes","far_same",NA,NA,NA,NA,NA,NA,NA,"discard","Far (Related)","discard","discard","discard","discard","Adult (4 item)","discard","Adult (Bracket)","Adult (Bracket)","discard","discard","discard","Human Adult","discard","discard","discard","discard","discard","discard","discard","discard","discard","discard","discard","discard","discard","discard","discard","discard","discard","discard","Adult (2 Dimensions)","High Load","Far (Same)","Far","discard","discard","discard","discard","discard","discard","discard","discard","2 Dimensions","Adult (4 item)","discard","discard","discard","discard","discard","discard","discard","discard","discard","Adult (4 item)","discard","discard","keep"
467,"6540","dedhe",4,"Adult",NA,NA,NA,"bracket","far","same","yes","yes",0.78,0.22,0,0,"high",0.625,0.77,0.83,"2D","2D","stack","iterate","iterate","stack","Stack",0.87,0.1,0.02,NA,0.97,0.01,0.01,0.05,0.08,0.87,NA,NA,NA,NA,NA,0.97,0.11,1,0.97,0.87,1.84,0.11,0.17,0.94,"bracket","far","mix","pure","learn_gen","bracket_bracket",4,3,7,3.5,0.89,0.22,"Serial-crossed",0.78,0.97,0.08,0.87,NA,NA,NA,NA,0.97,0.08,0.87,NA,0.97,0.83,"Center-embedded",0.875,0.101,0.02,NA,0.97,0.01,0,0.01,0.77,0.77,1,NA,"2D",NA,1.3,1,0.1,"yes","far_same",NA,NA,NA,NA,NA,NA,NA,"discard","Far (Related)","discard","discard","discard","discard","Adult (4 item)","discard","Adult (Bracket)","Adult (Bracket)","discard","discard","discard","Human Adult","discard","discard","discard","discard","discard","discard","discard","discard","discard","discard","discard","discard","discard","discard","discard","discard","discard","discard","Adult (2 Dimensions)","High Load","Far (Same)","Far","discard","discard","discard","discard","discard","discard","discard","discard","2 Dimensions","Adult (4 item)","discard","discard","discard","discard","discard","discard","discard","discard","discard","Adult (4 item)","discard","discard","keep"
468,"6541","dedhe",4,"Adult",NA,NA,NA,"bracket","far","same","yes","yes",0.89,0,0,0.11,"high",1,0.96,0.97,"2D","2D","stack","iterate","iterate","stack","Stack",0.97,0.01,0.01,NA,0.97,0.02,0.02,0.02,0.02,0.97,NA,NA,NA,NA,NA,0.97,0.02,1,0.97,0.97,1.93,0.02,0.03,0.99,"bracket","far","mix","pure","learn_gen","bracket_bracket",4,3,7,3.5,0.98,0,"Serial-crossed",0.89,0.97,0.02,0.97,NA,NA,NA,NA,0.97,0.02,0.97,NA,0.97,0.97,"Center-embedded",0.972,0.014,0.01,NA,0.97,0.02,0,0.02,0.96,0.96,1,NA,"2D",NA,1.3,1,0.1,"yes","far_same",NA,NA,NA,NA,NA,NA,NA,"discard","Far (Related)","discard","discard","discard","discard","Adult (4 item)","discard","Adult (Bracket)","Adult (Bracket)","discard","discard","discard","Human Adult","discard","discard","discard","discard","discard","discard","discard","discard","discard","discard","discard","discard","discard","discard","discard","discard","discard","discard","Adult (2 Dimensions)","High Load","Far (Same)","Far","discard","discard","discard","discard","discard","discard","discard","discard","2 Dimensions","Adult (4 item)","discard","discard","discard","discard","discard","discard","discard","discard","discard","Adult (4 item)","discard","discard","keep"
469,"6542","dedhe",4,"Adult",NA,NA,NA,"bracket","far","same","yes","yes",0.89,0,0,0.11,"high",1,0.96,0.97,"2D","2D","stack","iterate","iterate","stack","Stack",0.97,0.01,0.01,NA,0.97,0.02,0.02,0.02,0.02,0.97,NA,NA,NA,NA,NA,0.97,0.02,1,0.97,0.97,1.94,0.02,0.03,0.99,"bracket","far","mix","pure","learn_gen","bracket_bracket",3,3,6,3,0.98,0,"Serial-crossed",0.89,0.97,0.02,0.97,NA,NA,NA,NA,0.97,0.02,0.97,NA,0.97,0.97,"Center-embedded",0.972,0.014,0.01,NA,0.97,0.02,0,0.02,0.96,0.96,1,NA,"2D",NA,1,0,0,"yes","far_same",NA,NA,NA,NA,NA,NA,NA,"discard","Far (Related)","discard","discard","discard","discard","Adult (4 item)","discard","Adult (Bracket)","Adult (Bracket)","discard","discard","discard","Human Adult","discard","discard","discard","discard","discard","discard","discard","discard","discard","discard","discard","discard","discard","discard","discard","discard","discard","discard","Adult (2 Dimensions)","High Load","Far (Same)","Far","discard","discard","discard","discard","discard","discard","discard","discard","2 Dimensions","Adult (4 item)","discard","discard","discard","discard","discard","discard","discard","discard","discard","Adult (4 item)","discard","discard","keep"
470,"6543","dedhe",4,"Adult",NA,NA,NA,"bracket","far","same","yes","yes",0.44,0.22,0,0.33,"high",0.75,0.46,0.6,"2D","2D","stack","iterate","iterate","stack","Stack",0.65,0.19,0.16,NA,0.81,0.08,0.11,0.16,0.16,0.68,NA,NA,NA,NA,NA,0.81,0.22,1,0.81,0.68,1.49,0.27,0.4,0.87,"bracket","far","mix","pure","learn_gen","bracket_bracket",3,10,13,6.5,0.78,0.22,"Serial-crossed",0.44,0.81,0.16,0.68,NA,NA,NA,NA,0.81,0.16,0.68,NA,0.81,0.62,"Center-embedded",0.653,0.191,0.16,NA,0.81,0.08,0,0.11,0.46,0.46,1,NA,"2D",NA,0.3,-7,-0.5,"yes","far_same",NA,NA,NA,NA,NA,NA,NA,"discard","Far (Related)","discard","discard","discard","discard","Adult (4 item)","discard","Adult (Bracket)","Adult (Bracket)","discard","discard","discard","Human Adult","discard","discard","discard","discard","discard","discard","discard","discard","discard","discard","discard","discard","discard","discard","discard","discard","discard","discard","Adult (2 Dimensions)","High Load","Far (Same)","Far","discard","discard","discard","discard","discard","discard","discard","discard","2 Dimensions","Adult (4 item)","discard","discard","discard","discard","discard","discard","discard","discard","discard","Adult (4 item)","discard","discard","keep"
471,"6544","dedhe",4,"Adult",NA,NA,NA,"bracket","far","same","yes","yes",1,0,0,0,"high",1,0.96,0.97,"2D","2D","stack","iterate","iterate","stack","Stack",0.98,0.01,0.01,NA,0.97,0.01,0.01,0.01,0.01,0.97,NA,NA,NA,NA,NA,0.97,0.02,1,0.97,0.97,1.94,0.02,0.03,0.99,"bracket","far","mix","pure","learn_gen","bracket_bracket",4,3,7,3.5,0.98,0,"Serial-crossed",1,0.97,0.01,0.97,NA,NA,NA,NA,0.97,0.01,0.97,NA,0.97,0.97,"Center-embedded",0.976,0.012,0.01,NA,0.97,0.01,0,0.01,0.96,0.96,1,NA,"2D",NA,1.3,1,0.1,"yes","far_same",NA,NA,NA,NA,NA,NA,NA,"discard","Far (Related)","discard","discard","discard","discard","Adult (4 item)","discard","Adult (Bracket)","Adult (Bracket)","discard","discard","discard","Human Adult","discard","discard","discard","discard","discard","discard","discard","discard","discard","discard","discard","discard","discard","discard","discard","discard","discard","discard","Adult (2 Dimensions)","High Load","Far (Same)","Far","discard","discard","discard","discard","discard","discard","discard","discard","2 Dimensions","Adult (4 item)","discard","discard","discard","discard","discard","discard","discard","discard","discard","Adult (4 item)","discard","discard","keep"
472,"6545","dedhe",4,"Adult",NA,NA,NA,"bracket","far","same","yes","yes",0.89,0,0,0.11,"high",0.875,0.96,0.97,"2D","2D","stack","iterate","iterate","stack","Stack",0.97,0.01,0.01,NA,0.97,0.02,0.02,0.02,0.02,0.97,NA,NA,NA,NA,NA,0.97,0.02,1,0.97,0.97,1.94,0.02,0.03,0.99,"bracket","far","mix","pure","learn_gen","bracket_bracket",4,3,7,3.5,0.98,0,"Serial-crossed",0.89,0.97,0.02,0.97,NA,NA,NA,NA,0.97,0.02,0.97,NA,0.97,0.97,"Center-embedded",0.972,0.014,0.01,NA,0.97,0.02,0,0.02,0.96,0.96,1,NA,"2D",NA,1.3,1,0.1,"yes","far_same",NA,NA,NA,NA,NA,NA,NA,"discard","Far (Related)","discard","discard","discard","discard","Adult (4 item)","discard","Adult (Bracket)","Adult (Bracket)","discard","discard","discard","Human Adult","discard","discard","discard","discard","discard","discard","discard","discard","discard","discard","discard","discard","discard","discard","discard","discard","discard","discard","Adult (2 Dimensions)","High Load","Far (Same)","Far","discard","discard","discard","discard","discard","discard","discard","discard","2 Dimensions","Adult (4 item)","discard","discard","discard","discard","discard","discard","discard","discard","discard","Adult (4 item)","discard","discard","keep"
473,"6546","dedhe",4,"Adult",NA,NA,NA,"bracket","far","same","yes","yes",0.44,0.44,0,0.11,"high",1,0,0.25,"not 2D","1D","stack","iterate","iterate","iterate","Iterate",0.48,0.48,0.04,NA,0.97,0.02,0.02,0.18,0.41,0.41,NA,NA,NA,NA,NA,0.97,0.41,1,0.97,0.41,1.38,0.97,0.75,0.75,"bracket","far","mix","pure","learn_gen","bracket_bracket",3,3,6,3,0.59,0.44,"Serial-crossed",0.44,0.97,0.41,0.41,NA,NA,NA,NA,0.97,0.41,0.41,NA,0.97,0.3,"Center-embedded",0.482,0.481,0.04,NA,0.97,0.02,0,0.02,0,0.97,0,NA,"iterate",NA,1,0,0,"no","far_same",NA,NA,NA,NA,NA,NA,NA,"discard","Far (Related)","discard","discard","discard","discard","Adult (4 item)","discard","Adult (Bracket)","Adult (Bracket)","discard","discard","discard","Human Adult","discard","discard","discard","discard","discard","discard","discard","discard","discard","discard","discard","discard","discard","discard","discard","discard","discard","discard","Adult (2 Dimensions)","High Load","Far (Same)","Far","discard","discard","discard","discard","discard","discard","discard","discard","2 Dimensions","Adult (4 item)","discard","discard","discard","discard","discard","discard","discard","discard","discard","Adult (4 item)","discard","discard","keep"
474,"6547","dedhe",4,"Adult",NA,NA,NA,"bracket","far","same","yes","yes",0.67,0.11,0,0.22,"high",0.875,0.86,0.9,"2D","2D","stack","iterate","iterate","stack","Stack",0.91,0.05,0.03,NA,0.93,0.03,0.04,0.06,0.06,0.87,NA,NA,NA,NA,NA,0.93,0.08,1,0.93,0.87,1.8,0.07,0.1,0.97,"bracket","far","mix","pure","learn_gen","bracket_bracket",4,3,7,3.5,0.92,0.11,"Serial-crossed",0.67,0.93,0.06,0.87,NA,NA,NA,NA,0.93,0.06,0.87,NA,0.93,0.89,"Center-embedded",0.914,0.053,0.03,NA,0.93,0.03,0,0.04,0.86,0.86,1,NA,"2D",NA,1.3,1,0.1,"yes","far_same",NA,NA,NA,NA,NA,NA,NA,"discard","Far (Related)","discard","discard","discard","discard","Adult (4 item)","discard","Adult (Bracket)","Adult (Bracket)","discard","discard","discard","Human Adult","discard","discard","discard","discard","discard","discard","discard","discard","discard","discard","discard","discard","discard","discard","discard","discard","discard","discard","Adult (2 Dimensions)","High Load","Far (Same)","Far","discard","discard","discard","discard","discard","discard","discard","discard","2 Dimensions","Adult (4 item)","discard","discard","discard","discard","discard","discard","discard","discard","discard","Adult (4 item)","discard","discard","keep"
475,"6548","dedhe",4,"Adult",NA,NA,NA,"bracket","far","same","yes","yes",0.89,0,0.11,0,"high",1,0.91,0.93,"2D","2D","stack","iterate","iterate","stack","Stack",0.94,0.02,0.04,NA,0.94,0.03,0.03,0.04,0.03,0.94,NA,NA,NA,NA,NA,0.94,0.04,1,0.94,0.94,1.88,0.05,0.07,0.98,"bracket","far","mix","pure","learn_gen","bracket_bracket",8,9,17,8.5,0.96,0.11,"Tail-recursive",0.89,0.94,0.03,0.94,NA,NA,NA,NA,0.94,0.03,0.94,NA,0.94,0.93,"Center-embedded",0.944,0.019,0.04,NA,0.94,0.03,0,0.03,0.91,0.91,1,NA,"2D",NA,0.9,-1,-0.1,"yes","far_same",NA,NA,NA,NA,NA,NA,NA,"discard","Far (Related)","discard","discard","discard","discard","Adult (4 item)","discard","Adult (Bracket)","Adult (Bracket)","discard","discard","discard","Human Adult","discard","discard","discard","discard","discard","discard","discard","discard","discard","discard","discard","discard","discard","discard","discard","discard","discard","discard","Adult (2 Dimensions)","High Load","Far (Same)","Far","discard","discard","discard","discard","discard","discard","discard","discard","2 Dimensions","Adult (4 item)","discard","discard","discard","discard","discard","discard","discard","discard","discard","Adult (4 item)","discard","discard","keep"
476,"6549","dedhe",4,"Adult",NA,NA,NA,"bracket","far","same","yes","yes",0.56,0.44,0,0,"high",0.875,0.17,0.38,"not 2D","1D","stack","iterate","iterate","iterate","Iterate",0.57,0.4,0.03,NA,0.97,0.01,0.01,0.16,0.32,0.53,NA,NA,NA,NA,NA,0.97,0.34,1,0.97,0.53,1.5,0.97,0.62,0.79,"bracket","far","mix","pure","learn_gen","bracket_bracket",3,4,7,3.5,0.66,0.44,"Serial-crossed",0.56,0.97,0.32,0.53,NA,NA,NA,NA,0.97,0.32,0.53,NA,0.97,0.42,"Center-embedded",0.573,0.4,0.03,NA,0.97,0.01,0,0.01,0.17,0.97,0,NA,"iterate",NA,0.8,-1,-0.1,"no","far_same",NA,NA,NA,NA,NA,NA,NA,"discard","Far (Related)","discard","discard","discard","discard","Adult (4 item)","discard","Adult (Bracket)","Adult (Bracket)","discard","discard","discard","Human Adult","discard","discard","discard","discard","discard","discard","discard","discard","discard","discard","discard","discard","discard","discard","discard","discard","discard","discard","Adult (2 Dimensions)","High Load","Far (Same)","Far","discard","discard","discard","discard","discard","discard","discard","discard","2 Dimensions","Adult (4 item)","discard","discard","discard","discard","discard","discard","discard","discard","discard","Adult (4 item)","discard","discard","keep"
477,"6550","dedhe",4,"Adult",NA,NA,NA,"bracket","far","same","yes","yes",0.89,0,0,0.11,"high",0.875,0.96,0.97,"2D","2D","stack","iterate","iterate","stack","Stack",0.97,0.01,0.01,NA,0.97,0.02,0.02,0.02,0.02,0.97,NA,NA,NA,NA,NA,0.97,0.02,1,0.97,0.97,1.94,0.02,0.03,0.99,"bracket","far","mix","pure","learn_gen","bracket_bracket",3,4,7,3.5,0.98,0,"Serial-crossed",0.89,0.97,0.02,0.97,NA,NA,NA,NA,0.97,0.02,0.97,NA,0.97,0.97,"Center-embedded",0.972,0.014,0.01,NA,0.97,0.02,0,0.02,0.96,0.96,1,NA,"2D",NA,0.8,-1,-0.1,"yes","far_same",NA,NA,NA,NA,NA,NA,NA,"discard","Far (Related)","discard","discard","discard","discard","Adult (4 item)","discard","Adult (Bracket)","Adult (Bracket)","discard","discard","discard","Human Adult","discard","discard","discard","discard","discard","discard","discard","discard","discard","discard","discard","discard","discard","discard","discard","discard","discard","discard","Adult (2 Dimensions)","High Load","Far (Same)","Far","discard","discard","discard","discard","discard","discard","discard","discard","2 Dimensions","Adult (4 item)","discard","discard","discard","discard","discard","discard","discard","discard","discard","Adult (4 item)","discard","discard","keep"
478,"6551","dedhe",4,"Adult",NA,NA,NA,"bracket","far","same","yes","yes",0.89,0,0,0.11,"high",1,0.96,0.97,"2D","2D","stack","iterate","iterate","stack","Stack",0.97,0.01,0.01,NA,0.97,0.02,0.02,0.02,0.02,0.97,NA,NA,NA,NA,NA,0.97,0.02,1,0.97,0.97,1.94,0.02,0.03,0.99,"bracket","far","mix","pure","learn_gen","bracket_bracket",3,3,6,3,0.98,0,"Serial-crossed",0.89,0.97,0.02,0.97,NA,NA,NA,NA,0.97,0.02,0.97,NA,0.97,0.97,"Center-embedded",0.972,0.014,0.01,NA,0.97,0.02,0,0.02,0.96,0.96,1,NA,"2D",NA,1,0,0,"yes","far_same",NA,NA,NA,NA,NA,NA,NA,"discard","Far (Related)","discard","discard","discard","discard","Adult (4 item)","discard","Adult (Bracket)","Adult (Bracket)","discard","discard","discard","Human Adult","discard","discard","discard","discard","discard","discard","discard","discard","discard","discard","discard","discard","discard","discard","discard","discard","discard","discard","Adult (2 Dimensions)","High Load","Far (Same)","Far","discard","discard","discard","discard","discard","discard","discard","discard","2 Dimensions","Adult (4 item)","discard","discard","discard","discard","discard","discard","discard","discard","discard","Adult (4 item)","discard","discard","keep"
479,"6552","dedhe",4,"Adult",NA,NA,NA,"bracket","far","same","yes","yes",1,0,0,0,"high",0.75,0.96,0.97,"2D","2D","stack","iterate","iterate","stack","Stack",0.98,0.01,0.01,NA,0.97,0.01,0.01,0.01,0.01,0.97,NA,NA,NA,NA,NA,0.97,0.02,1,0.97,0.97,1.94,0.02,0.03,0.99,"bracket","far","mix","pure","learn_gen","bracket_bracket",82,4,86,43,0.98,0,"Serial-crossed",1,0.97,0.01,0.97,NA,NA,NA,NA,0.97,0.01,0.97,NA,0.97,0.97,"Center-embedded",0.975,0.013,0.01,NA,0.97,0.01,0,0.01,0.96,0.96,1,NA,"2D",NA,20.5,78,0.9,"yes","far_same",NA,NA,NA,NA,NA,NA,NA,"discard","Far (Related)","discard","discard","discard","discard","Adult (4 item)","discard","Adult (Bracket)","Adult (Bracket)","discard","discard","discard","Human Adult","discard","discard","discard","discard","discard","discard","discard","discard","discard","discard","discard","discard","discard","discard","discard","discard","discard","discard","Adult (2 Dimensions)","High Load","Far (Same)","Far","discard","discard","discard","discard","discard","discard","discard","discard","2 Dimensions","Adult (4 item)","discard","discard","discard","discard","discard","discard","discard","discard","discard","Adult (4 item)","discard","discard","keep"
480,"6553","dedhe",4,"Adult",NA,NA,NA,"bracket","far","same","yes","yes",0.89,0,0,0.11,"high",0.75,0.96,0.97,"2D","2D","stack","iterate","iterate","stack","Stack",0.97,0.01,0.01,NA,0.97,0.02,0.02,0.02,0.02,0.97,NA,NA,NA,NA,NA,0.97,0.02,1,0.97,0.97,1.94,0.02,0.03,0.99,"bracket","far","mix","pure","learn_gen","bracket_bracket",4,3,7,3.5,0.98,0,"Serial-crossed",0.89,0.97,0.02,0.97,NA,NA,NA,NA,0.97,0.02,0.97,NA,0.97,0.97,"Center-embedded",0.973,0.014,0.01,NA,0.97,0.02,0,0.02,0.96,0.96,1,NA,"2D",NA,1.3,1,0.1,"yes","far_same",NA,NA,NA,NA,NA,NA,NA,"discard","Far (Related)","discard","discard","discard","discard","Adult (4 item)","discard","Adult (Bracket)","Adult (Bracket)","discard","discard","discard","Human Adult","discard","discard","discard","discard","discard","discard","discard","discard","discard","discard","discard","discard","discard","discard","discard","discard","discard","discard","Adult (2 Dimensions)","High Load","Far (Same)","Far","discard","discard","discard","discard","discard","discard","discard","discard","2 Dimensions","Adult (4 item)","discard","discard","discard","discard","discard","discard","discard","discard","discard","Adult (4 item)","discard","discard","keep"
481,"6554","dedhe",4,"Adult",NA,NA,NA,"bracket","far","same","yes","yes",0.89,0,0,0.11,"high",1,0.96,0.97,"2D","2D","stack","palindrome","palindrome","stack","Stack",0.97,0.01,0.01,NA,0.97,0.02,0.02,0.02,0.02,0.97,NA,NA,NA,NA,NA,0.97,0.02,2,0.97,0.97,1.94,0.02,0.03,0.99,"bracket","far","mix","pure","learn_gen","bracket_bracket",3,3,6,3,0.98,0,"Serial-crossed",0.89,0.97,0.02,0.97,NA,NA,NA,NA,0.97,0.02,0.97,NA,0.97,0.97,"Center-embedded",0.971,0.014,0.01,NA,0.02,0.02,0,0.97,0.96,0.96,1,NA,"2D",NA,1,0,0,"yes","far_same",NA,NA,NA,NA,NA,NA,NA,"discard","Far (Related)","discard","discard","discard","discard","Adult (4 item)","discard","Adult (Bracket)","Adult (Bracket)","discard","discard","discard","Human Adult","discard","discard","discard","discard","discard","discard","discard","discard","discard","discard","discard","discard","discard","discard","discard","discard","discard","discard","Adult (2 Dimensions)","High Load","Far (Same)","Far","discard","discard","discard","discard","discard","discard","discard","discard","2 Dimensions","Adult (4 item)","discard","discard","discard","discard","discard","discard","discard","discard","discard","Adult (4 item)","discard","discard","keep"
482,"6555","dedhe",4,"Adult",NA,NA,NA,"bracket","far","same","yes","yes",0.89,0.11,0,0,"high",0.875,0.91,0.93,"2D","2D","stack","iterate","iterate","stack","Stack",0.94,0.04,0.02,NA,0.97,0.01,0.01,0.03,0.03,0.94,NA,NA,NA,NA,NA,0.97,0.04,1,0.97,0.94,1.91,0.05,0.07,0.98,"bracket","far","mix","pure","learn_gen","bracket_bracket",4,4,8,4,0.96,0.11,"Serial-crossed",0.89,0.97,0.03,0.94,NA,NA,NA,NA,0.97,0.03,0.94,NA,0.97,0.93,"Center-embedded",0.943,0.038,0.02,NA,0.97,0.01,0,0.01,0.91,0.91,1,NA,"2D",NA,1,0,0,"yes","far_same",NA,NA,NA,NA,NA,NA,NA,"discard","Far (Related)","discard","discard","discard","discard","Adult (4 item)","discard","Adult (Bracket)","Adult (Bracket)","discard","discard","discard","Human Adult","discard","discard","discard","discard","discard","discard","discard","discard","discard","discard","discard","discard","discard","discard","discard","discard","discard","discard","Adult (2 Dimensions)","High Load","Far (Same)","Far","discard","discard","discard","discard","discard","discard","discard","discard","2 Dimensions","Adult (4 item)","discard","discard","discard","discard","discard","discard","discard","discard","discard","Adult (4 item)","discard","discard","keep"
483,"6556","dedhe",4,"Adult",NA,NA,NA,"bracket","far","same","yes","yes",0.78,0.11,0,0.11,"high",0.625,0.89,0.92,"2D","2D","stack","iterate","iterate","stack","Stack",0.93,0.04,0.02,NA,0.97,0.02,0.02,0.03,0.04,0.93,NA,NA,NA,NA,NA,0.97,0.05,1,0.97,0.93,1.9,0.05,0.08,0.97,"bracket","far","mix","pure","learn_gen","bracket_bracket",10,3,13,6.5,0.95,0.11,"Serial-crossed",0.78,0.97,0.04,0.93,NA,NA,NA,NA,0.97,0.04,0.93,NA,0.97,0.92,"Center-embedded",0.935,0.043,0.02,NA,0.97,0.02,0,0.02,0.89,0.89,1,NA,"2D",NA,3.3,7,0.5,"yes","far_same",NA,NA,NA,NA,NA,NA,NA,"discard","Far (Related)","discard","discard","discard","discard","Adult (4 item)","discard","Adult (Bracket)","Adult (Bracket)","discard","discard","discard","Human Adult","discard","discard","discard","discard","discard","discard","discard","discard","discard","discard","discard","discard","discard","discard","discard","discard","discard","discard","Adult (2 Dimensions)","High Load","Far (Same)","Far","discard","discard","discard","discard","discard","discard","discard","discard","2 Dimensions","Adult (4 item)","discard","discard","discard","discard","discard","discard","discard","discard","discard","Adult (4 item)","discard","discard","keep"
484,"6558","dedhe",4,"Adult",NA,NA,NA,"bracket","far","same","yes","yes",0.78,0.11,0,0.11,"high",1,0.89,0.92,"2D","2D","stack","iterate","iterate","stack","Stack",0.94,0.04,0.02,NA,0.97,0.02,0.02,0.03,0.04,0.93,NA,NA,NA,NA,NA,0.97,0.05,1,0.97,0.93,1.9,0.05,0.08,0.97,"bracket","far","mix","pure","learn_gen","bracket_bracket",5,3,8,4,0.95,0.11,"Serial-crossed",0.78,0.97,0.04,0.93,NA,NA,NA,NA,0.97,0.04,0.93,NA,0.97,0.92,"Center-embedded",0.935,0.043,0.02,NA,0.97,0.02,0,0.02,0.89,0.89,1,NA,"2D",NA,1.7,2,0.3,"yes","far_same",NA,NA,NA,NA,NA,NA,NA,"discard","Far (Related)","discard","discard","discard","discard","Adult (4 item)","discard","Adult (Bracket)","Adult (Bracket)","discard","discard","discard","Human Adult","discard","discard","discard","discard","discard","discard","discard","discard","discard","discard","discard","discard","discard","discard","discard","discard","discard","discard","Adult (2 Dimensions)","High Load","Far (Same)","Far","discard","discard","discard","discard","discard","discard","discard","discard","2 Dimensions","Adult (4 item)","discard","discard","discard","discard","discard","discard","discard","discard","discard","Adult (4 item)","discard","discard","keep"
485,"6559","dedhe",4,"Adult",NA,NA,NA,"bracket","far","same","yes","yes",0.89,0.11,0,0,"high",0.875,0.91,0.93,"2D","2D","stack","iterate","iterate","stack","Stack",0.94,0.04,0.02,NA,0.97,0.01,0.01,0.03,0.03,0.94,NA,NA,NA,NA,NA,0.97,0.04,1,0.97,0.94,1.91,0.05,0.07,0.98,"bracket","far","mix","pure","learn_gen","bracket_bracket",9,3,12,6,0.96,0.11,"Serial-crossed",0.89,0.97,0.03,0.94,NA,NA,NA,NA,0.97,0.03,0.94,NA,0.97,0.93,"Center-embedded",0.943,0.038,0.02,NA,0.97,0.01,0,0.01,0.91,0.91,1,NA,"2D",NA,3,6,0.5,"yes","far_same",NA,NA,NA,NA,NA,NA,NA,"discard","Far (Related)","discard","discard","discard","discard","Adult (4 item)","discard","Adult (Bracket)","Adult (Bracket)","discard","discard","discard","Human Adult","discard","discard","discard","discard","discard","discard","discard","discard","discard","discard","discard","discard","discard","discard","discard","discard","discard","discard","Adult (2 Dimensions)","High Load","Far (Same)","Far","discard","discard","discard","discard","discard","discard","discard","discard","2 Dimensions","Adult (4 item)","discard","discard","discard","discard","discard","discard","discard","discard","discard","Adult (4 item)","discard","discard","keep"
486,"6560","dedhe",4,"Adult",NA,NA,NA,"bracket","far","same","yes","yes",1,0,0,0,"high",1,0.96,0.97,"2D","2D","stack","palindrome","palindrome","stack","Stack",0.98,0.01,0.01,NA,0.97,0.01,0.01,0.01,0.01,0.97,NA,NA,NA,NA,NA,0.97,0.02,2,0.97,0.97,1.94,0.02,0.03,0.99,"bracket","far","mix","pure","learn_gen","bracket_bracket",3,3,6,3,0.98,0,"Serial-crossed",1,0.97,0.01,0.97,NA,NA,NA,NA,0.97,0.01,0.97,NA,0.97,0.97,"Center-embedded",0.975,0.012,0.01,NA,0.01,0.01,0,0.97,0.96,0.96,1,NA,"2D",NA,1,0,0,"yes","far_same",NA,NA,NA,NA,NA,NA,NA,"discard","Far (Related)","discard","discard","discard","discard","Adult (4 item)","discard","Adult (Bracket)","Adult (Bracket)","discard","discard","discard","Human Adult","discard","discard","discard","discard","discard","discard","discard","discard","discard","discard","discard","discard","discard","discard","discard","discard","discard","discard","Adult (2 Dimensions)","High Load","Far (Same)","Far","discard","discard","discard","discard","discard","discard","discard","discard","2 Dimensions","Adult (4 item)","discard","discard","discard","discard","discard","discard","discard","discard","discard","Adult (4 item)","discard","discard","keep"
487,"6561","dedhe",4,"Adult",NA,NA,NA,"bracket","far","same","yes","yes",0.89,0,0,0.11,"high",1,0.96,0.97,"2D","2D","stack","iterate","iterate","stack","Stack",0.97,0.01,0.01,NA,0.97,0.02,0.02,0.02,0.02,0.97,NA,NA,NA,NA,NA,0.97,0.02,1,0.97,0.97,1.94,0.02,0.03,0.99,"bracket","far","mix","pure","learn_gen","bracket_bracket",4,4,8,4,0.98,0,"Serial-crossed",0.89,0.97,0.02,0.97,NA,NA,NA,NA,0.97,0.02,0.97,NA,0.97,0.97,"Center-embedded",0.972,0.014,0.01,NA,0.97,0.02,0,0.02,0.96,0.96,1,NA,"2D",NA,1,0,0,"yes","far_same",NA,NA,NA,NA,NA,NA,NA,"discard","Far (Related)","discard","discard","discard","discard","Adult (4 item)","discard","Adult (Bracket)","Adult (Bracket)","discard","discard","discard","Human Adult","discard","discard","discard","discard","discard","discard","discard","discard","discard","discard","discard","discard","discard","discard","discard","discard","discard","discard","Adult (2 Dimensions)","High Load","Far (Same)","Far","discard","discard","discard","discard","discard","discard","discard","discard","2 Dimensions","Adult (4 item)","discard","discard","discard","discard","discard","discard","discard","discard","discard","Adult (4 item)","discard","discard","keep"
488,"6562","dedhe",4,"Adult",NA,NA,NA,"bracket","far","same","yes","yes",0.78,0.11,0,0.11,"high",1,0.89,0.92,"2D","2D","stack","iterate","iterate","stack","Stack",0.93,0.04,0.02,NA,0.97,0.02,0.02,0.03,0.04,0.93,NA,NA,NA,NA,NA,0.97,0.05,1,0.97,0.93,1.89,0.05,0.08,0.97,"bracket","far","mix","pure","learn_gen","bracket_bracket",3,4,7,3.5,0.95,0.11,"Serial-crossed",0.78,0.97,0.04,0.93,NA,NA,NA,NA,0.97,0.04,0.93,NA,0.97,0.92,"Center-embedded",0.935,0.043,0.02,NA,0.97,0.02,0,0.02,0.89,0.89,1,NA,"2D",NA,0.8,-1,-0.1,"yes","far_same",NA,NA,NA,NA,NA,NA,NA,"discard","Far (Related)","discard","discard","discard","discard","Adult (4 item)","discard","Adult (Bracket)","Adult (Bracket)","discard","discard","discard","Human Adult","discard","discard","discard","discard","discard","discard","discard","discard","discard","discard","discard","discard","discard","discard","discard","discard","discard","discard","Adult (2 Dimensions)","High Load","Far (Same)","Far","discard","discard","discard","discard","discard","discard","discard","discard","2 Dimensions","Adult (4 item)","discard","discard","discard","discard","discard","discard","discard","discard","discard","Adult (4 item)","discard","discard","keep"
489,"6563","dedhe",4,"Adult",NA,NA,NA,"bracket","far","same","yes","yes",1,0,0,0,"high",1,0.96,0.97,"2D","2D","stack","iterate","iterate","stack","Stack",0.98,0.01,0.01,NA,0.97,0.01,0.01,0.01,0.01,0.97,NA,NA,NA,NA,NA,0.97,0.02,1,0.97,0.97,1.94,0.02,0.03,0.99,"bracket","far","mix","pure","learn_gen","bracket_bracket",3,3,6,3,0.98,0,"Serial-crossed",1,0.97,0.01,0.97,NA,NA,NA,NA,0.97,0.01,0.97,NA,0.97,0.97,"Center-embedded",0.975,0.012,0.01,NA,0.97,0.01,0,0.01,0.96,0.96,1,NA,"2D",NA,1,0,0,"yes","far_same",NA,NA,NA,NA,NA,NA,NA,"discard","Far (Related)","discard","discard","discard","discard","Adult (4 item)","discard","Adult (Bracket)","Adult (Bracket)","discard","discard","discard","Human Adult","discard","discard","discard","discard","discard","discard","discard","discard","discard","discard","discard","discard","discard","discard","discard","discard","discard","discard","Adult (2 Dimensions)","High Load","Far (Same)","Far","discard","discard","discard","discard","discard","discard","discard","discard","2 Dimensions","Adult (4 item)","discard","discard","discard","discard","discard","discard","discard","discard","discard","Adult (4 item)","discard","discard","keep"
490,"6564","dedhe",4,"Adult",NA,NA,NA,"bracket","far","same","yes","yes",0.67,0.22,0,0.11,"high",0.75,0.73,0.8,"2D","2D","stack","iterate","iterate","stack","Stack",0.85,0.12,0.03,NA,0.97,0.02,0.02,0.07,0.1,0.84,NA,NA,NA,NA,NA,0.97,0.15,1,0.97,0.84,1.81,0.13,0.2,0.93,"bracket","far","mix","pure","learn_gen","bracket_bracket",4,17,21,10.5,0.85,0.22,"Serial-crossed",0.67,0.97,0.1,0.84,NA,NA,NA,NA,0.97,0.1,0.84,NA,0.97,0.79,"Center-embedded",0.852,0.12,0.03,NA,0.97,0.02,0,0.02,0.73,0.73,1,NA,"2D",NA,0.2,-13,-0.6,"yes","far_same",NA,NA,NA,NA,NA,NA,NA,"discard","Far (Related)","discard","discard","discard","discard","Adult (4 item)","discard","Adult (Bracket)","Adult (Bracket)","discard","discard","discard","Human Adult","discard","discard","discard","discard","discard","discard","discard","discard","discard","discard","discard","discard","discard","discard","discard","discard","discard","discard","Adult (2 Dimensions)","High Load","Far (Same)","Far","discard","discard","discard","discard","discard","discard","discard","discard","2 Dimensions","Adult (4 item)","discard","discard","discard","discard","discard","discard","discard","discard","discard","Adult (4 item)","discard","discard","keep"
491,"6566","dedhe",4,"Adult",NA,NA,NA,"bracket","far","same","yes","yes",1,0,0,0,"high",1,0.96,0.97,"2D","2D","stack","palindrome","palindrome","stack","Stack",0.97,0.01,0.01,NA,0.97,0.01,0.01,0.01,0.01,0.97,NA,NA,NA,NA,NA,0.97,0.02,2,0.97,0.97,1.94,0.02,0.03,0.99,"bracket","far","mix","pure","learn_gen","bracket_bracket",3,3,6,3,0.98,0,"Serial-crossed",1,0.97,0.01,0.97,NA,NA,NA,NA,0.97,0.01,0.97,NA,0.97,0.97,"Center-embedded",0.975,0.013,0.01,NA,0.01,0.01,0,0.97,0.96,0.96,1,NA,"2D",NA,1,0,0,"yes","far_same",NA,NA,NA,NA,NA,NA,NA,"discard","Far (Related)","discard","discard","discard","discard","Adult (4 item)","discard","Adult (Bracket)","Adult (Bracket)","discard","discard","discard","Human Adult","discard","discard","discard","discard","discard","discard","discard","discard","discard","discard","discard","discard","discard","discard","discard","discard","discard","discard","Adult (2 Dimensions)","High Load","Far (Same)","Far","discard","discard","discard","discard","discard","discard","discard","discard","2 Dimensions","Adult (4 item)","discard","discard","discard","discard","discard","discard","discard","discard","discard","Adult (4 item)","discard","discard","keep"
492,"6567","dedhe",4,"Adult",NA,NA,NA,"bracket","far","same","yes","yes",0.78,0.11,0,0.11,"high",1,0.89,0.92,"2D","2D","stack","iterate","iterate","stack","Stack",0.93,0.04,0.02,NA,0.97,0.02,0.02,0.03,0.04,0.93,NA,NA,NA,NA,NA,0.97,0.05,1,0.97,0.93,1.89,0.06,0.08,0.97,"bracket","far","mix","pure","learn_gen","bracket_bracket",3,3,6,3,0.95,0.11,"Serial-crossed",0.78,0.97,0.04,0.93,NA,NA,NA,NA,0.97,0.04,0.93,NA,0.97,0.92,"Center-embedded",0.934,0.044,0.02,NA,0.97,0.02,0,0.02,0.89,0.89,1,NA,"2D",NA,1,0,0,"yes","far_same",NA,NA,NA,NA,NA,NA,NA,"discard","Far (Related)","discard","discard","discard","discard","Adult (4 item)","discard","Adult (Bracket)","Adult (Bracket)","discard","discard","discard","Human Adult","discard","discard","discard","discard","discard","discard","discard","discard","discard","discard","discard","discard","discard","discard","discard","discard","discard","discard","Adult (2 Dimensions)","High Load","Far (Same)","Far","discard","discard","discard","discard","discard","discard","discard","discard","2 Dimensions","Adult (4 item)","discard","discard","discard","discard","discard","discard","discard","discard","discard","Adult (4 item)","discard","discard","keep"
493,"6568","dedhe",4,"Adult",NA,NA,NA,"bracket","far","same","yes","yes",1,0,0,0,"high",1,0.96,0.97,"2D","2D","stack","palindrome","palindrome","stack","Stack",0.98,0.01,0.01,NA,0.97,0.01,0.01,0.01,0.01,0.97,NA,NA,NA,NA,NA,0.97,0.02,2,0.97,0.97,1.94,0.02,0.03,0.99,"bracket","far","mix","pure","learn_gen","bracket_bracket",3,4,7,3.5,0.98,0,"Serial-crossed",1,0.97,0.01,0.97,NA,NA,NA,NA,0.97,0.01,0.97,NA,0.97,0.97,"Center-embedded",0.975,0.012,0.01,NA,0.01,0.01,0,0.97,0.96,0.96,1,NA,"2D",NA,0.8,-1,-0.1,"yes","far_same",NA,NA,NA,NA,NA,NA,NA,"discard","Far (Related)","discard","discard","discard","discard","Adult (4 item)","discard","Adult (Bracket)","Adult (Bracket)","discard","discard","discard","Human Adult","discard","discard","discard","discard","discard","discard","discard","discard","discard","discard","discard","discard","discard","discard","discard","discard","discard","discard","Adult (2 Dimensions)","High Load","Far (Same)","Far","discard","discard","discard","discard","discard","discard","discard","discard","2 Dimensions","Adult (4 item)","discard","discard","discard","discard","discard","discard","discard","discard","discard","Adult (4 item)","discard","discard","keep"
494,"6569","dedhe",4,"Adult",NA,NA,NA,"bracket","far","same","yes","yes",0.89,0,0,0.11,"high",0.875,0.96,0.97,"2D","2D","stack","palindrome","palindrome","stack","Stack",0.97,0.01,0.01,NA,0.97,0.02,0.02,0.02,0.02,0.97,NA,NA,NA,NA,NA,0.97,0.02,2,0.97,0.97,1.94,0.02,0.03,0.99,"bracket","far","mix","pure","learn_gen","bracket_bracket",3,3,6,3,0.98,0,"Serial-crossed",0.89,0.97,0.02,0.97,NA,NA,NA,NA,0.97,0.02,0.97,NA,0.97,0.97,"Center-embedded",0.972,0.014,0.01,NA,0.02,0.02,0,0.97,0.96,0.96,1,NA,"2D",NA,1,0,0,"yes","far_same",NA,NA,NA,NA,NA,NA,NA,"discard","Far (Related)","discard","discard","discard","discard","Adult (4 item)","discard","Adult (Bracket)","Adult (Bracket)","discard","discard","discard","Human Adult","discard","discard","discard","discard","discard","discard","discard","discard","discard","discard","discard","discard","discard","discard","discard","discard","discard","discard","Adult (2 Dimensions)","High Load","Far (Same)","Far","discard","discard","discard","discard","discard","discard","discard","discard","2 Dimensions","Adult (4 item)","discard","discard","discard","discard","discard","discard","discard","discard","discard","Adult (4 item)","discard","discard","keep"
495,"6570","dedhe",4,"Adult",NA,NA,NA,"bracket","far","same","yes","yes",0.67,0,0.22,0.11,"low",0.375,0.73,0.8,"2D","2D","stack","palindrome","palindrome","stack","Stack",0.85,0.03,0.12,NA,0.83,0.1,0.07,0.1,0.07,0.83,NA,NA,NA,NA,NA,0.83,0.15,2,0.83,0.83,1.67,0.14,0.2,0.93,"bracket","far","mix","pure","learn_gen","bracket_bracket",9,6,15,7.5,0.85,0.22,"Tail-recursive",0.67,0.83,0.1,0.83,NA,NA,NA,NA,0.83,0.1,0.83,NA,0.83,0.79,"Center-embedded",0.851,0.028,0.12,NA,0.1,0.07,0,0.83,0.73,0.73,1,NA,"2D",NA,1.5,3,0.2,"yes","far_same",NA,NA,NA,NA,NA,NA,NA,"discard","Far (Related)","discard","discard","discard","discard","Adult (4 item)","discard","Adult (Bracket)","Adult (Bracket)","discard","discard","discard","Human Adult","discard","discard","discard","discard","discard","discard","discard","discard","discard","discard","discard","discard","discard","discard","discard","discard","discard","discard","Adult (2 Dimensions)","High Load","Far (Same)","Far","discard","discard","discard","discard","discard","discard","discard","discard","2 Dimensions","Adult (4 item)","discard","discard","discard","discard","discard","discard","discard","discard","discard","Adult (4 item)","discard","discard","keep"
644,"3699","dedhe",6,"Child","round_4",64,3,"bracket","near","same","yes","yes",0.75,0,0,0.25,"high",0.75,0.92,0.94,"2D","2D","stack","iterate","iterate","stack","Stack",0.97,0.03,NA,0.03,NA,NA,NA,NA,NA,NA,0.99,0.01,0.03,0.03,0.94,0.99,0.03,1,0.99,0.94,1.93,0.04,0.06,0.98,"bracket","near","mix","pure","learn_gen","bracket_bracket",3,4,7,3.5,0.97,0,"Serial-crossed",0.75,0,0,0,0.99,0.01,0.03,0.94,0.99,0.01,0.94,0.03,0.99,0.94,"Center-embedded",0.949,0.025,NA,0.03,0.99,0.01,0,0,0.92,0.92,1,"Child_01","2D","F",0.8,-1,-0.1,"yes","near",NA,NA,NA,NA,NA,NA,NA,"discard","Near","discard","discard","discard","discard","discard","discard","discard","Child (Bracket)","discard","discard","discard","discard","discard","discard","discard","discard","discard","discard","discard","discard","discard","discard","discard","discard","discard","discard","discard","discard","discard","discard","Child (2 Dimensions)","High Load","Near","Near","discard","discard","discard","discard","discard","discard","discard","discard","2 Dimensions","discard","discard","discard","discard","Child (6 item)","discard","discard","discard","discard","discard","Child (6 item)","discard","discard","keep"
645,"3701","dedhe",6,"Child","round_4",67,3,"bracket","near","same","yes","yes",0,0.13,0.13,0.75,"high",0.75,0.29,0.47,"not 2D","1D","queue","iterate","iterate","iterate","Iterate",0.24,0.76,NA,0.44,NA,NA,NA,NA,NA,NA,0.91,0.09,0.76,0.15,0.08,0.91,0.36,1,0.91,0.76,1.67,0.91,0.53,0.82,"bracket","near","mix","pure","learn_gen","bracket_bracket",13,4,17,8.5,0.64,0.13,"Serial-crossed",0.13,0,0,0,0.91,0.09,0.15,0.08,0.91,0.09,0.08,0.15,0.91,0.46,"Serial-crossed",0.136,0.424,NA,0.44,0.91,0.09,0,0,0.14,0.91,0,"Child_02","iterate","F",3.3,9,0.5,"no","near",NA,NA,NA,NA,NA,NA,NA,"discard","Near","discard","discard","discard","discard","discard","discard","discard","Child (Bracket)","discard","discard","discard","discard","discard","discard","discard","discard","discard","discard","discard","discard","discard","discard","discard","discard","discard","discard","discard","discard","discard","discard","Child (2 Dimensions)","High Load","Near","Near","discard","discard","discard","discard","discard","discard","discard","discard","2 Dimensions","discard","discard","discard","discard","Child (6 item)","discard","discard","discard","discard","discard","Child (6 item)","discard","discard","keep"
646,"3703","dedhe",6,"Child","round_4",67,3,"bracket","near","same","yes","yes",0.63,0,0.13,0.25,"high",0.625,0.82,0.86,"2D","2D","stack","iterate","iterate","stack","Stack",0.97,0.03,NA,0.12,NA,NA,NA,NA,NA,NA,0.94,0.06,0.09,0.03,0.88,0.94,0.14,1,0.94,0.88,1.82,0.09,0.14,0.95,"bracket","near","mix","pure","learn_gen","bracket_bracket",4,3,7,3.5,0.86,0.13,"Tail-recursive",0.63,0,0,0,0.94,0.06,0.03,0.88,0.94,0.06,0.88,0.03,0.94,0.84,"Center-embedded",0.847,0.029,NA,0.12,0.94,0.06,0,0,0.72,0.82,1,"Child_03","2D","F",1.3,1,0.1,"yes","near",NA,NA,NA,NA,NA,NA,NA,"discard","Near","discard","discard","discard","discard","discard","discard","discard","Child (Bracket)","discard","discard","discard","discard","discard","discard","discard","discard","discard","discard","discard","discard","discard","discard","discard","discard","discard","discard","discard","discard","discard","discard","Child (2 Dimensions)","High Load","Near","Near","discard","discard","discard","discard","discard","discard","discard","discard","2 Dimensions","discard","discard","discard","discard","Child (6 item)","discard","discard","discard","discard","discard","Child (6 item)","discard","discard","keep"
647,"3705","dedhe",6,"Child","round_4",60,3,"bracket","near","same","yes","yes",0,0,0,1,"high",0.75,0,0.25,"not 2D","1D","queue","alternate","seriate","alternate","Seriate",0.5,0.5,NA,0.34,NA,NA,NA,NA,NA,NA,0.5,0.5,0.33,0.33,0.34,0.5,0.23,1,0.5,0.34,0.84,0.5,0.75,0.75,"bracket","near","mix","pure","learn_gen","bracket_bracket",4,5,9,4.5,0.77,0,"Serial-crossed",0,0,0,0,0.5,0.5,0.33,0.34,0.5,0.5,0.34,0.33,0.5,0.39,"Center-embedded",0.332,0.332,NA,0.34,0.5,0.5,0,0,0,0.5,0,"Child_04","alternate","F",0.8,-1,-0.1,"no","near",NA,NA,NA,NA,NA,NA,NA,"discard","Near","discard","discard","discard","discard","discard","discard","discard","Child (Bracket)","discard","discard","discard","discard","discard","discard","discard","discard","discard","discard","discard","discard","discard","discard","discard","discard","discard","discard","discard","discard","discard","discard","Child (2 Dimensions)","High Load","Near","Near","discard","discard","discard","discard","discard","discard","discard","discard","2 Dimensions","discard","discard","discard","discard","Child (6 item)","discard","discard","discard","discard","discard","Child (6 item)","discard","discard","keep"
648,"3707","dedhe",6,"Child","round_4",56,4,"bracket","near","same","yes","yes",0.38,0.13,0.13,0.38,"high",0.875,0.5,0.63,"2D","2D","stack","iterate","iterate","stack","Stack",0.8,0.2,NA,0.17,NA,NA,NA,NA,NA,NA,0.93,0.07,0.15,0.15,0.7,0.93,0.59,1,0.93,0.7,1.63,0.25,0.37,0.88,"bracket","near","mix","pure","learn_gen","bracket_bracket",9,3,12,6,0.41,0.13,"Serial-crossed",0.38,0,0,0,0.93,0.07,0.15,0.7,0.93,0.07,0.7,0.15,0.93,0.46,"Center-embedded",0.668,0.164,NA,0.17,0.93,0.07,0,0,0.5,0.5,1,"Child_05","2D","F",3,6,0.5,"yes","near",NA,NA,NA,NA,NA,NA,NA,"discard","Near","discard","discard","discard","discard","discard","discard","discard","Child (Bracket)","discard","discard","discard","discard","discard","discard","discard","discard","discard","discard","discard","discard","discard","discard","discard","discard","discard","discard","discard","discard","discard","discard","Child (2 Dimensions)","High Load","Near","Near","discard","discard","discard","discard","discard","discard","discard","discard","2 Dimensions","discard","discard","discard","discard","Child (6 item)","discard","discard","discard","discard","discard","Child (6 item)","discard","discard","keep"
649,"3709","dedhe",6,"Child","round_4",43,2,"bracket","near","same","yes","yes",0.25,0.13,0,0.63,"low",0.375,0.41,0.55,"2D","2D","stack","iterate","iterate","stack","Stack",0.72,0.28,NA,0.08,NA,NA,NA,NA,NA,NA,0.98,0.02,0.15,0.25,0.6,0.98,0.35,1,0.98,0.6,1.57,0.3,0.45,0.85,"bracket","near","mix","pure","learn_gen","bracket_bracket",5,8,13,6.5,0.65,0.13,"Serial-crossed",0.25,0,0,0,0.98,0.02,0.25,0.6,0.98,0.02,0.6,0.25,0.98,0.53,"Center-embedded",0.662,0.256,NA,0.08,0.98,0.02,0,0,0.41,0.41,1,"Child_06","2D","M",0.6,-3,-0.2,"yes","near",NA,NA,NA,NA,NA,NA,NA,"discard","Near","discard","discard","discard","discard","discard","discard","discard","Child (Bracket)","discard","discard","discard","discard","discard","discard","discard","discard","discard","discard","discard","discard","discard","discard","discard","discard","discard","discard","discard","discard","discard","discard","Child (2 Dimensions)","High Load","Near","Near","discard","discard","discard","discard","discard","discard","discard","discard","2 Dimensions","discard","discard","discard","discard","Child (6 item)","discard","discard","discard","discard","discard","Child (6 item)","discard","discard","keep"
650,"3711","dedhe",6,"Child","round_4",42,3,"bracket","near","same","yes","yes",0.25,0.13,0,0.63,"low",0.25,0.41,0.56,"2D","2D","stack","iterate","iterate","stack","Stack",0.72,0.28,NA,0.08,NA,NA,NA,NA,NA,NA,0.84,0.16,0.15,0.25,0.6,0.84,0.34,1,0.84,0.6,1.43,0.3,0.44,0.85,"bracket","near","mix","pure","learn_gen","bracket_bracket",21,5,26,13,0.66,0.13,"Serial-crossed",0.25,0,0,0,0.84,0.16,0.25,0.6,0.84,0.16,0.6,0.25,0.84,0.53,"Center-embedded",0.663,0.256,NA,0.08,0.84,0.16,0,0,0.41,0.41,1,"Child_07","2D","F",4.2,16,0.6,"yes","near",NA,NA,NA,NA,NA,NA,NA,"discard","Near","discard","discard","discard","discard","discard","discard","discard","Child (Bracket)","discard","discard","discard","discard","discard","discard","discard","discard","discard","discard","discard","discard","discard","discard","discard","discard","discard","discard","discard","discard","discard","discard","Child (2 Dimensions)","High Load","Near","Near","discard","discard","discard","discard","discard","discard","discard","discard","2 Dimensions","discard","discard","discard","discard","Child (6 item)","discard","discard","discard","discard","discard","Child (6 item)","discard","discard","keep"
651,"3737","dedhe",6,"Child","round_4",63,2,"bracket","near","same","yes","yes",0.5,0,0,0.5,"high",0.625,0.87,0.91,"2D","2D","stack","iterate","iterate","stack","Stack",0.96,0.04,NA,0.04,NA,NA,NA,NA,NA,NA,0.98,0.02,0.05,0.05,0.9,0.98,0.07,1,0.98,0.9,1.87,0.06,0.09,0.97,"bracket","near","mix","pure","learn_gen","bracket_bracket",4,6,10,5,0.93,0,"Serial-crossed",0.5,0,0,0,0.98,0.02,0.05,0.9,0.98,0.02,0.9,0.05,0.98,0.9,"Center-embedded",0.916,0.042,NA,0.04,0.98,0.02,0,0,0.87,0.87,1,"Child_08","2D","F",0.7,-2,-0.2,"yes","near",NA,NA,NA,NA,NA,NA,NA,"discard","Near","discard","discard","discard","discard","discard","discard","discard","Child (Bracket)","discard","discard","discard","discard","discard","discard","discard","discard","discard","discard","discard","discard","discard","discard","discard","discard","discard","discard","discard","discard","discard","discard","Child (2 Dimensions)","High Load","Near","Near","discard","discard","discard","discard","discard","discard","discard","discard","2 Dimensions","discard","discard","discard","discard","Child (6 item)","discard","discard","discard","discard","discard","Child (6 item)","discard","discard","keep"
652,"3745","dedhe",6,"Child","round_4",58,3,"bracket","near","same","yes","yes",0.5,0,0,0.5,"high",0.875,0.87,0.91,"2D","2D","stack","iterate","iterate","stack","Stack",0.96,0.04,NA,0.04,NA,NA,NA,NA,NA,NA,0.99,0.01,0.05,0.05,0.9,0.99,0.07,1,0.99,0.9,1.88,0.06,0.09,0.97,"bracket","near","mix","pure","learn_gen","bracket_bracket",6,3,9,4.5,0.93,0,"Serial-crossed",0.5,0,0,0,0.99,0.01,0.05,0.9,0.99,0.01,0.9,0.05,0.99,0.9,"Center-embedded",0.917,0.042,NA,0.04,0.99,0.01,0,0,0.87,0.87,1,"Child_09","2D","M",2,3,0.3,"yes","near",NA,NA,NA,NA,NA,NA,NA,"discard","Near","discard","discard","discard","discard","discard","discard","discard","Child (Bracket)","discard","discard","discard","discard","discard","discard","discard","discard","discard","discard","discard","discard","discard","discard","discard","discard","discard","discard","discard","discard","discard","discard","Child (2 Dimensions)","High Load","Near","Near","discard","discard","discard","discard","discard","discard","discard","discard","2 Dimensions","discard","discard","discard","discard","Child (6 item)","discard","discard","discard","discard","discard","Child (6 item)","discard","discard","keep"
653,"3747","dedhe",6,"Child","round_4",69,3,"bracket","near","same","yes","yes",0.38,0,0,0.63,"high",0.5,0.83,0.87,"2D","2D","stack","iterate","iterate","stack","Stack",0.94,0.06,NA,0.06,NA,NA,NA,NA,NA,NA,0.97,0.03,0.09,0.09,0.83,0.97,0.11,1,0.97,0.83,1.79,0.09,0.13,0.96,"bracket","near","mix","pure","learn_gen","bracket_bracket",4,8,12,6,0.89,0,"Serial-crossed",0.38,0,0,0,0.97,0.03,0.09,0.83,0.97,0.03,0.83,0.09,0.97,0.86,"Center-embedded",0.884,0.057,NA,0.06,0.97,0.03,0,0,0.83,0.83,1,"Child_10","2D","F",0.5,-4,-0.3,"yes","near",NA,NA,NA,NA,NA,NA,NA,"discard","Near","discard","discard","discard","discard","discard","discard","discard","Child (Bracket)","discard","discard","discard","discard","discard","discard","discard","discard","discard","discard","discard","discard","discard","discard","discard","discard","discard","discard","discard","discard","discard","discard","Child (2 Dimensions)","High Load","Near","Near","discard","discard","discard","discard","discard","discard","discard","discard","2 Dimensions","discard","discard","discard","discard","Child (6 item)","discard","discard","discard","discard","discard","Child (6 item)","discard","discard","keep"
654,"3749","dedhe",6,"Child","round_4",65,3,"bracket","near","same","yes","yes",0.13,0.25,0,0.63,"high",0.5,0.39,0.54,"2D","2D","queue","iterate","iterate","queue","Queue",0.29,0.71,NA,0.08,NA,NA,NA,NA,NA,NA,0.99,0.01,0.16,0.59,0.26,0.99,0.35,1,0.99,0.59,1.57,0.31,0.46,0.85,"bracket","near","mix","pure","learn_gen","bracket_bracket",5,8,13,6.5,0.65,0.25,"Serial-crossed",0.25,0,0,0,0.99,0.01,0.59,0.26,0.99,0.01,0.26,0.59,0.99,0.52,"Serial-crossed",0.265,0.654,NA,0.08,0.99,0.01,0,0,0.26,0.39,0,"Child_11","2D","F",0.6,-3,-0.2,"no","near",NA,NA,NA,NA,NA,NA,NA,"discard","Near","discard","discard","discard","discard","discard","discard","discard","Child (Bracket)","discard","discard","discard","discard","discard","discard","discard","discard","discard","discard","discard","discard","discard","discard","discard","discard","discard","discard","discard","discard","discard","discard","Child (2 Dimensions)","High Load","Near","Near","discard","discard","discard","discard","discard","discard","discard","discard","2 Dimensions","discard","discard","discard","discard","Child (6 item)","discard","discard","discard","discard","discard","Child (6 item)","discard","discard","keep"
655,"3758","dedhe",6,"Child","round_4",55,2,"bracket","near","same","yes","yes",0.13,0,0,0.88,"high",0.75,0.46,0.59,"2D","2D","stack","iterate","iterate","stack","Stack",0.78,0.22,NA,0.18,NA,NA,NA,NA,NA,NA,0.64,0.36,0.28,0.28,0.44,0.64,0.24,1,0.64,0.44,1.08,0.27,0.41,0.86,"bracket","near","mix","pure","learn_gen","bracket_bracket",3,3,6,3,0.76,0,"Serial-crossed",0.13,0,0,0,0.64,0.36,0.28,0.44,0.64,0.36,0.44,0.28,0.64,0.61,"Center-embedded",0.638,0.18,NA,0.18,0.64,0.36,0,0,0.46,0.46,1,"Child_12","2D","F",1,0,0,"yes","near",NA,NA,NA,NA,NA,NA,NA,"discard","Near","discard","discard","discard","discard","discard","discard","discard","Child (Bracket)","discard","discard","discard","discard","discard","discard","discard","discard","discard","discard","discard","discard","discard","discard","discard","discard","discard","discard","discard","discard","discard","discard","Child (2 Dimensions)","High Load","Near","Near","discard","discard","discard","discard","discard","discard","discard","discard","2 Dimensions","discard","discard","discard","discard","Child (6 item)","discard","discard","discard","discard","discard","Child (6 item)","discard","discard","keep"
656,"3766","dedhe",6,"Child","round_4",52,2,"bracket","near","same","yes","yes",0,0,0,1,"low",0.375,0.02,0.26,"not 2D","1D","stack","palindrome","palindrome","palindrome","Palindrome",0.51,0.49,NA,0.33,NA,NA,NA,NA,NA,NA,0.49,0.51,0.17,0.17,0.66,0.66,0.23,2,0.51,0.66,1.17,0.66,0.74,0.75,"bracket","near","mix","pure","learn_gen","bracket_bracket",20,18,38,19,0.77,0,"Serial-crossed",0,0,0,0,0.49,0.51,0.17,0.66,0.49,0.51,0.66,0.17,0.66,0.39,"Center-embedded",0.343,0.326,NA,0.33,0.17,0.17,0.17,0.66,0.01,0.66,0,"Child_13","palindrome","F",1.1,2,0.1,"no","near",NA,NA,NA,NA,NA,NA,NA,"discard","Near","discard","discard","discard","discard","discard","discard","discard","Child (Bracket)","discard","discard","discard","discard","discard","discard","discard","discard","discard","discard","discard","discard","discard","discard","discard","discard","discard","discard","discard","discard","discard","discard","Child (2 Dimensions)","High Load","Near","Near","discard","discard","discard","discard","discard","discard","discard","discard","2 Dimensions","discard","discard","discard","discard","Child (6 item)","discard","discard","discard","discard","discard","Child (6 item)","discard","discard","keep"
657,"3776","dedhe",6,"Child","round_4",58,1,"bracket","near","same","yes","yes",0,0,0,1,"low",0,0.01,0.25,"not 2D","1D","stack","iterate","iterate","iterate","Iterate",0.5,0.5,NA,0.34,NA,NA,NA,NA,NA,NA,0.92,0.08,0.44,0.28,0.28,0.92,0.23,1,0.92,0.44,1.36,0.92,0.75,0.75,"bracket","near","mix","pure","learn_gen","bracket_bracket",22,6,28,14,0.77,0,"Serial-crossed",0,0,0,0,0.92,0.08,0.28,0.28,0.92,0.08,0.28,0.28,0.92,0.39,"Center-embedded",0.334,0.329,NA,0.34,0.92,0.08,0,0,0,0.92,0,"Child_14","iterate","F",3.7,16,0.6,"no","near",NA,NA,NA,NA,NA,NA,NA,"discard","Near","discard","discard","discard","discard","discard","discard","discard","Child (Bracket)","discard","discard","discard","discard","discard","discard","discard","discard","discard","discard","discard","discard","discard","discard","discard","discard","discard","discard","discard","discard","discard","discard","Child (2 Dimensions)","High Load","Near","Near","discard","discard","discard","discard","discard","discard","discard","discard","2 Dimensions","discard","discard","discard","discard","Child (6 item)","discard","discard","discard","discard","discard","Child (6 item)","discard","discard","keep"
658,"3778","dedhe",6,"Child","round_4",61,4,"bracket","near","same","yes","yes",0.38,0.13,0,0.5,"low",0.375,0.57,0.68,"2D","2D","stack","iterate","iterate","stack","Stack",0.8,0.2,NA,0.05,NA,NA,NA,NA,NA,NA,0.97,0.03,0.08,0.15,0.77,0.97,0.27,1,0.97,0.77,1.73,0.21,0.32,0.89,"bracket","near","mix","pure","learn_gen","bracket_bracket",6,21,27,13.5,0.73,0.13,"Serial-crossed",0.38,0,0,0,0.97,0.03,0.15,0.77,0.97,0.03,0.77,0.15,0.97,0.65,"Center-embedded",0.76,0.186,NA,0.05,0.97,0.03,0,0,0.57,0.57,1,"Child_15","2D","M",0.3,-15,-0.6,"yes","near",NA,NA,NA,NA,NA,NA,NA,"discard","Near","discard","discard","discard","discard","discard","discard","discard","Child (Bracket)","discard","discard","discard","discard","discard","discard","discard","discard","discard","discard","discard","discard","discard","discard","discard","discard","discard","discard","discard","discard","discard","discard","Child (2 Dimensions)","High Load","Near","Near","discard","discard","discard","discard","discard","discard","discard","discard","2 Dimensions","discard","discard","discard","discard","Child (6 item)","discard","discard","discard","discard","discard","Child (6 item)","discard","discard","keep"
659,"3780","dedhe",6,"Child","round_4",63,1,"bracket","near","same","yes","yes",0.25,0,0.13,0.63,"low",0.125,0.58,0.69,"2D","2D","stack","iterate","iterate","stack","Stack",0.89,0.11,NA,0.26,NA,NA,NA,NA,NA,NA,0.64,0.36,0.25,0.15,0.6,0.64,0.35,1,0.64,0.6,1.24,0.21,0.31,0.9,"bracket","near","mix","pure","learn_gen","bracket_bracket",19,18,37,18.5,0.65,0.13,"Tail-recursive",0.25,0,0,0,0.64,0.36,0.15,0.6,0.64,0.36,0.6,0.15,0.64,0.62,"Center-embedded",0.665,0.08,NA,0.26,0.64,0.36,0,0,0.41,0.58,1,"Child_16","2D","F",1.1,1,0,"yes","near",NA,NA,NA,NA,NA,NA,NA,"discard","Near","discard","discard","discard","discard","discard","discard","discard","Child (Bracket)","discard","discard","discard","discard","discard","discard","discard","discard","discard","discard","discard","discard","discard","discard","discard","discard","discard","discard","discard","discard","discard","discard","Child (2 Dimensions)","High Load","Near","Near","discard","discard","discard","discard","discard","discard","discard","discard","2 Dimensions","discard","discard","discard","discard","Child (6 item)","discard","discard","discard","discard","discard","Child (6 item)","discard","discard","keep"
660,"3782","dedhe",6,"Child","round_4",46,1,"bracket","near","same","yes","yes",0.25,0.13,0,0.63,"low",0,0.4,0.55,"2D","2D","stack","iterate","iterate","stack","Stack",0.72,0.28,NA,0.08,NA,NA,NA,NA,NA,NA,0.97,0.03,0.11,0.44,0.45,0.97,0.35,1,0.97,0.45,1.41,0.3,0.45,0.85,"bracket","near","mix","pure","learn_gen","bracket_bracket",10,5,15,7.5,0.65,0.13,"Serial-crossed",0.25,0,0,0,0.97,0.03,0.44,0.45,0.97,0.03,0.45,0.44,0.97,0.53,"Center-embedded",0.66,0.256,NA,0.08,0.97,0.03,0,0,0.4,0.4,1,"Child_17","2D","F",2,5,0.3,"yes","near",NA,NA,NA,NA,NA,NA,NA,"discard","Near","discard","discard","discard","discard","discard","discard","discard","Child (Bracket)","discard","discard","discard","discard","discard","discard","discard","discard","discard","discard","discard","discard","discard","discard","discard","discard","discard","discard","discard","discard","discard","discard","Child (2 Dimensions)","High Load","Near","Near","discard","discard","discard","discard","discard","discard","discard","discard","2 Dimensions","discard","discard","discard","discard","Child (6 item)","discard","discard","discard","discard","discard","Child (6 item)","discard","discard","keep"
661,"3795","dedhe",6,"Child","round_4",64,4,"bracket","near","same","yes","yes",0.13,0,0,0.88,"low",0.25,0.46,0.59,"2D","2D","stack","iterate","iterate","stack","Stack",0.78,0.22,NA,0.19,NA,NA,NA,NA,NA,NA,0.97,0.03,0.28,0.28,0.44,0.97,0.24,1,0.97,0.44,1.41,0.27,0.41,0.86,"bracket","near","mix","pure","learn_gen","bracket_bracket",12,5,17,8.5,0.76,0,"Serial-crossed",0.13,0,0,0,0.97,0.03,0.28,0.44,0.97,0.03,0.44,0.28,0.97,0.61,"Center-embedded",0.634,0.179,NA,0.19,0.97,0.03,0,0,0.45,0.46,1,"Child_18","2D","M",2.4,7,0.4,"yes","near",NA,NA,NA,NA,NA,NA,NA,"discard","Near","discard","discard","discard","discard","discard","discard","discard","Child (Bracket)","discard","discard","discard","discard","discard","discard","discard","discard","discard","discard","discard","discard","discard","discard","discard","discard","discard","discard","discard","discard","discard","discard","Child (2 Dimensions)","High Load","Near","Near","discard","discard","discard","discard","discard","discard","discard","discard","2 Dimensions","discard","discard","discard","discard","Child (6 item)","discard","discard","discard","discard","discard","Child (6 item)","discard","discard","keep"
662,"3801","dedhe",6,"Child","round_4",51,1,"bracket","near","same","yes","yes",0,0.38,0,0.63,"low",0.25,0.83,0.87,"2D","2D","queue","iterate","iterate","queue","Queue",0.06,0.94,NA,0.06,NA,NA,NA,NA,NA,NA,0.98,0.02,0.09,0.83,0.09,0.98,0.11,1,0.98,0.83,1.8,0.09,0.13,0.96,"bracket","near","mix","pure","learn_gen","bracket_bracket",10,12,22,11,0.89,0.38,"Serial-crossed",0.38,0,0,0,0.98,0.02,0.83,0.09,0.98,0.02,0.09,0.83,0.98,0.86,"Serial-crossed",0.057,0.885,NA,0.06,0.98,0.02,0,0,0.06,0.83,0,"Child_19","2D","F",0.8,-2,-0.1,"no","near",NA,NA,NA,NA,NA,NA,NA,"discard","Near","discard","discard","discard","discard","discard","discard","discard","Child (Bracket)","discard","discard","discard","discard","discard","discard","discard","discard","discard","discard","discard","discard","discard","discard","discard","discard","discard","discard","discard","discard","discard","discard","Child (2 Dimensions)","High Load","Near","Near","discard","discard","discard","discard","discard","discard","discard","discard","2 Dimensions","discard","discard","discard","discard","Child (6 item)","discard","discard","discard","discard","discard","Child (6 item)","discard","discard","keep"
663,"3803","dedhe",6,"Child","round_4",71,3,"bracket","near","same","yes","yes",0.38,0.13,0,0.5,"low",0.25,0.57,0.68,"2D","2D","stack","iterate","iterate","stack","Stack",0.8,0.2,NA,0.05,NA,NA,NA,NA,NA,NA,0.95,0.05,0.15,0.15,0.7,0.95,0.27,1,0.95,0.7,1.65,0.21,0.32,0.89,"bracket","near","mix","pure","learn_gen","bracket_bracket",41,21,62,31,0.73,0.13,"Serial-crossed",0.38,0,0,0,0.95,0.05,0.15,0.7,0.95,0.05,0.7,0.15,0.95,0.65,"Center-embedded",0.758,0.188,NA,0.05,0.95,0.05,0,0,0.57,0.57,1,"Child_20","2D","M",2,20,0.3,"yes","near",NA,NA,NA,NA,NA,NA,NA,"discard","Near","discard","discard","discard","discard","discard","discard","discard","Child (Bracket)","discard","discard","discard","discard","discard","discard","discard","discard","discard","discard","discard","discard","discard","discard","discard","discard","discard","discard","discard","discard","discard","discard","Child (2 Dimensions)","High Load","Near","Near","discard","discard","discard","discard","discard","discard","discard","discard","2 Dimensions","discard","discard","discard","discard","Child (6 item)","discard","discard","discard","discard","discard","Child (6 item)","discard","discard","keep"
664,"3834","dedhe",6,"Child","round_4",55,3,"bracket","near","same","yes","yes",0,0,0,1,"low",0.125,0,0.25,"not 2D","1D","stack","iterate","iterate","iterate","Iterate",0.5,0.5,NA,0.33,NA,NA,NA,NA,NA,NA,0.92,0.08,0.44,0.28,0.29,0.92,0.23,1,0.92,0.44,1.36,0.92,0.75,0.75,"bracket","near","mix","pure","learn_gen","bracket_bracket",10,3,13,6.5,0.77,0,"Serial-crossed",0,0,0,0,0.92,0.08,0.28,0.29,0.92,0.08,0.29,0.28,0.92,0.39,"Center-embedded",0.335,0.332,NA,0.33,0.92,0.08,0,0,0,0.92,0,"Child_21","iterate","M",3.3,7,0.5,"no","near",NA,NA,NA,NA,NA,NA,NA,"discard","Near","discard","discard","discard","discard","discard","discard","discard","Child (Bracket)","discard","discard","discard","discard","discard","discard","discard","discard","discard","discard","discard","discard","discard","discard","discard","discard","discard","discard","discard","discard","discard","discard","Child (2 Dimensions)","High Load","Near","Near","discard","discard","discard","discard","discard","discard","discard","discard","2 Dimensions","discard","discard","discard","discard","Child (6 item)","discard","discard","discard","discard","discard","Child (6 item)","discard","discard","keep"
665,"3846","dedhe",6,"Child","round_4",53,4,"bracket","near","same","yes","yes",0.25,0.38,0,0.38,"low",0.125,0.22,0.42,"not 2D","1D","queue","iterate","iterate","iterate","Iterate",0.38,0.62,NA,0.05,NA,NA,NA,NA,NA,NA,0.99,0.01,0.07,0.62,0.31,0.99,0.37,1,0.99,0.62,1.6,0.99,0.58,0.81,"bracket","near","mix","pure","learn_gen","bracket_bracket",5,26,31,15.5,0.63,0.38,"Serial-crossed",0.38,0,0,0,0.99,0.01,0.62,0.31,0.99,0.01,0.31,0.62,0.99,0.43,"Serial-crossed",0.364,0.588,NA,0.05,0.99,0.01,0,0,0.22,0.99,0,"Child_22","iterate","M",0.2,-21,-0.7,"no","near",NA,NA,NA,NA,NA,NA,NA,"discard","Near","discard","discard","discard","discard","discard","discard","discard","Child (Bracket)","discard","discard","discard","discard","discard","discard","discard","discard","discard","discard","discard","discard","discard","discard","discard","discard","discard","discard","discard","discard","discard","discard","Child (2 Dimensions)","High Load","Near","Near","discard","discard","discard","discard","discard","discard","discard","discard","2 Dimensions","discard","discard","discard","discard","Child (6 item)","discard","discard","discard","discard","discard","Child (6 item)","discard","discard","keep"
666,"4323","dedhe",6,"Child","round_4",66,2,"bracket","near","same","yes","yes",0.25,0,0,0.75,"high",0.75,0.74,0.8,"2D","2D","stack","iterate","iterate","stack","Stack",0.9,0.1,NA,0.09,NA,NA,NA,NA,NA,NA,0.97,0.03,0.17,0.17,0.65,0.97,0.17,1,0.97,0.65,1.62,0.13,0.2,0.93,"bracket","near","mix","pure","learn_gen","bracket_bracket",17,5,22,11,0.83,0,"Serial-crossed",0.25,0,0,0,0.97,0.03,0.17,0.65,0.97,0.03,0.65,0.17,0.97,0.78,"Center-embedded",0.826,0.087,NA,0.09,0.97,0.03,0,0,0.74,0.74,1,"Child_23","2D","M",3.4,12,0.5,"yes","near",NA,NA,NA,NA,NA,NA,NA,"discard","Near","discard","discard","discard","discard","discard","discard","discard","Child (Bracket)","discard","discard","discard","discard","discard","discard","discard","discard","discard","discard","discard","discard","discard","discard","discard","discard","discard","discard","discard","discard","discard","discard","Child (2 Dimensions)","High Load","Near","Near","discard","discard","discard","discard","discard","discard","discard","discard","2 Dimensions","discard","discard","discard","discard","Child (6 item)","discard","discard","discard","discard","discard","Child (6 item)","discard","discard","keep"
667,"4325","dedhe",6,"Child","round_4",66,4,"bracket","near","same","yes","yes",0,0.13,0,0.88,"high",0.5,0.47,0.6,"2D","2D","queue","iterate","iterate","queue","Queue",0.22,0.78,NA,0.18,NA,NA,NA,NA,NA,NA,0.98,0.02,0.28,0.43,0.29,0.98,0.24,1,0.98,0.43,1.41,0.27,0.4,0.87,"bracket","near","mix","pure","learn_gen","bracket_bracket",15,14,29,14.5,0.76,0.13,"Serial-crossed",0.13,0,0,0,0.98,0.02,0.43,0.29,0.98,0.02,0.29,0.43,0.98,0.61,"Serial-crossed",0.178,0.645,NA,0.18,0.98,0.02,0,0,0.18,0.47,0,"Child_24","2D","M",1.1,1,0,"no","near",NA,NA,NA,NA,NA,NA,NA,"discard","Near","discard","discard","discard","discard","discard","discard","discard","Child (Bracket)","discard","discard","discard","discard","discard","discard","discard","discard","discard","discard","discard","discard","discard","discard","discard","discard","discard","discard","discard","discard","discard","discard","Child (2 Dimensions)","High Load","Near","Near","discard","discard","discard","discard","discard","discard","discard","discard","2 Dimensions","discard","discard","discard","discard","Child (6 item)","discard","discard","discard","discard","discard","Child (6 item)","discard","discard","keep"
668,"4327","dedhe",6,"Child","round_4",52,3,"bracket","near","same","yes","yes",0,0.25,0,0.75,"low",0.25,0.74,0.8,"2D","2D","queue","iterate","iterate","queue","Queue",0.1,0.9,NA,0.09,NA,NA,NA,NA,NA,NA,0.95,0.05,0.16,0.59,0.25,0.95,0.17,1,0.95,0.59,1.54,0.13,0.2,0.93,"bracket","near","mix","pure","learn_gen","bracket_bracket",5,23,28,14,0.83,0.25,"Serial-crossed",0.25,0,0,0,0.95,0.05,0.59,0.25,0.95,0.05,0.25,0.59,0.95,0.78,"Serial-crossed",0.087,0.826,NA,0.09,0.95,0.05,0,0,0.09,0.74,0,"Child_25","2D","M",0.2,-18,-0.6,"no","near",NA,NA,NA,NA,NA,NA,NA,"discard","Near","discard","discard","discard","discard","discard","discard","discard","Child (Bracket)","discard","discard","discard","discard","discard","discard","discard","discard","discard","discard","discard","discard","discard","discard","discard","discard","discard","discard","discard","discard","discard","discard","Child (2 Dimensions)","High Load","Near","Near","discard","discard","discard","discard","discard","discard","discard","discard","2 Dimensions","discard","discard","discard","discard","Child (6 item)","discard","discard","discard","discard","discard","Child (6 item)","discard","discard","keep"
669,"4329","dedhe",6,"Child","round_4",53,2,"bracket","near","same","yes","yes",0.25,0.25,0.13,0.38,"high",0.5,0,0.25,"not 2D","1D","stack","iterate","iterate","iterate","Iterate",0.5,0.5,NA,0.2,NA,NA,NA,NA,NA,NA,0.95,0.05,0.19,0.4,0.41,0.95,0.73,1,0.95,0.41,1.35,0.95,0.75,0.75,"bracket","near","mix","pure","learn_gen","bracket_bracket",7,5,12,6,0.27,0.25,"Serial-crossed",0.25,0,0,0,0.95,0.05,0.4,0.41,0.95,0.05,0.41,0.4,0.95,0.14,"Center-embedded",0.402,0.398,NA,0.2,0.95,0.05,0,0,0,0.95,0,"Child_26","iterate","M",1.4,2,0.2,"no","near",NA,NA,NA,NA,NA,NA,NA,"discard","Near","discard","discard","discard","discard","discard","discard","discard","Child (Bracket)","discard","discard","discard","discard","discard","discard","discard","discard","discard","discard","discard","discard","discard","discard","discard","discard","discard","discard","discard","discard","discard","discard","Child (2 Dimensions)","High Load","Near","Near","discard","discard","discard","discard","discard","discard","discard","discard","2 Dimensions","discard","discard","discard","discard","Child (6 item)","discard","discard","discard","discard","discard","Child (6 item)","discard","discard","keep"
670,"4331","dedhe",6,"Child","round_4",52,1,"bracket","near","same","yes","yes",0.25,0.13,0,0.63,"high",0.5,0.4,0.55,"2D","2D","stack","iterate","iterate","stack","Stack",0.72,0.28,NA,0.08,NA,NA,NA,NA,NA,NA,0.99,0.01,0.15,0.25,0.6,0.99,0.34,1,0.99,0.6,1.58,0.3,0.45,0.85,"bracket","near","mix","pure","learn_gen","bracket_bracket",12,12,24,12,0.66,0.13,"Serial-crossed",0.25,0,0,0,0.99,0.01,0.25,0.6,0.99,0.01,0.6,0.25,0.99,0.53,"Center-embedded",0.658,0.26,NA,0.08,0.99,0.01,0,0,0.4,0.4,1,"Child_27","2D","F",1,0,0,"yes","near",NA,NA,NA,NA,NA,NA,NA,"discard","Near","discard","discard","discard","discard","discard","discard","discard","Child (Bracket)","discard","discard","discard","discard","discard","discard","discard","discard","discard","discard","discard","discard","discard","discard","discard","discard","discard","discard","discard","discard","discard","discard","Child (2 Dimensions)","High Load","Near","Near","discard","discard","discard","discard","discard","discard","discard","discard","2 Dimensions","discard","discard","discard","discard","Child (6 item)","discard","discard","discard","discard","discard","Child (6 item)","discard","discard","keep"
671,"4333","dedhe",6,"Child","round_4",63,2,"bracket","near","same","yes","yes",0.13,0,0,0.88,"high",0.5,0.47,0.6,"2D","2D","stack","iterate","iterate","stack","Stack",0.78,0.22,NA,0.18,NA,NA,NA,NA,NA,NA,0.67,0.33,0.28,0.28,0.44,0.67,0.24,1,0.67,0.44,1.12,0.27,0.4,0.87,"bracket","near","mix","pure","learn_gen","bracket_bracket",4,11,15,7.5,0.76,0,"Serial-crossed",0.13,0,0,0,0.67,0.33,0.28,0.44,0.67,0.33,0.44,0.28,0.67,0.61,"Center-embedded",0.642,0.177,NA,0.18,0.67,0.33,0,0,0.46,0.47,1,"Child_28","2D","M",0.4,-7,-0.5,"yes","near",NA,NA,NA,NA,NA,NA,NA,"discard","Near","discard","discard","discard","discard","discard","discard","discard","Child (Bracket)","discard","discard","discard","discard","discard","discard","discard","discard","discard","discard","discard","discard","discard","discard","discard","discard","discard","discard","discard","discard","discard","discard","Child (2 Dimensions)","High Load","Near","Near","discard","discard","discard","discard","discard","discard","discard","discard","2 Dimensions","discard","discard","discard","discard","Child (6 item)","discard","discard","discard","discard","discard","Child (6 item)","discard","discard","keep"
672,"1_1","dedhe",6,"Child","round_4",71,4,"bracket","near","same","yes","yes",0.13,0.13,0,0.75,"low",0.125,0.01,0.25,"not 2D","1D","stack","iterate","iterate","iterate","Iterate",0.5,0.5,NA,0.13,NA,NA,NA,NA,NA,NA,0.79,0.21,0.79,0.1,0.11,0.79,0.36,1,0.79,0.79,1.59,0.79,0.75,0.75,"bracket","near","mix","pure","learn_gen","bracket_bracket",12,7,19,9.5,0.64,0.13,"Serial-crossed",0.13,0,0,0,0.79,0.21,0.1,0.11,0.79,0.21,0.11,0.1,0.79,0.32,"Center-embedded",0.436,0.43,NA,0.13,0.79,0.21,0,0,0.01,0.79,0,"Child_29","iterate","F",1.7,5,0.3,"no","near",NA,NA,NA,NA,NA,NA,NA,"discard","Near","discard","discard","discard","discard","discard","discard","discard","Child (Bracket)","discard","discard","discard","discard","discard","discard","discard","discard","discard","discard","discard","discard","discard","discard","discard","discard","discard","discard","discard","discard","discard","discard","Child (2 Dimensions)","High Load","Near","Near","discard","discard","discard","discard","discard","discard","discard","discard","2 Dimensions","discard","discard","discard","discard","Child (6 item)","discard","discard","discard","discard","discard","Child (6 item)","discard","discard","keep"
673,"2_1","dedhe",6,"Child","round_4",76,4,"bracket","near","same","yes","yes",0.38,0.13,0,0.5,"low",0.25,0.57,0.68,"2D","2D","stack","iterate","iterate","stack","Stack",0.8,0.2,NA,0.05,NA,NA,NA,NA,NA,NA,0.98,0.02,0.08,0.16,0.76,0.98,0.27,1,0.98,0.76,1.74,0.21,0.32,0.89,"bracket","near","mix","pure","learn_gen","bracket_bracket",8,12,20,10,0.73,0.13,"Serial-crossed",0.38,0,0,0,0.98,0.02,0.16,0.76,0.98,0.02,0.76,0.16,0.98,0.65,"Center-embedded",0.76,0.186,NA,0.05,0.98,0.02,0,0,0.57,0.57,1,"Child_30","2D","M",0.7,-4,-0.2,"yes","near",NA,NA,NA,NA,NA,NA,NA,"discard","Near","discard","discard","discard","discard","discard","discard","discard","Child (Bracket)","discard","discard","discard","discard","discard","discard","discard","discard","discard","discard","discard","discard","discard","discard","discard","discard","discard","discard","discard","discard","discard","discard","Child (2 Dimensions)","High Load","Near","Near","discard","discard","discard","discard","discard","discard","discard","discard","2 Dimensions","discard","discard","discard","discard","Child (6 item)","discard","discard","discard","discard","discard","Child (6 item)","discard","discard","keep"
674,"4_1","dedhe",6,"Child","round_4",74,2,"bracket","near","same","yes","yes",0,0,0,1,"low",0.125,0.02,0.27,"not 2D","1D","stack","iterate","iterate","iterate","Iterate",0.52,0.48,NA,0.33,NA,NA,NA,NA,NA,NA,0.91,0.09,0.28,0.28,0.44,0.91,0.23,1,0.91,0.44,1.35,0.91,0.73,0.76,"bracket","near","mix","pure","learn_gen","bracket_bracket",11,4,15,7.5,0.77,0,"Serial-crossed",0,0,0,0,0.91,0.09,0.28,0.44,0.91,0.09,0.44,0.28,0.91,0.39,"Center-embedded",0.344,0.323,NA,0.33,0.91,0.09,0,0,0.01,0.91,0,"Child_31","iterate","F",2.8,7,0.5,"no","near",NA,NA,NA,NA,NA,NA,NA,"discard","Near","discard","discard","discard","discard","discard","discard","discard","Child (Bracket)","discard","discard","discard","discard","discard","discard","discard","discard","discard","discard","discard","discard","discard","discard","discard","discard","discard","discard","discard","discard","discard","discard","Child (2 Dimensions)","High Load","Near","Near","discard","discard","discard","discard","discard","discard","discard","discard","2 Dimensions","discard","discard","discard","discard","Child (6 item)","discard","discard","discard","discard","discard","Child (6 item)","discard","discard","keep"
675,"5_1","dedhe",6,"Child","round_4",69,4,"bracket","near","same","yes","yes",0.13,0,0,0.88,"low",0.375,0.46,0.59,"2D","2D","stack","iterate","iterate","stack","Stack",0.78,0.22,NA,0.18,NA,NA,NA,NA,NA,NA,0.97,0.03,0.28,0.28,0.44,0.97,0.25,1,0.97,0.44,1.41,0.27,0.41,0.86,"bracket","near","mix","pure","learn_gen","bracket_bracket",22,25,47,23.5,0.75,0,"Serial-crossed",0.13,0,0,0,0.97,0.03,0.28,0.44,0.97,0.03,0.44,0.28,0.97,0.61,"Center-embedded",0.637,0.18,NA,0.18,0.97,0.03,0,0,0.45,0.46,1,"Child_32","2D","M",0.9,-3,-0.1,"yes","near",NA,NA,NA,NA,NA,NA,NA,"discard","Near","discard","discard","discard","discard","discard","discard","discard","Child (Bracket)","discard","discard","discard","discard","discard","discard","discard","discard","discard","discard","discard","discard","discard","discard","discard","discard","discard","discard","discard","discard","discard","discard","Child (2 Dimensions)","High Load","Near","Near","discard","discard","discard","discard","discard","discard","discard","discard","2 Dimensions","discard","discard","discard","discard","Child (6 item)","discard","discard","discard","discard","discard","Child (6 item)","discard","discard","keep"
676,"6_1","dedhe",6,"Child","round_4",68,2,"bracket","near","same","yes","yes",0.25,0.13,0,0.63,"low",0.125,0.4,0.55,"2D","2D","stack","iterate","iterate","stack","Stack",0.72,0.28,NA,0.08,NA,NA,NA,NA,NA,NA,0.92,0.08,0.15,0.15,0.7,0.92,0.35,1,0.92,0.7,1.62,0.3,0.45,0.85,"bracket","near","mix","pure","learn_gen","bracket_bracket",29,10,39,19.5,0.65,0.13,"Serial-crossed",0.25,0,0,0,0.92,0.08,0.15,0.7,0.92,0.08,0.7,0.15,0.92,0.53,"Center-embedded",0.657,0.261,NA,0.08,0.92,0.08,0,0,0.4,0.4,1,"Child_33","2D","F",2.9,19,0.5,"yes","near",NA,NA,NA,NA,NA,NA,NA,"discard","Near","discard","discard","discard","discard","discard","discard","discard","Child (Bracket)","discard","discard","discard","discard","discard","discard","discard","discard","discard","discard","discard","discard","discard","discard","discard","discard","discard","discard","discard","discard","discard","discard","Child (2 Dimensions)","High Load","Near","Near","discard","discard","discard","discard","discard","discard","discard","discard","2 Dimensions","discard","discard","discard","discard","Child (6 item)","discard","discard","discard","discard","discard","Child (6 item)","discard","discard","keep"
677,"7_1","dedhe",6,"Child","round_4",68,2,"bracket","near","same","yes","yes",0.25,0,0,0.75,"high",0.625,0.74,0.81,"2D","2D","stack","iterate","iterate","stack","Stack",0.91,0.09,NA,0.09,NA,NA,NA,NA,NA,NA,0.93,0.07,0.09,0.08,0.83,0.93,0.17,1,0.93,0.83,1.76,0.13,0.19,0.94,"bracket","near","mix","pure","learn_gen","bracket_bracket",4,6,10,5,0.83,0,"Serial-crossed",0.25,0,0,0,0.93,0.07,0.08,0.83,0.93,0.07,0.83,0.08,0.93,0.79,"Center-embedded",0.828,0.086,NA,0.09,0.93,0.07,0,0,0.74,0.74,1,"Child_34","2D","M",0.7,-2,-0.2,"yes","near",NA,NA,NA,NA,NA,NA,NA,"discard","Near","discard","discard","discard","discard","discard","discard","discard","Child (Bracket)","discard","discard","discard","discard","discard","discard","discard","discard","discard","discard","discard","discard","discard","discard","discard","discard","discard","discard","discard","discard","discard","discard","Child (2 Dimensions)","High Load","Near","Near","discard","discard","discard","discard","discard","discard","discard","discard","2 Dimensions","discard","discard","discard","discard","Child (6 item)","discard","discard","discard","discard","discard","Child (6 item)","discard","discard","keep"
678,"8_1","dedhe",6,"Child","round_4",68,4,"bracket","near","same","yes","yes",0,0.13,0,0.88,"high",0.875,0.44,0.58,"2D","2D","queue","iterate","iterate","queue","Queue",0.23,0.77,NA,0.19,NA,NA,NA,NA,NA,NA,0.51,0.49,0.28,0.43,0.29,0.51,0.24,1,0.51,0.43,0.93,0.28,0.42,0.86,"bracket","near","mix","pure","learn_gen","bracket_bracket",3,3,6,3,0.76,0.13,"Serial-crossed",0.13,0,0,0,0.51,0.49,0.43,0.29,0.51,0.49,0.29,0.43,0.51,0.6,"Serial-crossed",0.187,0.628,NA,0.19,0.51,0.49,0,0,0.19,0.44,0,"Child_35","2D","M",1,0,0,"no","near",NA,NA,NA,NA,NA,NA,NA,"discard","Near","discard","discard","discard","discard","discard","discard","discard","Child (Bracket)","discard","discard","discard","discard","discard","discard","discard","discard","discard","discard","discard","discard","discard","discard","discard","discard","discard","discard","discard","discard","discard","discard","Child (2 Dimensions)","High Load","Near","Near","discard","discard","discard","discard","discard","discard","discard","discard","2 Dimensions","discard","discard","discard","discard","Child (6 item)","discard","discard","discard","discard","discard","Child (6 item)","discard","discard","keep"
679,"9_1","dedhe",6,"Child","round_4",68,3,"bracket","near","same","yes","yes",0.25,0.13,0,0.63,"low",0.25,0.41,0.56,"2D","2D","stack","iterate","iterate","stack","Stack",0.72,0.28,NA,0.08,NA,NA,NA,NA,NA,NA,0.95,0.05,0.11,0.45,0.44,0.95,0.35,1,0.95,0.45,1.4,0.3,0.44,0.85,"bracket","near","mix","pure","learn_gen","bracket_bracket",10,4,14,7,0.65,0.13,"Serial-crossed",0.25,0,0,0,0.95,0.05,0.45,0.44,0.95,0.05,0.44,0.45,0.95,0.53,"Center-embedded",0.663,0.255,NA,0.08,0.95,0.05,0,0,0.41,0.41,1,"Child_36","2D","M",2.5,6,0.4,"yes","near",NA,NA,NA,NA,NA,NA,NA,"discard","Near","discard","discard","discard","discard","discard","discard","discard","Child (Bracket)","discard","discard","discard","discard","discard","discard","discard","discard","discard","discard","discard","discard","discard","discard","discard","discard","discard","discard","discard","discard","discard","discard","Child (2 Dimensions)","High Load","Near","Near","discard","discard","discard","discard","discard","discard","discard","discard","2 Dimensions","discard","discard","discard","discard","Child (6 item)","discard","discard","discard","discard","discard","Child (6 item)","discard","discard","keep"
680,"10_1","dedhe",6,"Child","round_4",66,2,"bracket","near","same","yes","yes",0.13,0,0,0.88,"low",0.375,0.47,0.6,"2D","2D","stack","iterate","iterate","stack","Stack",0.78,0.22,NA,0.18,NA,NA,NA,NA,NA,NA,0.84,0.16,0.59,0.16,0.26,0.84,0.24,1,0.84,0.59,1.43,0.27,0.4,0.87,"bracket","near","mix","pure","learn_gen","bracket_bracket",12,13,25,12.5,0.76,0,"Serial-crossed",0.13,0,0,0,0.84,0.16,0.16,0.26,0.84,0.16,0.26,0.16,0.84,0.61,"Center-embedded",0.643,0.178,NA,0.18,0.84,0.16,0,0,0.46,0.47,1,"Child_37","2D","F",0.9,-1,0,"yes","near",NA,NA,NA,NA,NA,NA,NA,"discard","Near","discard","discard","discard","discard","discard","discard","discard","Child (Bracket)","discard","discard","discard","discard","discard","discard","discard","discard","discard","discard","discard","discard","discard","discard","discard","discard","discard","discard","discard","discard","discard","discard","Child (2 Dimensions)","High Load","Near","Near","discard","discard","discard","discard","discard","discard","discard","discard","2 Dimensions","discard","discard","discard","discard","Child (6 item)","discard","discard","discard","discard","discard","Child (6 item)","discard","discard","keep"
681,"11_1","dedhe",6,"Child","round_4",66,4,"bracket","near","same","yes","yes",0.13,0.38,0,0.5,"low",0.25,0.57,0.68,"2D","2D","queue","iterate","iterate","queue","Queue",0.2,0.8,NA,0.05,NA,NA,NA,NA,NA,NA,0.97,0.03,0.08,0.77,0.15,0.97,0.26,1,0.97,0.77,1.73,0.22,0.32,0.89,"bracket","near","mix","pure","learn_gen","bracket_bracket",8,13,21,10.5,0.74,0.38,"Serial-crossed",0.38,0,0,0,0.97,0.03,0.77,0.15,0.97,0.03,0.15,0.77,0.97,0.65,"Serial-crossed",0.189,0.757,NA,0.05,0.97,0.03,0,0,0.19,0.57,0,"Child_38","2D","M",0.6,-5,-0.2,"no","near",NA,NA,NA,NA,NA,NA,NA,"discard","Near","discard","discard","discard","discard","discard","discard","discard","Child (Bracket)","discard","discard","discard","discard","discard","discard","discard","discard","discard","discard","discard","discard","discard","discard","discard","discard","discard","discard","discard","discard","discard","discard","Child (2 Dimensions)","High Load","Near","Near","discard","discard","discard","discard","discard","discard","discard","discard","2 Dimensions","discard","discard","discard","discard","Child (6 item)","discard","discard","discard","discard","discard","Child (6 item)","discard","discard","keep"
682,"12_1","dedhe",6,"Child","round_4",66,3,"bracket","near","same","yes","yes",0.13,0.13,0,0.75,"high",0.5,0.01,0.26,"not 2D","1D","stack","iterate","iterate","iterate","Iterate",0.51,0.49,NA,0.14,NA,NA,NA,NA,NA,NA,0.87,0.13,0.25,0.37,0.38,0.87,0.37,1,0.87,0.38,1.25,0.87,0.74,0.75,"bracket","near","mix","pure","learn_gen","bracket_bracket",16,4,20,10,0.63,0.13,"Serial-crossed",0.13,0,0,0,0.87,0.13,0.37,0.38,0.87,0.13,0.38,0.37,0.87,0.32,"Center-embedded",0.437,0.427,NA,0.14,0.87,0.13,0,0,0.01,0.87,0,"Child_39","iterate","M",4,12,0.6,"no","near",NA,NA,NA,NA,NA,NA,NA,"discard","Near","discard","discard","discard","discard","discard","discard","discard","Child (Bracket)","discard","discard","discard","discard","discard","discard","discard","discard","discard","discard","discard","discard","discard","discard","discard","discard","discard","discard","discard","discard","discard","discard","Child (2 Dimensions)","High Load","Near","Near","discard","discard","discard","discard","discard","discard","discard","discard","2 Dimensions","discard","discard","discard","discard","Child (6 item)","discard","discard","discard","discard","discard","Child (6 item)","discard","discard","keep"
683,"13_1","dedhe",6,"Child","round_4",66,4,"bracket","near","same","yes","yes",0.25,0,0.13,0.63,"high",0.625,0.58,0.69,"2D","2D","stack","iterate","iterate","stack","Stack",0.89,0.11,NA,0.25,NA,NA,NA,NA,NA,NA,0.93,0.07,0.25,0.15,0.6,0.93,0.34,1,0.93,0.6,1.53,0.21,0.31,0.9,"bracket","near","mix","pure","learn_gen","bracket_bracket",3,7,10,5,0.66,0.13,"Tail-recursive",0.25,0,0,0,0.93,0.07,0.15,0.6,0.93,0.07,0.6,0.15,0.93,0.62,"Center-embedded",0.665,0.081,NA,0.25,0.93,0.07,0,0,0.41,0.58,1,"Child_40","2D","M",0.4,-4,-0.4,"yes","near",NA,NA,NA,NA,NA,NA,NA,"discard","Near","discard","discard","discard","discard","discard","discard","discard","Child (Bracket)","discard","discard","discard","discard","discard","discard","discard","discard","discard","discard","discard","discard","discard","discard","discard","discard","discard","discard","discard","discard","discard","discard","Child (2 Dimensions)","High Load","Near","Near","discard","discard","discard","discard","discard","discard","discard","discard","2 Dimensions","discard","discard","discard","discard","Child (6 item)","discard","discard","discard","discard","discard","Child (6 item)","discard","discard","keep"
684,"15_1","dedhe",6,"Child","round_4",64,3,"bracket","near","same","yes","yes",0.13,0,0.13,0.75,"low",0.25,0.3,0.47,"not 2D","1D","stack","alternate","seriate","alternate","Associative",0.76,0.24,NA,0.43,NA,NA,NA,NA,NA,NA,0.49,0.51,0.38,0.24,0.38,0.51,0.36,1,0.51,0.38,0.89,0.51,0.53,0.82,"bracket","near","mix","pure","learn_gen","bracket_bracket",6,4,10,5,0.64,0.13,"Tail-recursive",0.13,0,0,0,0.49,0.51,0.24,0.38,0.49,0.51,0.38,0.24,0.51,0.47,"Center-embedded",0.434,0.136,NA,0.43,0.49,0.51,0,0,0,0.51,0,"Child_41","alternate","M",1.5,2,0.2,"no","near",NA,NA,NA,NA,NA,NA,NA,"discard","Near","discard","discard","discard","discard","discard","discard","discard","Child (Bracket)","discard","discard","discard","discard","discard","discard","discard","discard","discard","discard","discard","discard","discard","discard","discard","discard","discard","discard","discard","discard","discard","discard","Child (2 Dimensions)","High Load","Near","Near","discard","discard","discard","discard","discard","discard","discard","discard","2 Dimensions","discard","discard","discard","discard","Child (6 item)","discard","discard","discard","discard","discard","Child (6 item)","discard","discard","keep"
685,"16_1","dedhe",6,"Child","round_4",66,4,"bracket","near","same","yes","yes",0.25,0,0,0.75,"low",0.375,0.74,0.8,"2D","2D","stack","palindrome","palindrome","stack","Stack",0.9,0.1,NA,0.09,NA,NA,NA,NA,NA,NA,0.66,0.34,0.08,0.15,0.76,0.76,0.17,2,0.66,0.76,1.42,0.13,0.2,0.93,"bracket","near","mix","pure","learn_gen","bracket_bracket",3,4,7,3.5,0.83,0,"Serial-crossed",0.25,0,0,0,0.66,0.34,0.15,0.76,0.66,0.34,0.76,0.15,0.76,0.79,"Center-embedded",0.827,0.087,NA,0.09,0.08,0.15,0.15,0.76,0.74,0.74,1,"Child_42","2D","F",0.8,-1,-0.1,"yes","near",NA,NA,NA,NA,NA,NA,NA,"discard","Near","discard","discard","discard","discard","discard","discard","discard","Child (Bracket)","discard","discard","discard","discard","discard","discard","discard","discard","discard","discard","discard","discard","discard","discard","discard","discard","discard","discard","discard","discard","discard","discard","Child (2 Dimensions)","High Load","Near","Near","discard","discard","discard","discard","discard","discard","discard","discard","2 Dimensions","discard","discard","discard","discard","Child (6 item)","discard","discard","discard","discard","discard","Child (6 item)","discard","discard","keep"
686,"17_1","dedhe",6,"Child","round_4",66,4,"bracket","near","same","yes","yes",1,0,0,0,"high",0.875,0.96,0.97,"2D","2D","stack","iterate","iterate","stack","Stack",0.99,0.01,NA,0.01,NA,NA,NA,NA,NA,NA,0.99,0.01,0.01,0.01,0.98,0.99,0.02,1,0.99,0.98,1.96,0.02,0.03,0.99,"bracket","near","mix","pure","learn_gen","bracket_bracket",4,4,8,4,0.98,0,"Serial-crossed",1,0,0,0,0.99,0.01,0.01,0.98,0.99,0.01,0.98,0.01,0.99,0.97,"Center-embedded",0.976,0.012,NA,0.01,0.99,0.01,0,0,0.96,0.96,1,"Child_43","2D","F",1,0,0,"yes","near",NA,NA,NA,NA,NA,NA,NA,"discard","Near","discard","discard","discard","discard","discard","discard","discard","Child (Bracket)","discard","discard","discard","discard","discard","discard","discard","discard","discard","discard","discard","discard","discard","discard","discard","discard","discard","discard","discard","discard","discard","discard","Child (2 Dimensions)","High Load","Near","Near","discard","discard","discard","discard","discard","discard","discard","discard","2 Dimensions","discard","discard","discard","discard","Child (6 item)","discard","discard","discard","discard","discard","Child (6 item)","discard","discard","keep"
687,"18_1","dedhe",6,"Child","round_4",65,4,"bracket","near","same","yes","yes",0.5,0,0,0.5,"high",0.75,0.87,0.91,"2D","2D","stack","iterate","iterate","stack","Stack",0.96,0.04,NA,0.04,NA,NA,NA,NA,NA,NA,0.99,0.01,0.05,0.05,0.89,0.99,0.07,1,0.99,0.89,1.88,0.06,0.09,0.97,"bracket","near","mix","pure","learn_gen","bracket_bracket",9,4,13,6.5,0.93,0,"Serial-crossed",0.5,0,0,0,0.99,0.01,0.05,0.89,0.99,0.01,0.89,0.05,0.99,0.9,"Center-embedded",0.916,0.042,NA,0.04,0.99,0.01,0,0,0.87,0.87,1,"Child_44","2D","M",2.3,5,0.4,"yes","near",NA,NA,NA,NA,NA,NA,NA,"discard","Near","discard","discard","discard","discard","discard","discard","discard","Child (Bracket)","discard","discard","discard","discard","discard","discard","discard","discard","discard","discard","discard","discard","discard","discard","discard","discard","discard","discard","discard","discard","discard","discard","Child (2 Dimensions)","High Load","Near","Near","discard","discard","discard","discard","discard","discard","discard","discard","2 Dimensions","discard","discard","discard","discard","Child (6 item)","discard","discard","discard","discard","discard","Child (6 item)","discard","discard","keep"
688,"19_1","dedhe",6,"Child","round_4",65,3,"bracket","near","same","yes","yes",0.13,0.38,0,0.5,"high",1,0.57,0.68,"2D","2D","queue","iterate","iterate","queue","Queue",0.2,0.8,NA,0.06,NA,NA,NA,NA,NA,NA,0.99,0.01,0.08,0.76,0.16,0.99,0.27,1,0.99,0.76,1.75,0.22,0.32,0.89,"bracket","near","mix","pure","learn_gen","bracket_bracket",3,4,7,3.5,0.73,0.38,"Serial-crossed",0.38,0,0,0,0.99,0.01,0.76,0.16,0.99,0.01,0.16,0.76,0.99,0.65,"Serial-crossed",0.188,0.757,NA,0.06,0.99,0.01,0,0,0.19,0.57,0,"Child_45","2D","M",0.8,-1,-0.1,"no","near",NA,NA,NA,NA,NA,NA,NA,"discard","Near","discard","discard","discard","discard","discard","discard","discard","Child (Bracket)","discard","discard","discard","discard","discard","discard","discard","discard","discard","discard","discard","discard","discard","discard","discard","discard","discard","discard","discard","discard","discard","discard","Child (2 Dimensions)","High Load","Near","Near","discard","discard","discard","discard","discard","discard","discard","discard","2 Dimensions","discard","discard","discard","discard","Child (6 item)","discard","discard","discard","discard","discard","Child (6 item)","discard","discard","keep"
689,"20_1","dedhe",6,"Child","round_4",66,4,"bracket","near","same","yes","yes",0.75,0,0,0.25,"high",0.5,0.92,0.94,"2D","2D","stack","iterate","iterate","stack","Stack",0.97,0.03,NA,0.03,NA,NA,NA,NA,NA,NA,0.98,0.02,0.03,0.03,0.95,0.98,0.04,1,0.98,0.95,1.92,0.04,0.06,0.98,"bracket","near","mix","pure","learn_gen","bracket_bracket",8,3,11,5.5,0.96,0,"Serial-crossed",0.75,0,0,0,0.98,0.02,0.03,0.95,0.98,0.02,0.95,0.03,0.98,0.94,"Center-embedded",0.947,0.026,NA,0.03,0.98,0.02,0,0,0.92,0.92,1,"Child_46","2D","M",2.7,5,0.5,"yes","near",NA,NA,NA,NA,NA,NA,NA,"discard","Near","discard","discard","discard","discard","discard","discard","discard","Child (Bracket)","discard","discard","discard","discard","discard","discard","discard","discard","discard","discard","discard","discard","discard","discard","discard","discard","discard","discard","discard","discard","discard","discard","Child (2 Dimensions)","High Load","Near","Near","discard","discard","discard","discard","discard","discard","discard","discard","2 Dimensions","discard","discard","discard","discard","Child (6 item)","discard","discard","discard","discard","discard","Child (6 item)","discard","discard","keep"
690,"3699","dedhe",6,"Child","round_4",64,3,"bracket","far","same","yes","yes",0.5,0,0,0.5,"high",0.75,0.87,0.9,"2D","2D","stack","iterate","iterate","stack","Stack",0.91,0.04,0.04,NA,NA,NA,NA,NA,NA,NA,0.95,0.05,0.05,0.05,0.89,0.95,0.07,1,0.95,0.89,1.85,0.06,0.1,0.97,"bracket","far","mix","pure","learn_gen","bracket_bracket",3,4,7,3.5,0.93,0,"Serial-crossed",0.5,0,0,0,0.95,0.05,0.05,0.89,0.95,0.05,0.89,0.05,0.95,0.9,"Center-embedded",0.915,0.043,0.04,NA,0.95,0.05,0,0,0.87,0.87,1,"Child_01","2D","F",0.8,-1,-0.1,"yes","far_same",NA,NA,NA,NA,NA,NA,NA,"discard","Far (Related)","discard","discard","discard","discard","Child (6 item)","discard","Child (Bracket)","Child (Bracket)","discard","discard","discard","Human Child","discard","discard","discard","discard","discard","discard","discard","discard","discard","discard","discard","discard","discard","discard","discard","discard","discard","discard","Child (2 Dimensions)","High Load","Far (Same)","Far","discard","discard","discard","discard","discard","discard","discard","discard","2 Dimensions","Child (6 item)","discard","discard","discard","discard","discard","discard","discard","discard","discard","Child (6 item)","discard","discard","keep"
691,"3701","dedhe",6,"Child","round_4",67,3,"bracket","far","same","yes","yes",0,0,0,1,"high",0.75,0.02,0.26,"not 2D","1D","stack","iterate","iterate","iterate","Iterate",0.35,0.32,0.33,NA,NA,NA,NA,NA,NA,NA,0.51,0.49,0.66,0.17,0.17,0.66,0.23,2,0.51,0.66,1.16,0.66,0.74,0.75,"bracket","far","mix","pure","learn_gen","bracket_bracket",13,4,17,8.5,0.77,0,"Serial-crossed",0,0,0,0,0.66,0.49,0.17,0.17,0.66,0.49,0.17,0.17,0.66,0.4,"Center-embedded",0.347,0.323,0.33,NA,0.66,0.17,0.17,0.17,0.02,0.66,0,"Child_02","iterate","F",3.3,9,0.5,"no","far_same",NA,NA,NA,NA,NA,NA,NA,"discard","Far (Related)","discard","discard","discard","discard","Child (6 item)","discard","Child (Bracket)","Child (Bracket)","discard","discard","discard","Human Child","discard","discard","discard","discard","discard","discard","discard","discard","discard","discard","discard","discard","discard","discard","discard","discard","discard","discard","Child (2 Dimensions)","High Load","Far (Same)","Far","discard","discard","discard","discard","discard","discard","discard","discard","2 Dimensions","Child (6 item)","discard","discard","discard","discard","discard","discard","discard","discard","discard","Child (6 item)","discard","discard","keep"
692,"3703","dedhe",6,"Child","round_4",67,3,"bracket","far","same","yes","yes",0.5,0,0.25,0.25,"high",0.625,0.37,0.52,"2D","2D","stack","iterate","iterate","stack","Stack",0.67,0.03,0.3,NA,NA,NA,NA,NA,NA,NA,0.83,0.17,0.24,0.04,0.71,0.83,0.31,1,0.83,0.71,1.55,0.32,0.48,0.84,"bracket","far","mix","pure","learn_gen","bracket_bracket",4,3,7,3.5,0.69,0.25,"Tail-recursive",0.5,0,0,0,0.83,0.17,0.04,0.71,0.83,0.17,0.71,0.04,0.83,0.53,"Center-embedded",0.667,0.033,0.3,NA,0.83,0.17,0,0,0.37,0.37,1,"Child_03","2D","F",1.3,1,0.1,"yes","far_same",NA,NA,NA,NA,NA,NA,NA,"discard","Far (Related)","discard","discard","discard","discard","Child (6 item)","discard","Child (Bracket)","Child (Bracket)","discard","discard","discard","Human Child","discard","discard","discard","discard","discard","discard","discard","discard","discard","discard","discard","discard","discard","discard","discard","discard","discard","discard","Child (2 Dimensions)","High Load","Far (Same)","Far","discard","discard","discard","discard","discard","discard","discard","discard","2 Dimensions","Child (6 item)","discard","discard","discard","discard","discard","discard","discard","discard","discard","Child (6 item)","discard","discard","keep"
693,"3705","dedhe",6,"Child","round_4",60,3,"bracket","far","same","yes","yes",0,0,0,1,"high",0.75,0,0.25,"not 2D","1D","queue","alternate","seriate","alternate","Seriate",0.34,0.34,0.33,NA,NA,NA,NA,NA,NA,NA,0.49,0.51,0.34,0.33,0.33,0.51,0.23,1,0.51,0.34,0.85,0.51,0.75,0.75,"bracket","far","mix","pure","learn_gen","bracket_bracket",4,5,9,4.5,0.77,0,"Serial-crossed",0,0,0,0,0.49,0.51,0.33,0.33,0.49,0.51,0.33,0.33,0.51,0.38,"Center-embedded",0.335,0.336,0.33,NA,0.49,0.51,0,0,0,0.51,0,"Child_04","alternate","F",0.8,-1,-0.1,"no","far_same",NA,NA,NA,NA,NA,NA,NA,"discard","Far (Related)","discard","discard","discard","discard","Child (6 item)","discard","Child (Bracket)","Child (Bracket)","discard","discard","discard","Human Child","discard","discard","discard","discard","discard","discard","discard","discard","discard","discard","discard","discard","discard","discard","discard","discard","discard","discard","Child (2 Dimensions)","High Load","Far (Same)","Far","discard","discard","discard","discard","discard","discard","discard","discard","2 Dimensions","Child (6 item)","discard","discard","discard","discard","discard","discard","discard","discard","discard","Child (6 item)","discard","discard","keep"
694,"3707","dedhe",6,"Child","round_4",56,4,"bracket","far","same","yes","yes",0,0,0.22,0.78,"high",0.875,0.72,0.79,"2D","2D","pair","iterate","iterate","pair","Pair",0.09,0.09,0.82,NA,NA,NA,NA,NA,NA,NA,0.65,0.35,0.8,0.1,0.1,0.8,0.17,2,0.65,0.8,1.45,0.14,0.21,0.93,"bracket","far","mix","pure","learn_gen","bracket_bracket",9,3,12,6,0.83,0.22,"Tail-recursive",0.22,0,0,0,0.8,0.35,0.1,0.1,0.8,0.35,0.1,0.1,0.8,0.78,"Tail-recursive",0.094,0.089,0.82,NA,0.8,0.1,0.1,0.1,0.09,0.72,0,"Child_05","2D","F",3,6,0.5,"no","far_same",NA,NA,NA,NA,NA,NA,NA,"discard","Far (Related)","discard","discard","discard","discard","Child (6 item)","discard","Child (Bracket)","Child (Bracket)","discard","discard","discard","Human Child","discard","discard","discard","discard","discard","discard","discard","discard","discard","discard","discard","discard","discard","discard","discard","discard","discard","discard","Child (2 Dimensions)","High Load","Far (Same)","Far","discard","discard","discard","discard","discard","discard","discard","discard","2 Dimensions","Child (6 item)","discard","discard","discard","discard","discard","discard","discard","discard","discard","Child (6 item)","discard","discard","keep"
695,"3709","dedhe",6,"Child","round_4",43,2,"bracket","far","same","yes","yes",0.56,0,0,0.44,"low",0.375,0.9,0.92,"2D","2D","stack","iterate","iterate","stack","Stack",0.93,0.04,0.03,NA,NA,NA,NA,NA,NA,NA,0.99,0.01,0.04,0.04,0.92,0.99,0.05,1,0.99,0.92,1.91,0.05,0.08,0.97,"bracket","far","mix","pure","learn_gen","bracket_bracket",5,8,13,6.5,0.95,0,"Serial-crossed",0.56,0,0,0,0.99,0.01,0.04,0.92,0.99,0.01,0.92,0.04,0.99,0.92,"Center-embedded",0.931,0.035,0.03,NA,0.99,0.01,0,0,0.9,0.9,1,"Child_06","2D","M",0.6,-3,-0.2,"yes","far_same",NA,NA,NA,NA,NA,NA,NA,"discard","Far (Related)","discard","discard","discard","discard","Child (6 item)","discard","Child (Bracket)","Child (Bracket)","discard","discard","discard","Human Child","discard","discard","discard","discard","discard","discard","discard","discard","discard","discard","discard","discard","discard","discard","discard","discard","discard","discard","Child (2 Dimensions)","High Load","Far (Same)","Far","discard","discard","discard","discard","discard","discard","discard","discard","2 Dimensions","Child (6 item)","discard","discard","discard","discard","discard","discard","discard","discard","discard","Child (6 item)","discard","discard","keep"
696,"3711","dedhe",6,"Child","round_4",42,3,"bracket","far","same","yes","yes",0,0,0,1,"low",0.25,0.01,0.26,"not 2D","1D","stack","alternate","seriate","alternate","Seriate",0.34,0.32,0.33,NA,NA,NA,NA,NA,NA,NA,0.5,0.5,0.37,0.37,0.27,0.5,0.23,1,0.5,0.37,0.87,0.5,0.74,0.75,"bracket","far","mix","pure","learn_gen","bracket_bracket",21,5,26,13,0.77,0,"Serial-crossed",0,0,0,0,0.5,0.5,0.37,0.27,0.5,0.5,0.27,0.37,0.5,0.39,"Center-embedded",0.345,0.322,0.33,NA,0.5,0.5,0,0,0.01,0.5,0,"Child_07","alternate","F",4.2,16,0.6,"no","far_same",NA,NA,NA,NA,NA,NA,NA,"discard","Far (Related)","discard","discard","discard","discard","Child (6 item)","discard","Child (Bracket)","Child (Bracket)","discard","discard","discard","Human Child","discard","discard","discard","discard","discard","discard","discard","discard","discard","discard","discard","discard","discard","discard","discard","discard","discard","discard","Child (2 Dimensions)","High Load","Far (Same)","Far","discard","discard","discard","discard","discard","discard","discard","discard","2 Dimensions","Child (6 item)","discard","discard","discard","discard","discard","discard","discard","discard","discard","Child (6 item)","discard","discard","keep"
697,"3737","dedhe",6,"Child","round_4",63,2,"bracket","far","same","yes","yes",0.33,0.11,0,0.56,"high",0.625,0.58,0.68,"2D","2D","stack","iterate","iterate","stack","Stack",0.76,0.18,0.06,NA,NA,NA,NA,NA,NA,NA,0.97,0.03,0.09,0.15,0.75,0.97,0.26,1,0.97,0.75,1.73,0.21,0.32,0.89,"bracket","far","mix","pure","learn_gen","bracket_bracket",4,6,10,5,0.74,0.11,"Serial-crossed",0.33,0,0,0,0.97,0.03,0.15,0.75,0.97,0.03,0.75,0.15,0.97,0.66,"Center-embedded",0.761,0.184,0.06,NA,0.97,0.03,0,0,0.58,0.58,1,"Child_08","2D","F",0.7,-2,-0.2,"yes","far_same",NA,NA,NA,NA,NA,NA,NA,"discard","Far (Related)","discard","discard","discard","discard","Child (6 item)","discard","Child (Bracket)","Child (Bracket)","discard","discard","discard","Human Child","discard","discard","discard","discard","discard","discard","discard","discard","discard","discard","discard","discard","discard","discard","discard","discard","discard","discard","Child (2 Dimensions)","High Load","Far (Same)","Far","discard","discard","discard","discard","discard","discard","discard","discard","2 Dimensions","Child (6 item)","discard","discard","discard","discard","discard","discard","discard","discard","discard","Child (6 item)","discard","discard","keep"
698,"3745","dedhe",6,"Child","round_4",58,3,"bracket","far","same","yes","yes",0,0.22,0.11,0.67,"high",0.875,0.4,0.55,"2D","2D","queue","iterate","iterate","queue","Queue",0.09,0.66,0.26,NA,NA,NA,NA,NA,NA,NA,0.93,0.07,0.43,0.43,0.13,0.93,0.34,1,0.93,0.43,1.36,0.3,0.45,0.85,"bracket","far","mix","pure","learn_gen","bracket_bracket",6,3,9,4.5,0.66,0.22,"Serial-crossed",0.22,0,0,0,0.93,0.07,0.43,0.13,0.93,0.07,0.13,0.43,0.93,0.53,"Serial-crossed",0.089,0.656,0.26,NA,0.93,0.07,0,0,0.09,0.4,0,"Child_09","2D","M",2,3,0.3,"no","far_same",NA,NA,NA,NA,NA,NA,NA,"discard","Far (Related)","discard","discard","discard","discard","Child (6 item)","discard","Child (Bracket)","Child (Bracket)","discard","discard","discard","Human Child","discard","discard","discard","discard","discard","discard","discard","discard","discard","discard","discard","discard","discard","discard","discard","discard","discard","discard","Child (2 Dimensions)","High Load","Far (Same)","Far","discard","discard","discard","discard","discard","discard","discard","discard","2 Dimensions","Child (6 item)","discard","discard","discard","discard","discard","discard","discard","discard","discard","Child (6 item)","discard","discard","keep"
699,"3747","dedhe",6,"Child","round_4",69,3,"bracket","far","same","yes","yes",0,0,0.11,0.89,"high",0.5,0.43,0.57,"2D","2D","pair","iterate","iterate","pair","Pair",0.19,0.19,0.62,NA,NA,NA,NA,NA,NA,NA,0.5,0.5,0.88,0.06,0.06,0.88,0.25,2,0.5,0.88,1.38,0.29,0.43,0.86,"bracket","far","mix","pure","learn_gen","bracket_bracket",4,8,12,6,0.75,0.11,"Tail-recursive",0.11,0,0,0,0.88,0.5,0.06,0.06,0.88,0.5,0.06,0.06,0.88,0.59,"Tail-recursive",0.193,0.188,0.62,NA,0.88,0.06,0.06,0.06,0.19,0.43,0,"Child_10","2D","F",0.5,-4,-0.3,"no","far_same",NA,NA,NA,NA,NA,NA,NA,"discard","Far (Related)","discard","discard","discard","discard","Child (6 item)","discard","Child (Bracket)","Child (Bracket)","discard","discard","discard","Human Child","discard","discard","discard","discard","discard","discard","discard","discard","discard","discard","discard","discard","discard","discard","discard","discard","discard","discard","Child (2 Dimensions)","High Load","Far (Same)","Far","discard","discard","discard","discard","discard","discard","discard","discard","2 Dimensions","Child (6 item)","discard","discard","discard","discard","discard","discard","discard","discard","discard","Child (6 item)","discard","discard","keep"
700,"3749","dedhe",6,"Child","round_4",65,3,"bracket","far","same","yes","yes",0.25,0,0.13,0.63,"high",0.5,0.4,0.55,"2D","2D","stack","iterate","iterate","stack","Stack",0.66,0.08,0.26,NA,NA,NA,NA,NA,NA,NA,0.79,0.21,0.45,0.11,0.44,0.79,0.35,1,0.79,0.45,1.24,0.3,0.45,0.85,"bracket","far","mix","pure","learn_gen","bracket_bracket",5,8,13,6.5,0.65,0.13,"Tail-recursive",0.25,0,0,0,0.79,0.21,0.11,0.44,0.79,0.21,0.44,0.11,0.79,0.53,"Center-embedded",0.661,0.082,0.26,NA,0.79,0.21,0,0,0.4,0.4,1,"Child_11","2D","F",0.6,-3,-0.2,"yes","far_same",NA,NA,NA,NA,NA,NA,NA,"discard","Far (Related)","discard","discard","discard","discard","Child (6 item)","discard","Child (Bracket)","Child (Bracket)","discard","discard","discard","Human Child","discard","discard","discard","discard","discard","discard","discard","discard","discard","discard","discard","discard","discard","discard","discard","discard","discard","discard","Child (2 Dimensions)","High Load","Far (Same)","Far","discard","discard","discard","discard","discard","discard","discard","discard","2 Dimensions","Child (6 item)","discard","discard","discard","discard","discard","discard","discard","discard","discard","Child (6 item)","discard","discard","keep"
701,"3758","dedhe",6,"Child","round_4",55,2,"bracket","far","same","yes","yes",0,0.5,0,0.5,"high",0.75,0.87,0.91,"2D","2D","queue","seriate","seriate","queue","Queue",0.04,0.92,0.04,NA,NA,NA,NA,NA,NA,NA,0.91,0.09,0.02,0.96,0.02,0.96,0.07,2,0.91,0.96,1.87,0.06,0.09,0.97,"bracket","far","mix","pure","learn_gen","bracket_bracket",3,3,6,3,0.93,0.5,"Serial-crossed",0.5,0,0,0,0.91,0.09,0.96,0.02,0.91,0.09,0.02,0.96,0.96,0.9,"Serial-crossed",0.042,0.916,0.04,NA,0.02,0.96,0.96,0.02,0.04,0.87,0,"Child_12","2D","F",1,0,0,"no","far_same",NA,NA,NA,NA,NA,NA,NA,"discard","Far (Related)","discard","discard","discard","discard","Child (6 item)","discard","Child (Bracket)","Child (Bracket)","discard","discard","discard","Human Child","discard","discard","discard","discard","discard","discard","discard","discard","discard","discard","discard","discard","discard","discard","discard","discard","discard","discard","Child (2 Dimensions)","High Load","Far (Same)","Far","discard","discard","discard","discard","discard","discard","discard","discard","2 Dimensions","Child (6 item)","discard","discard","discard","discard","discard","discard","discard","discard","discard","Child (6 item)","discard","discard","keep"
702,"3766","dedhe",6,"Child","round_4",52,2,"bracket","far","same","yes","yes",0,0,0.22,0.78,"low",0.375,0.73,0.8,"2D","2D","pair","iterate","iterate","pair","Pair",0.09,0.09,0.82,NA,NA,NA,NA,NA,NA,NA,0.35,0.65,0.96,0.02,0.02,0.96,0.17,2,0.65,0.96,1.61,0.14,0.2,0.93,"bracket","far","mix","pure","learn_gen","bracket_bracket",20,18,38,19,0.83,0.22,"Tail-recursive",0.22,0,0,0,0.96,0.65,0.02,0.02,0.96,0.65,0.02,0.02,0.96,0.78,"Tail-recursive",0.09,0.092,0.82,NA,0.96,0.02,0.02,0.02,0.09,0.73,0,"Child_13","2D","F",1.1,2,0.1,"no","far_same",NA,NA,NA,NA,NA,NA,NA,"discard","Far (Related)","discard","discard","discard","discard","Child (6 item)","discard","Child (Bracket)","Child (Bracket)","discard","discard","discard","Human Child","discard","discard","discard","discard","discard","discard","discard","discard","discard","discard","discard","discard","discard","discard","discard","discard","discard","discard","Child (2 Dimensions)","High Load","Far (Same)","Far","discard","discard","discard","discard","discard","discard","discard","discard","2 Dimensions","Child (6 item)","discard","discard","discard","discard","discard","discard","discard","discard","discard","Child (6 item)","discard","discard","keep"
703,"3776","dedhe",6,"Child","round_4",58,1,"bracket","far","same","yes","yes",0,0,0,1,"low",0,0,0.25,"not 2D","1D","pair","iterate","iterate","iterate","Iterate",0.33,0.33,0.34,NA,NA,NA,NA,NA,NA,NA,0.8,0.2,0.34,0.33,0.33,0.8,0.22,1,0.8,0.34,1.14,0.8,0.75,0.75,"bracket","far","mix","pure","learn_gen","bracket_bracket",22,6,28,14,0.78,0,"Serial-crossed",0,0,0,0,0.8,0.2,0.33,0.33,0.8,0.2,0.33,0.33,0.8,0.39,"Center-embedded",0.331,0.334,0.34,NA,0.8,0.2,0,0,0,0.8,0,"Child_14","iterate","F",3.7,16,0.6,"no","far_same",NA,NA,NA,NA,NA,NA,NA,"discard","Far (Related)","discard","discard","discard","discard","Child (6 item)","discard","Child (Bracket)","Child (Bracket)","discard","discard","discard","Human Child","discard","discard","discard","discard","discard","discard","discard","discard","discard","discard","discard","discard","discard","discard","discard","discard","discard","discard","Child (2 Dimensions)","High Load","Far (Same)","Far","discard","discard","discard","discard","discard","discard","discard","discard","2 Dimensions","Child (6 item)","discard","discard","discard","discard","discard","discard","discard","discard","discard","Child (6 item)","discard","discard","keep"
704,"3778","dedhe",6,"Child","round_4",61,4,"bracket","far","same","yes","yes",0,0,0,1,"low",0.375,0.01,0.26,"not 2D","1D","stack","iterate","iterate","iterate","Iterate",0.34,0.33,0.33,NA,NA,NA,NA,NA,NA,NA,0.64,0.36,0.24,0.38,0.38,0.64,0.23,1,0.64,0.38,1.02,0.64,0.74,0.75,"bracket","far","mix","pure","learn_gen","bracket_bracket",6,21,27,13.5,0.77,0,"Serial-crossed",0,0,0,0,0.64,0.36,0.38,0.38,0.64,0.36,0.38,0.38,0.64,0.39,"Center-embedded",0.342,0.326,0.33,NA,0.64,0.36,0,0,0.01,0.64,0,"Child_15","iterate","M",0.3,-15,-0.6,"no","far_same",NA,NA,NA,NA,NA,NA,NA,"discard","Far (Related)","discard","discard","discard","discard","Child (6 item)","discard","Child (Bracket)","Child (Bracket)","discard","discard","discard","Human Child","discard","discard","discard","discard","discard","discard","discard","discard","discard","discard","discard","discard","discard","discard","discard","discard","discard","discard","Child (2 Dimensions)","High Load","Far (Same)","Far","discard","discard","discard","discard","discard","discard","discard","discard","2 Dimensions","Child (6 item)","discard","discard","discard","discard","discard","discard","discard","discard","discard","Child (6 item)","discard","discard","keep"
705,"3780","dedhe",6,"Child","round_4",63,1,"bracket","far","same","yes","yes",0.25,0,0,0.75,"low",0.125,0.73,0.8,"2D","2D","stack","iterate","iterate","stack","Stack",0.82,0.09,0.09,NA,NA,NA,NA,NA,NA,NA,0.84,0.16,0.09,0.09,0.83,0.84,0.17,1,0.84,0.83,1.66,0.13,0.2,0.93,"bracket","far","mix","pure","learn_gen","bracket_bracket",19,18,37,18.5,0.83,0,"Serial-crossed",0.25,0,0,0,0.84,0.16,0.09,0.83,0.84,0.16,0.83,0.09,0.84,0.78,"Center-embedded",0.823,0.088,0.09,NA,0.84,0.16,0,0,0.73,0.73,1,"Child_16","2D","F",1.1,1,0,"yes","far_same",NA,NA,NA,NA,NA,NA,NA,"discard","Far (Related)","discard","discard","discard","discard","Child (6 item)","discard","Child (Bracket)","Child (Bracket)","discard","discard","discard","Human Child","discard","discard","discard","discard","discard","discard","discard","discard","discard","discard","discard","discard","discard","discard","discard","discard","discard","discard","Child (2 Dimensions)","High Load","Far (Same)","Far","discard","discard","discard","discard","discard","discard","discard","discard","2 Dimensions","Child (6 item)","discard","discard","discard","discard","discard","discard","discard","discard","discard","Child (6 item)","discard","discard","keep"
706,"3782","dedhe",6,"Child","round_4",46,1,"bracket","far","same","yes","yes",0.11,0,0,0.89,"low",0,0.43,0.57,"2D","2D","stack","alternate","seriate","stack","Stack",0.62,0.19,0.19,NA,NA,NA,NA,NA,NA,NA,0.5,0.5,0.26,0.37,0.37,0.5,0.24,1,0.5,0.37,0.87,0.28,0.43,0.86,"bracket","far","mix","pure","learn_gen","bracket_bracket",10,5,15,7.5,0.76,0,"Serial-crossed",0.11,0,0,0,0.5,0.5,0.37,0.37,0.5,0.5,0.37,0.37,0.5,0.59,"Center-embedded",0.62,0.19,0.19,NA,0.5,0.5,0,0,0.43,0.43,1,"Child_17","2D","F",2,5,0.3,"yes","far_same",NA,NA,NA,NA,NA,NA,NA,"discard","Far (Related)","discard","discard","discard","discard","Child (6 item)","discard","Child (Bracket)","Child (Bracket)","discard","discard","discard","Human Child","discard","discard","discard","discard","discard","discard","discard","discard","discard","discard","discard","discard","discard","discard","discard","discard","discard","discard","Child (2 Dimensions)","High Load","Far (Same)","Far","discard","discard","discard","discard","discard","discard","discard","discard","2 Dimensions","Child (6 item)","discard","discard","discard","discard","discard","discard","discard","discard","discard","Child (6 item)","discard","discard","keep"
707,"3795","dedhe",6,"Child","round_4",64,4,"bracket","far","same","yes","yes",0.33,0,0,0.67,"low",0.25,0.83,0.87,"2D","2D","stack","iterate","iterate","stack","Stack",0.88,0.06,0.06,NA,NA,NA,NA,NA,NA,NA,0.98,0.02,0.1,0.1,0.8,0.98,0.1,1,0.98,0.8,1.78,0.09,0.13,0.96,"bracket","far","mix","pure","learn_gen","bracket_bracket",12,5,17,8.5,0.9,0,"Serial-crossed",0.33,0,0,0,0.98,0.02,0.1,0.8,0.98,0.02,0.8,0.1,0.98,0.86,"Center-embedded",0.885,0.058,0.06,NA,0.98,0.02,0,0,0.83,0.83,1,"Child_18","2D","M",2.4,7,0.4,"yes","far_same",NA,NA,NA,NA,NA,NA,NA,"discard","Far (Related)","discard","discard","discard","discard","Child (6 item)","discard","Child (Bracket)","Child (Bracket)","discard","discard","discard","Human Child","discard","discard","discard","discard","discard","discard","discard","discard","discard","discard","discard","discard","discard","discard","discard","discard","discard","discard","Child (2 Dimensions)","High Load","Far (Same)","Far","discard","discard","discard","discard","discard","discard","discard","discard","2 Dimensions","Child (6 item)","discard","discard","discard","discard","discard","discard","discard","discard","discard","Child (6 item)","discard","discard","keep"
708,"3801","dedhe",6,"Child","round_4",51,1,"bracket","far","same","yes","yes",0,0.25,0.5,0.25,"low",0.25,0.39,0.54,"2D","2D","pair","iterate","iterate","pair","Pair",0.07,0.27,0.66,NA,NA,NA,NA,NA,NA,NA,0.49,0.51,0.68,0.23,0.09,0.68,0.41,2,0.51,0.68,1.19,0.3,0.46,0.85,"bracket","far","mix","pure","learn_gen","bracket_bracket",10,12,22,11,0.59,0.5,"Tail-recursive",0.5,0,0,0,0.68,0.51,0.23,0.09,0.68,0.51,0.09,0.23,0.68,0.49,"Tail-recursive",0.069,0.27,0.66,NA,0.68,0.23,0.23,0.09,0.07,0.39,0,"Child_19","2D","F",0.8,-2,-0.1,"no","far_same",NA,NA,NA,NA,NA,NA,NA,"discard","Far (Related)","discard","discard","discard","discard","Child (6 item)","discard","Child (Bracket)","Child (Bracket)","discard","discard","discard","Human Child","discard","discard","discard","discard","discard","discard","discard","discard","discard","discard","discard","discard","discard","discard","discard","discard","discard","discard","Child (2 Dimensions)","High Load","Far (Same)","Far","discard","discard","discard","discard","discard","discard","discard","discard","2 Dimensions","Child (6 item)","discard","discard","discard","discard","discard","discard","discard","discard","discard","Child (6 item)","discard","discard","keep"
709,"3803","dedhe",6,"Child","round_4",71,3,"bracket","far","same","yes","yes",0.38,0,0,0.63,"low",0.25,0.83,0.88,"2D","2D","stack","iterate","iterate","stack","Stack",0.89,0.06,0.05,NA,NA,NA,NA,NA,NA,NA,0.98,0.02,0.09,0.09,0.83,0.98,0.11,1,0.98,0.83,1.8,0.08,0.12,0.96,"bracket","far","mix","pure","learn_gen","bracket_bracket",41,21,62,31,0.89,0,"Serial-crossed",0.38,0,0,0,0.98,0.02,0.09,0.83,0.98,0.02,0.83,0.09,0.98,0.86,"Center-embedded",0.89,0.056,0.05,NA,0.98,0.02,0,0,0.83,0.83,1,"Child_20","2D","M",2,20,0.3,"yes","far_same",NA,NA,NA,NA,NA,NA,NA,"discard","Far (Related)","discard","discard","discard","discard","Child (6 item)","discard","Child (Bracket)","Child (Bracket)","discard","discard","discard","Human Child","discard","discard","discard","discard","discard","discard","discard","discard","discard","discard","discard","discard","discard","discard","discard","discard","discard","discard","Child (2 Dimensions)","High Load","Far (Same)","Far","discard","discard","discard","discard","discard","discard","discard","discard","2 Dimensions","Child (6 item)","discard","discard","discard","discard","discard","discard","discard","discard","discard","Child (6 item)","discard","discard","keep"
710,"3834","dedhe",6,"Child","round_4",55,3,"bracket","far","same","yes","yes",0.11,0.11,0,0.78,"low",0.125,0.01,0.26,"not 2D","1D","stack","iterate","iterate","iterate","Iterate",0.44,0.43,0.14,NA,NA,NA,NA,NA,NA,NA,0.96,0.04,0.26,0.36,0.38,0.96,0.35,1,0.96,0.38,1.34,0.96,0.74,0.75,"bracket","far","mix","pure","learn_gen","bracket_bracket",10,3,13,6.5,0.65,0.11,"Serial-crossed",0.11,0,0,0,0.96,0.04,0.36,0.38,0.96,0.04,0.38,0.36,0.96,0.33,"Center-embedded",0.436,0.427,0.14,NA,0.96,0.04,0,0,0.01,0.96,0,"Child_21","iterate","M",3.3,7,0.5,"no","far_same",NA,NA,NA,NA,NA,NA,NA,"discard","Far (Related)","discard","discard","discard","discard","Child (6 item)","discard","Child (Bracket)","Child (Bracket)","discard","discard","discard","Human Child","discard","discard","discard","discard","discard","discard","discard","discard","discard","discard","discard","discard","discard","discard","discard","discard","discard","discard","Child (2 Dimensions)","High Load","Far (Same)","Far","discard","discard","discard","discard","discard","discard","discard","discard","2 Dimensions","Child (6 item)","discard","discard","discard","discard","discard","discard","discard","discard","discard","Child (6 item)","discard","discard","keep"
711,"3846","dedhe",6,"Child","round_4",53,4,"bracket","far","same","yes","yes",0,0,0.38,0.63,"low",0.125,0.84,0.88,"2D","2D","pair","iterate","iterate","pair","Pair",0.06,0.05,0.89,NA,NA,NA,NA,NA,NA,NA,0.2,0.8,0.9,0.05,0.05,0.9,0.1,2,0.8,0.9,1.69,0.08,0.12,0.96,"bracket","far","mix","pure","learn_gen","bracket_bracket",5,26,31,15.5,0.9,0.38,"Tail-recursive",0.38,0,0,0,0.9,0.8,0.05,0.05,0.9,0.8,0.05,0.05,0.9,0.87,"Tail-recursive",0.055,0.054,0.89,NA,0.9,0.05,0.05,0.05,0.06,0.84,0,"Child_22","2D","M",0.2,-21,-0.7,"no","far_same",NA,NA,NA,NA,NA,NA,NA,"discard","Far (Related)","discard","discard","discard","discard","Child (6 item)","discard","Child (Bracket)","Child (Bracket)","discard","discard","discard","Human Child","discard","discard","discard","discard","discard","discard","discard","discard","discard","discard","discard","discard","discard","discard","discard","discard","discard","discard","Child (2 Dimensions)","High Load","Far (Same)","Far","discard","discard","discard","discard","discard","discard","discard","discard","2 Dimensions","Child (6 item)","discard","discard","discard","discard","discard","discard","discard","discard","discard","Child (6 item)","discard","discard","keep"
712,"4323","dedhe",6,"Child","round_4",66,2,"bracket","far","same","yes","yes",0.11,0.22,0,0.67,"high",0.75,0.4,0.55,"2D","2D","queue","iterate","iterate","queue","Queue",0.26,0.65,0.09,NA,NA,NA,NA,NA,NA,NA,0.9,0.1,0.25,0.51,0.25,0.9,0.34,1,0.9,0.51,1.41,0.3,0.45,0.85,"bracket","far","mix","pure","learn_gen","bracket_bracket",17,5,22,11,0.66,0.22,"Serial-crossed",0.22,0,0,0,0.9,0.1,0.51,0.25,0.9,0.1,0.25,0.51,0.9,0.53,"Serial-crossed",0.26,0.655,0.09,NA,0.9,0.1,0,0,0.26,0.4,0,"Child_23","2D","M",3.4,12,0.5,"no","far_same",NA,NA,NA,NA,NA,NA,NA,"discard","Far (Related)","discard","discard","discard","discard","Child (6 item)","discard","Child (Bracket)","Child (Bracket)","discard","discard","discard","Human Child","discard","discard","discard","discard","discard","discard","discard","discard","discard","discard","discard","discard","discard","discard","discard","discard","discard","discard","Child (2 Dimensions)","High Load","Far (Same)","Far","discard","discard","discard","discard","discard","discard","discard","discard","2 Dimensions","Child (6 item)","discard","discard","discard","discard","discard","discard","discard","discard","discard","Child (6 item)","discard","discard","keep"
713,"4325","dedhe",6,"Child","round_4",66,4,"bracket","far","same","yes","yes",0.11,0.11,0,0.78,"high",0.5,0.02,0.26,"not 2D","1D","queue","iterate","iterate","iterate","Iterate",0.42,0.44,0.14,NA,NA,NA,NA,NA,NA,NA,0.81,0.19,0.34,0.32,0.34,0.81,0.35,1,0.81,0.34,1.15,0.81,0.74,0.75,"bracket","far","mix","pure","learn_gen","bracket_bracket",15,14,29,14.5,0.65,0.11,"Serial-crossed",0.11,0,0,0,0.81,0.19,0.32,0.34,0.81,0.19,0.34,0.32,0.81,0.33,"Center-embedded",0.424,0.439,0.14,NA,0.81,0.19,0,0,0.02,0.81,0,"Child_24","iterate","M",1.1,1,0,"no","far_same",NA,NA,NA,NA,NA,NA,NA,"discard","Far (Related)","discard","discard","discard","discard","Child (6 item)","discard","Child (Bracket)","Child (Bracket)","discard","discard","discard","Human Child","discard","discard","discard","discard","discard","discard","discard","discard","discard","discard","discard","discard","discard","discard","discard","discard","discard","discard","Child (2 Dimensions)","High Load","Far (Same)","Far","discard","discard","discard","discard","discard","discard","discard","discard","2 Dimensions","Child (6 item)","discard","discard","discard","discard","discard","discard","discard","discard","discard","Child (6 item)","discard","discard","keep"
714,"4327","dedhe",6,"Child","round_4",52,3,"bracket","far","same","yes","yes",0,0.13,0,0.88,"low",0.25,0.45,0.59,"2D","2D","queue","iterate","iterate","queue","Queue",0.18,0.63,0.18,NA,NA,NA,NA,NA,NA,NA,0.95,0.05,0.28,0.43,0.29,0.95,0.25,1,0.95,0.43,1.38,0.28,0.41,0.86,"bracket","far","mix","pure","learn_gen","bracket_bracket",5,23,28,14,0.75,0.13,"Serial-crossed",0.13,0,0,0,0.95,0.05,0.43,0.29,0.95,0.05,0.29,0.43,0.95,0.6,"Serial-crossed",0.184,0.633,0.18,NA,0.95,0.05,0,0,0.18,0.45,0,"Child_25","2D","M",0.2,-18,-0.6,"no","far_same",NA,NA,NA,NA,NA,NA,NA,"discard","Far (Related)","discard","discard","discard","discard","Child (6 item)","discard","Child (Bracket)","Child (Bracket)","discard","discard","discard","Human Child","discard","discard","discard","discard","discard","discard","discard","discard","discard","discard","discard","discard","discard","discard","discard","discard","discard","discard","Child (2 Dimensions)","High Load","Far (Same)","Far","discard","discard","discard","discard","discard","discard","discard","discard","2 Dimensions","Child (6 item)","discard","discard","discard","discard","discard","discard","discard","discard","discard","Child (6 item)","discard","discard","keep"
715,"4329","dedhe",6,"Child","round_4",53,2,"bracket","far","same","yes","yes",0,0.75,0,0.25,"high",0.5,0.92,0.94,"2D","2D","queue","iterate","iterate","queue","Queue",0.03,0.95,0.03,NA,NA,NA,NA,NA,NA,NA,0.99,0.01,0.03,0.94,0.03,0.99,0.04,1,0.99,0.94,1.93,0.04,0.06,0.98,"bracket","far","mix","pure","learn_gen","bracket_bracket",7,5,12,6,0.96,0.75,"Serial-crossed",0.75,0,0,0,0.99,0.01,0.94,0.03,0.99,0.01,0.03,0.94,0.99,0.94,"Serial-crossed",0.027,0.948,0.03,NA,0.99,0.01,0,0,0.03,0.92,0,"Child_26","2D","M",1.4,2,0.2,"no","far_same",NA,NA,NA,NA,NA,NA,NA,"discard","Far (Related)","discard","discard","discard","discard","Child (6 item)","discard","Child (Bracket)","Child (Bracket)","discard","discard","discard","Human Child","discard","discard","discard","discard","discard","discard","discard","discard","discard","discard","discard","discard","discard","discard","discard","discard","discard","discard","Child (2 Dimensions)","High Load","Far (Same)","Far","discard","discard","discard","discard","discard","discard","discard","discard","2 Dimensions","Child (6 item)","discard","discard","discard","discard","discard","discard","discard","discard","discard","Child (6 item)","discard","discard","keep"
716,"4331","dedhe",6,"Child","round_4",52,1,"bracket","far","same","yes","yes",0,0.11,0,0.89,"high",0.5,0.42,0.57,"2D","2D","queue","iterate","iterate","queue","Queue",0.2,0.62,0.19,NA,NA,NA,NA,NA,NA,NA,0.98,0.02,0.19,0.62,0.18,0.98,0.25,1,0.98,0.62,1.6,0.29,0.43,0.86,"bracket","far","mix","pure","learn_gen","bracket_bracket",12,12,24,12,0.75,0.11,"Serial-crossed",0.11,0,0,0,0.98,0.02,0.62,0.18,0.98,0.02,0.18,0.62,0.98,0.59,"Serial-crossed",0.195,0.616,0.19,NA,0.98,0.02,0,0,0.2,0.42,0,"Child_27","2D","F",1,0,0,"no","far_same",NA,NA,NA,NA,NA,NA,NA,"discard","Far (Related)","discard","discard","discard","discard","Child (6 item)","discard","Child (Bracket)","Child (Bracket)","discard","discard","discard","Human Child","discard","discard","discard","discard","discard","discard","discard","discard","discard","discard","discard","discard","discard","discard","discard","discard","discard","discard","Child (2 Dimensions)","High Load","Far (Same)","Far","discard","discard","discard","discard","discard","discard","discard","discard","2 Dimensions","Child (6 item)","discard","discard","discard","discard","discard","discard","discard","discard","discard","Child (6 item)","discard","discard","keep"
717,"4333","dedhe",6,"Child","round_4",63,2,"bracket","far","same","yes","yes",0.25,0.13,0.25,0.38,"high",0.5,0.01,0.26,"not 2D","1D","stack","iterate","iterate","iterate","Iterate",0.41,0.19,0.4,NA,NA,NA,NA,NA,NA,NA,0.75,0.25,0.41,0.19,0.41,0.75,0.7,1,0.75,0.41,1.16,0.75,0.74,0.75,"bracket","far","mix","pure","learn_gen","bracket_bracket",4,11,15,7.5,0.3,0.25,"Tail-recursive",0.25,0,0,0,0.75,0.25,0.19,0.41,0.75,0.25,0.41,0.19,0.75,0.15,"Center-embedded",0.41,0.191,0.4,NA,0.75,0.25,0,0,0.01,0.75,0,"Child_28","iterate","M",0.4,-7,-0.5,"no","far_same",NA,NA,NA,NA,NA,NA,NA,"discard","Far (Related)","discard","discard","discard","discard","Child (6 item)","discard","Child (Bracket)","Child (Bracket)","discard","discard","discard","Human Child","discard","discard","discard","discard","discard","discard","discard","discard","discard","discard","discard","discard","discard","discard","discard","discard","discard","discard","Child (2 Dimensions)","High Load","Far (Same)","Far","discard","discard","discard","discard","discard","discard","discard","discard","2 Dimensions","Child (6 item)","discard","discard","discard","discard","discard","discard","discard","discard","discard","Child (6 item)","discard","discard","keep"
718,"1_1","dedhe",6,"Child","round_4",71,4,"bracket","far","same","yes","yes",0,0,0.13,0.88,"low",0.125,0.44,0.58,"2D","2D","pair","iterate","iterate","pair","Pair",0.19,0.18,0.63,NA,NA,NA,NA,NA,NA,NA,0.46,0.54,0.96,0.02,0.02,0.96,0.24,2,0.54,0.96,1.5,0.28,0.42,0.86,"bracket","far","mix","pure","learn_gen","bracket_bracket",12,7,19,9.5,0.76,0.13,"Tail-recursive",0.13,0,0,0,0.96,0.54,0.02,0.02,0.96,0.54,0.02,0.02,0.96,0.6,"Tail-recursive",0.187,0.183,0.63,NA,0.96,0.02,0.02,0.02,0.19,0.44,0,"Child_29","2D","F",1.7,5,0.3,"no","far_same",NA,NA,NA,NA,NA,NA,NA,"discard","Far (Related)","discard","discard","discard","discard","Child (6 item)","discard","Child (Bracket)","Child (Bracket)","discard","discard","discard","Human Child","discard","discard","discard","discard","discard","discard","discard","discard","discard","discard","discard","discard","discard","discard","discard","discard","discard","discard","Child (2 Dimensions)","High Load","Far (Same)","Far","discard","discard","discard","discard","discard","discard","discard","discard","2 Dimensions","Child (6 item)","discard","discard","discard","discard","discard","discard","discard","discard","discard","Child (6 item)","discard","discard","keep"
719,"2_1","dedhe",6,"Child","round_4",76,4,"bracket","far","same","yes","yes",0,0,0.38,0.63,"low",0.25,0.83,0.87,"2D","2D","pair","iterate","iterate","pair","Pair",0.06,0.06,0.89,NA,NA,NA,NA,NA,NA,NA,0.15,0.85,0.97,0.01,0.01,0.97,0.11,2,0.85,0.97,1.82,0.08,0.13,0.96,"bracket","far","mix","pure","learn_gen","bracket_bracket",8,12,20,10,0.89,0.38,"Tail-recursive",0.38,0,0,0,0.97,0.85,0.01,0.01,0.97,0.85,0.01,0.01,0.97,0.86,"Tail-recursive",0.056,0.055,0.89,NA,0.97,0.01,0.01,0.01,0.06,0.83,0,"Child_30","2D","M",0.7,-4,-0.2,"no","far_same",NA,NA,NA,NA,NA,NA,NA,"discard","Far (Related)","discard","discard","discard","discard","Child (6 item)","discard","Child (Bracket)","Child (Bracket)","discard","discard","discard","Human Child","discard","discard","discard","discard","discard","discard","discard","discard","discard","discard","discard","discard","discard","discard","discard","discard","discard","discard","Child (2 Dimensions)","High Load","Far (Same)","Far","discard","discard","discard","discard","discard","discard","discard","discard","2 Dimensions","Child (6 item)","discard","discard","discard","discard","discard","discard","discard","discard","discard","Child (6 item)","discard","discard","keep"
720,"4_1","dedhe",6,"Child","round_4",74,2,"bracket","far","same","yes","yes",0,0,0.25,0.75,"low",0.125,0.74,0.8,"2D","2D","pair","iterate","iterate","pair","Pair",0.09,0.09,0.82,NA,NA,NA,NA,NA,NA,NA,0.32,0.68,0.96,0.02,0.02,0.96,0.17,2,0.68,0.96,1.64,0.13,0.2,0.93,"bracket","far","mix","pure","learn_gen","bracket_bracket",11,4,15,7.5,0.83,0.25,"Tail-recursive",0.25,0,0,0,0.96,0.68,0.02,0.02,0.96,0.68,0.02,0.02,0.96,0.78,"Tail-recursive",0.089,0.087,0.82,NA,0.96,0.02,0.02,0.02,0.09,0.74,0,"Child_31","2D","F",2.8,7,0.5,"no","far_same",NA,NA,NA,NA,NA,NA,NA,"discard","Far (Related)","discard","discard","discard","discard","Child (6 item)","discard","Child (Bracket)","Child (Bracket)","discard","discard","discard","Human Child","discard","discard","discard","discard","discard","discard","discard","discard","discard","discard","discard","discard","discard","discard","discard","discard","discard","discard","Child (2 Dimensions)","High Load","Far (Same)","Far","discard","discard","discard","discard","discard","discard","discard","discard","2 Dimensions","Child (6 item)","discard","discard","discard","discard","discard","discard","discard","discard","discard","Child (6 item)","discard","discard","keep"
721,"5_1","dedhe",6,"Child","round_4",69,4,"bracket","far","same","yes","yes",0,0,0.11,0.89,"low",0.375,0.43,0.57,"2D","2D","pair","iterate","iterate","pair","Pair",0.19,0.19,0.62,NA,NA,NA,NA,NA,NA,NA,0.49,0.51,0.96,0.02,0.02,0.96,0.24,2,0.51,0.96,1.47,0.28,0.43,0.86,"bracket","far","mix","pure","learn_gen","bracket_bracket",22,25,47,23.5,0.76,0.11,"Tail-recursive",0.11,0,0,0,0.96,0.51,0.02,0.02,0.96,0.51,0.02,0.02,0.96,0.59,"Tail-recursive",0.191,0.187,0.62,NA,0.96,0.02,0.02,0.02,0.19,0.43,0,"Child_32","2D","M",0.9,-3,-0.1,"no","far_same",NA,NA,NA,NA,NA,NA,NA,"discard","Far (Related)","discard","discard","discard","discard","Child (6 item)","discard","Child (Bracket)","Child (Bracket)","discard","discard","discard","Human Child","discard","discard","discard","discard","discard","discard","discard","discard","discard","discard","discard","discard","discard","discard","discard","discard","discard","discard","Child (2 Dimensions)","High Load","Far (Same)","Far","discard","discard","discard","discard","discard","discard","discard","discard","2 Dimensions","Child (6 item)","discard","discard","discard","discard","discard","discard","discard","discard","discard","Child (6 item)","discard","discard","keep"
722,"6_1","dedhe",6,"Child","round_4",68,2,"bracket","far","same","yes","yes",0,0.13,0,0.88,"low",0.125,0.45,0.58,"2D","2D","queue","iterate","iterate","queue","Queue",0.18,0.63,0.19,NA,NA,NA,NA,NA,NA,NA,0.64,0.36,0.28,0.43,0.29,0.64,0.24,1,0.64,0.43,1.07,0.28,0.42,0.86,"bracket","far","mix","pure","learn_gen","bracket_bracket",29,10,39,19.5,0.76,0.13,"Serial-crossed",0.13,0,0,0,0.64,0.36,0.43,0.29,0.64,0.36,0.29,0.43,0.64,0.6,"Serial-crossed",0.184,0.631,0.19,NA,0.64,0.36,0,0,0.18,0.45,0,"Child_33","2D","F",2.9,19,0.5,"no","far_same",NA,NA,NA,NA,NA,NA,NA,"discard","Far (Related)","discard","discard","discard","discard","Child (6 item)","discard","Child (Bracket)","Child (Bracket)","discard","discard","discard","Human Child","discard","discard","discard","discard","discard","discard","discard","discard","discard","discard","discard","discard","discard","discard","discard","discard","discard","discard","Child (2 Dimensions)","High Load","Far (Same)","Far","discard","discard","discard","discard","discard","discard","discard","discard","2 Dimensions","Child (6 item)","discard","discard","discard","discard","discard","discard","discard","discard","discard","Child (6 item)","discard","discard","keep"
723,"7_1","dedhe",6,"Child","round_4",68,2,"bracket","far","same","yes","yes",0,0,0.22,0.78,"high",0.625,0.73,0.8,"2D","2D","pair","iterate","iterate","pair","Pair",0.09,0.08,0.83,NA,NA,NA,NA,NA,NA,NA,0.35,0.65,0.95,0.02,0.02,0.95,0.18,2,0.65,0.95,1.6,0.13,0.2,0.93,"bracket","far","mix","pure","learn_gen","bracket_bracket",4,6,10,5,0.82,0.22,"Tail-recursive",0.22,0,0,0,0.95,0.65,0.02,0.02,0.95,0.65,0.02,0.02,0.95,0.78,"Tail-recursive",0.091,0.083,0.83,NA,0.95,0.02,0.02,0.02,0.09,0.73,0,"Child_34","2D","M",0.7,-2,-0.2,"no","far_same",NA,NA,NA,NA,NA,NA,NA,"discard","Far (Related)","discard","discard","discard","discard","Child (6 item)","discard","Child (Bracket)","Child (Bracket)","discard","discard","discard","Human Child","discard","discard","discard","discard","discard","discard","discard","discard","discard","discard","discard","discard","discard","discard","discard","discard","discard","discard","Child (2 Dimensions)","High Load","Far (Same)","Far","discard","discard","discard","discard","discard","discard","discard","discard","2 Dimensions","Child (6 item)","discard","discard","discard","discard","discard","discard","discard","discard","discard","Child (6 item)","discard","discard","keep"
724,"8_1","dedhe",6,"Child","round_4",68,4,"bracket","far","same","yes","yes",0,0.11,0.11,0.78,"high",0.875,0,0.25,"not 2D","1D","pair","iterate","iterate","iterate","Iterate",0.15,0.42,0.43,NA,NA,NA,NA,NA,NA,NA,0.63,0.37,0.37,0.37,0.26,0.63,0.35,1,0.63,0.37,1,0.63,0.75,0.75,"bracket","far","mix","pure","learn_gen","bracket_bracket",3,3,6,3,0.65,0.11,"Serial-crossed",0.11,0,0,0,0.63,0.37,0.37,0.26,0.63,0.37,0.26,0.37,0.63,0.32,"Serial-crossed",0.147,0.424,0.43,NA,0.63,0.37,0,0,0.15,0.63,0,"Child_35","iterate","M",1,0,0,"no","far_same",NA,NA,NA,NA,NA,NA,NA,"discard","Far (Related)","discard","discard","discard","discard","Child (6 item)","discard","Child (Bracket)","Child (Bracket)","discard","discard","discard","Human Child","discard","discard","discard","discard","discard","discard","discard","discard","discard","discard","discard","discard","discard","discard","discard","discard","discard","discard","Child (2 Dimensions)","High Load","Far (Same)","Far","discard","discard","discard","discard","discard","discard","discard","discard","2 Dimensions","Child (6 item)","discard","discard","discard","discard","discard","discard","discard","discard","discard","Child (6 item)","discard","discard","keep"
725,"9_1","dedhe",6,"Child","round_4",68,3,"bracket","far","same","yes","yes",0.22,0.33,0,0.44,"low",0.25,0.23,0.42,"not 2D","1D","queue","iterate","iterate","iterate","Iterate",0.36,0.59,0.05,NA,NA,NA,NA,NA,NA,NA,0.98,0.02,0.08,0.62,0.31,0.98,0.36,1,0.98,0.62,1.6,0.98,0.58,0.81,"bracket","far","mix","pure","learn_gen","bracket_bracket",10,4,14,7,0.64,0.33,"Serial-crossed",0.33,0,0,0,0.98,0.02,0.62,0.31,0.98,0.02,0.31,0.62,0.98,0.43,"Serial-crossed",0.363,0.59,0.05,NA,0.98,0.02,0,0,0.23,0.98,0,"Child_36","iterate","M",2.5,6,0.4,"no","far_same",NA,NA,NA,NA,NA,NA,NA,"discard","Far (Related)","discard","discard","discard","discard","Child (6 item)","discard","Child (Bracket)","Child (Bracket)","discard","discard","discard","Human Child","discard","discard","discard","discard","discard","discard","discard","discard","discard","discard","discard","discard","discard","discard","discard","discard","discard","discard","Child (2 Dimensions)","High Load","Far (Same)","Far","discard","discard","discard","discard","discard","discard","discard","discard","2 Dimensions","Child (6 item)","discard","discard","discard","discard","discard","discard","discard","discard","discard","Child (6 item)","discard","discard","keep"
726,"10_1","dedhe",6,"Child","round_4",66,2,"bracket","far","same","yes","yes",0,0,0.11,0.89,"low",0.375,0.43,0.58,"2D","2D","pair","iterate","iterate","pair","Pair",0.19,0.18,0.63,NA,NA,NA,NA,NA,NA,NA,0.49,0.51,0.8,0.1,0.1,0.8,0.24,2,0.51,0.8,1.31,0.28,0.42,0.86,"bracket","far","mix","pure","learn_gen","bracket_bracket",12,13,25,12.5,0.76,0.11,"Tail-recursive",0.11,0,0,0,0.8,0.51,0.1,0.1,0.8,0.51,0.1,0.1,0.8,0.6,"Tail-recursive",0.192,0.181,0.63,NA,0.8,0.1,0.1,0.1,0.19,0.43,0,"Child_37","2D","F",0.9,-1,0,"no","far_same",NA,NA,NA,NA,NA,NA,NA,"discard","Far (Related)","discard","discard","discard","discard","Child (6 item)","discard","Child (Bracket)","Child (Bracket)","discard","discard","discard","Human Child","discard","discard","discard","discard","discard","discard","discard","discard","discard","discard","discard","discard","discard","discard","discard","discard","discard","discard","Child (2 Dimensions)","High Load","Far (Same)","Far","discard","discard","discard","discard","discard","discard","discard","discard","2 Dimensions","Child (6 item)","discard","discard","discard","discard","discard","discard","discard","discard","discard","Child (6 item)","discard","discard","keep"
727,"11_1","dedhe",6,"Child","round_4",66,4,"bracket","far","same","yes","yes",0,0,0,1,"low",0.25,0.01,0.26,"not 2D","1D","stack","iterate","iterate","iterate","Iterate",0.34,0.32,0.34,NA,NA,NA,NA,NA,NA,NA,0.5,0.5,0.98,0.01,0.01,0.98,0.23,2,0.5,0.98,1.48,0.98,0.74,0.75,"bracket","far","mix","pure","learn_gen","bracket_bracket",8,13,21,10.5,0.77,0,"Serial-crossed",0,0,0,0,0.98,0.5,0.01,0.01,0.98,0.5,0.01,0.01,0.98,0.39,"Center-embedded",0.342,0.323,0.34,NA,0.98,0.01,0.01,0.01,0.01,0.98,0,"Child_38","iterate","M",0.6,-5,-0.2,"no","far_same",NA,NA,NA,NA,NA,NA,NA,"discard","Far (Related)","discard","discard","discard","discard","Child (6 item)","discard","Child (Bracket)","Child (Bracket)","discard","discard","discard","Human Child","discard","discard","discard","discard","discard","discard","discard","discard","discard","discard","discard","discard","discard","discard","discard","discard","discard","discard","Child (2 Dimensions)","High Load","Far (Same)","Far","discard","discard","discard","discard","discard","discard","discard","discard","2 Dimensions","Child (6 item)","discard","discard","discard","discard","discard","discard","discard","discard","discard","Child (6 item)","discard","discard","keep"
728,"12_1","dedhe",6,"Child","round_4",66,3,"bracket","far","same","yes","yes",0.11,0.22,0,0.67,"high",0.5,0.39,0.54,"2D","2D","queue","iterate","iterate","queue","Queue",0.26,0.65,0.08,NA,NA,NA,NA,NA,NA,NA,0.81,0.19,0.17,0.56,0.26,0.81,0.34,1,0.81,0.56,1.37,0.31,0.46,0.85,"bracket","far","mix","pure","learn_gen","bracket_bracket",16,4,20,10,0.66,0.22,"Serial-crossed",0.22,0,0,0,0.81,0.19,0.56,0.26,0.81,0.19,0.26,0.56,0.81,0.52,"Serial-crossed",0.264,0.651,0.08,NA,0.81,0.19,0,0,0.26,0.39,0,"Child_39","2D","M",4,12,0.6,"no","far_same",NA,NA,NA,NA,NA,NA,NA,"discard","Far (Related)","discard","discard","discard","discard","Child (6 item)","discard","Child (Bracket)","Child (Bracket)","discard","discard","discard","Human Child","discard","discard","discard","discard","discard","discard","discard","discard","discard","discard","discard","discard","discard","discard","discard","discard","discard","discard","Child (2 Dimensions)","High Load","Far (Same)","Far","discard","discard","discard","discard","discard","discard","discard","discard","2 Dimensions","Child (6 item)","discard","discard","discard","discard","discard","discard","discard","discard","discard","Child (6 item)","discard","discard","keep"
729,"13_1","dedhe",6,"Child","round_4",66,4,"bracket","far","same","yes","yes",0,0.13,0.25,0.63,"high",0.625,0.4,0.55,"2D","2D","pair","iterate","iterate","pair","Pair",0.08,0.26,0.66,NA,NA,NA,NA,NA,NA,NA,0.35,0.65,0.84,0.11,0.05,0.84,0.35,2,0.65,0.84,1.5,0.3,0.45,0.85,"bracket","far","mix","pure","learn_gen","bracket_bracket",3,7,10,5,0.65,0.25,"Tail-recursive",0.25,0,0,0,0.84,0.65,0.11,0.05,0.84,0.65,0.05,0.11,0.84,0.53,"Tail-recursive",0.084,0.256,0.66,NA,0.84,0.11,0.11,0.05,0.08,0.4,0,"Child_40","2D","M",0.4,-4,-0.4,"no","far_same",NA,NA,NA,NA,NA,NA,NA,"discard","Far (Related)","discard","discard","discard","discard","Child (6 item)","discard","Child (Bracket)","Child (Bracket)","discard","discard","discard","Human Child","discard","discard","discard","discard","discard","discard","discard","discard","discard","discard","discard","discard","discard","discard","discard","discard","discard","discard","Child (2 Dimensions)","High Load","Far (Same)","Far","discard","discard","discard","discard","discard","discard","discard","discard","2 Dimensions","Child (6 item)","discard","discard","discard","discard","discard","discard","discard","discard","discard","Child (6 item)","discard","discard","keep"
730,"15_1","dedhe",6,"Child","round_4",64,3,"bracket","far","same","yes","yes",0,0,0.22,0.78,"low",0.25,0.73,0.8,"2D","2D","pair","iterate","iterate","pair","Pair",0.09,0.09,0.82,NA,NA,NA,NA,NA,NA,NA,0.35,0.65,0.96,0.02,0.02,0.96,0.17,2,0.65,0.96,1.61,0.14,0.2,0.93,"bracket","far","mix","pure","learn_gen","bracket_bracket",6,4,10,5,0.83,0.22,"Tail-recursive",0.22,0,0,0,0.96,0.65,0.02,0.02,0.96,0.65,0.02,0.02,0.96,0.78,"Tail-recursive",0.093,0.088,0.82,NA,0.96,0.02,0.02,0.02,0.09,0.73,0,"Child_41","2D","M",1.5,2,0.2,"no","far_same",NA,NA,NA,NA,NA,NA,NA,"discard","Far (Related)","discard","discard","discard","discard","Child (6 item)","discard","Child (Bracket)","Child (Bracket)","discard","discard","discard","Human Child","discard","discard","discard","discard","discard","discard","discard","discard","discard","discard","discard","discard","discard","discard","discard","discard","discard","discard","Child (2 Dimensions)","High Load","Far (Same)","Far","discard","discard","discard","discard","discard","discard","discard","discard","2 Dimensions","Child (6 item)","discard","discard","discard","discard","discard","discard","discard","discard","discard","Child (6 item)","discard","discard","keep"
731,"16_1","dedhe",6,"Child","round_4",66,4,"bracket","far","same","yes","yes",0,0,0.13,0.88,"low",0.375,0.45,0.59,"2D","2D","pair","iterate","iterate","pair","Pair",0.18,0.18,0.64,NA,NA,NA,NA,NA,NA,NA,0.48,0.52,0.89,0.05,0.05,0.89,0.24,2,0.52,0.89,1.42,0.27,0.41,0.86,"bracket","far","mix","pure","learn_gen","bracket_bracket",3,4,7,3.5,0.76,0.13,"Tail-recursive",0.13,0,0,0,0.89,0.52,0.05,0.05,0.89,0.52,0.05,0.05,0.89,0.61,"Tail-recursive",0.183,0.18,0.64,NA,0.89,0.05,0.05,0.05,0.18,0.45,0,"Child_42","2D","F",0.8,-1,-0.1,"no","far_same",NA,NA,NA,NA,NA,NA,NA,"discard","Far (Related)","discard","discard","discard","discard","Child (6 item)","discard","Child (Bracket)","Child (Bracket)","discard","discard","discard","Human Child","discard","discard","discard","discard","discard","discard","discard","discard","discard","discard","discard","discard","discard","discard","discard","discard","discard","discard","Child (2 Dimensions)","High Load","Far (Same)","Far","discard","discard","discard","discard","discard","discard","discard","discard","2 Dimensions","Child (6 item)","discard","discard","discard","discard","discard","discard","discard","discard","discard","Child (6 item)","discard","discard","keep"
732,"17_1","dedhe",6,"Child","round_4",66,4,"bracket","far","same","yes","yes",0,1,0,0,"high",0.875,0.96,0.97,"2D","2D","queue","iterate","iterate","queue","Queue",0.01,0.98,0.01,NA,NA,NA,NA,NA,NA,NA,0.99,0.01,0.01,0.97,0.01,0.99,0.02,1,0.99,0.97,1.96,0.02,0.03,0.99,"bracket","far","mix","pure","learn_gen","bracket_bracket",4,4,8,4,0.98,1,"Serial-crossed",1,0,0,0,0.99,0.01,0.97,0.01,0.99,0.01,0.01,0.97,0.99,0.97,"Serial-crossed",0.012,0.975,0.01,NA,0.99,0.01,0,0,0.01,0.96,0,"Child_43","2D","F",1,0,0,"no","far_same",NA,NA,NA,NA,NA,NA,NA,"discard","Far (Related)","discard","discard","discard","discard","Child (6 item)","discard","Child (Bracket)","Child (Bracket)","discard","discard","discard","Human Child","discard","discard","discard","discard","discard","discard","discard","discard","discard","discard","discard","discard","discard","discard","discard","discard","discard","discard","Child (2 Dimensions)","High Load","Far (Same)","Far","discard","discard","discard","discard","discard","discard","discard","discard","2 Dimensions","Child (6 item)","discard","discard","discard","discard","discard","discard","discard","discard","discard","Child (6 item)","discard","discard","keep"
733,"18_1","dedhe",6,"Child","round_4",65,4,"bracket","far","same","yes","yes",0.56,0.11,0,0.33,"high",0.75,0.72,0.79,"2D","2D","stack","iterate","iterate","stack","Stack",0.85,0.12,0.03,NA,NA,NA,NA,NA,NA,NA,0.99,0.01,0.04,0.08,0.88,0.99,0.14,1,0.99,0.88,1.87,0.14,0.21,0.93,"bracket","far","mix","pure","learn_gen","bracket_bracket",9,4,13,6.5,0.86,0.11,"Serial-crossed",0.56,0,0,0,0.99,0.01,0.08,0.88,0.99,0.01,0.88,0.08,0.99,0.79,"Center-embedded",0.846,0.123,0.03,NA,0.99,0.01,0,0,0.72,0.72,1,"Child_44","2D","M",2.3,5,0.4,"yes","far_same",NA,NA,NA,NA,NA,NA,NA,"discard","Far (Related)","discard","discard","discard","discard","Child (6 item)","discard","Child (Bracket)","Child (Bracket)","discard","discard","discard","Human Child","discard","discard","discard","discard","discard","discard","discard","discard","discard","discard","discard","discard","discard","discard","discard","discard","discard","discard","Child (2 Dimensions)","High Load","Far (Same)","Far","discard","discard","discard","discard","discard","discard","discard","discard","2 Dimensions","Child (6 item)","discard","discard","discard","discard","discard","discard","discard","discard","discard","Child (6 item)","discard","discard","keep"
734,"19_1","dedhe",6,"Child","round_4",65,3,"bracket","far","same","yes","yes",0,0,0,1,"high",1,0.01,0.26,"not 2D","1D","stack","iterate","iterate","iterate","Iterate",0.34,0.33,0.33,NA,NA,NA,NA,NA,NA,NA,0.47,0.53,0.94,0.03,0.03,0.94,0.23,2,0.53,0.94,1.47,0.94,0.74,0.75,"bracket","far","mix","pure","learn_gen","bracket_bracket",3,4,7,3.5,0.77,0,"Serial-crossed",0,0,0,0,0.94,0.53,0.03,0.03,0.94,0.53,0.03,0.03,0.94,0.39,"Center-embedded",0.342,0.327,0.33,NA,0.94,0.03,0.03,0.03,0.01,0.94,0,"Child_45","iterate","M",0.8,-1,-0.1,"no","far_same",NA,NA,NA,NA,NA,NA,NA,"discard","Far (Related)","discard","discard","discard","discard","Child (6 item)","discard","Child (Bracket)","Child (Bracket)","discard","discard","discard","Human Child","discard","discard","discard","discard","discard","discard","discard","discard","discard","discard","discard","discard","discard","discard","discard","discard","discard","discard","Child (2 Dimensions)","High Load","Far (Same)","Far","discard","discard","discard","discard","discard","discard","discard","discard","2 Dimensions","Child (6 item)","discard","discard","discard","discard","discard","discard","discard","discard","discard","Child (6 item)","discard","discard","keep"
735,"20_1","dedhe",6,"Child","round_4",66,4,"bracket","far","same","yes","yes",0.22,0.11,0,0.67,"high",0.5,0.4,0.55,"2D","2D","stack","iterate","iterate","stack","Stack",0.66,0.25,0.09,NA,NA,NA,NA,NA,NA,NA,0.98,0.02,0.24,0.24,0.52,0.98,0.34,1,0.98,0.52,1.5,0.3,0.45,0.85,"bracket","far","mix","pure","learn_gen","bracket_bracket",8,3,11,5.5,0.66,0.11,"Serial-crossed",0.22,0,0,0,0.98,0.02,0.24,0.52,0.98,0.02,0.52,0.24,0.98,0.53,"Center-embedded",0.658,0.254,0.09,NA,0.98,0.02,0,0,0.4,0.4,1,"Child_46","2D","M",2.7,5,0.5,"yes","far_same",NA,NA,NA,NA,NA,NA,NA,"discard","Far (Related)","discard","discard","discard","discard","Child (6 item)","discard","Child (Bracket)","Child (Bracket)","discard","discard","discard","Human Child","discard","discard","discard","discard","discard","discard","discard","discard","discard","discard","discard","discard","discard","discard","discard","discard","discard","discard","Child (2 Dimensions)","High Load","Far (Same)","Far","discard","discard","discard","discard","discard","discard","discard","discard","2 Dimensions","Child (6 item)","discard","discard","discard","discard","discard","discard","discard","discard","discard","Child (6 item)","discard","discard","keep"
772,"6539","dedhe",6,"Adult",NA,NA,NA,"bracket","near","same","yes","yes",0.63,0,0,0.38,"high",0.875,0.9,0.93,"2D","2D","stack","iterate","iterate","stack","Stack",0.97,0.03,NA,0.03,NA,NA,NA,NA,NA,NA,0.98,0.02,0.04,0.04,0.88,0.98,0.05,1,0.98,0.88,1.85,0.05,0.07,0.98,"bracket","near","mix","pure","learn_gen","bracket_bracket",3,4,7,3.5,0.95,0,"Serial-crossed",0.63,0,0,0,0.98,0.02,0.04,0.88,0.98,0.02,0.88,0.04,0.98,0.93,"Center-embedded",0.935,0.033,NA,0.03,0.98,0.02,0,0,0.9,0.9,1,NA,"2D",NA,0.8,-1,-0.1,"yes","near",NA,NA,NA,NA,NA,NA,NA,"discard","Near","discard","discard","discard","discard","discard","discard","discard","Adult (Bracket)","discard","discard","discard","discard","discard","discard","discard","discard","discard","discard","discard","discard","discard","discard","discard","discard","discard","discard","discard","discard","discard","discard","Adult (2 Dimensions)","High Load","Near","Near","discard","discard","discard","discard","discard","discard","discard","discard","2 Dimensions","discard","discard","discard","discard","Adult (6 item)","discard","discard","discard","discard","discard","Adult (6 item)","discard","discard","keep"
773,"6540","dedhe",6,"Adult",NA,NA,NA,"bracket","near","same","yes","yes",0.13,0,0,0.88,"high",0.625,0.45,0.59,"2D","2D","stack","iterate","iterate","stack","Stack",0.77,0.23,NA,0.18,NA,NA,NA,NA,NA,NA,0.99,0.01,0.22,0.22,0.36,0.99,0.24,1,0.99,0.36,1.34,0.28,0.41,0.86,"bracket","near","mix","pure","learn_gen","bracket_bracket",4,3,7,3.5,0.76,0,"Serial-crossed",0.13,0,0,0,0.99,0.01,0.22,0.36,0.99,0.01,0.36,0.22,0.99,0.6,"Center-embedded",0.635,0.185,NA,0.18,0.99,0.01,0,0,0.45,0.45,1,NA,"2D",NA,1.3,1,0.1,"yes","near",NA,NA,NA,NA,NA,NA,NA,"discard","Near","discard","discard","discard","discard","discard","discard","discard","Adult (Bracket)","discard","discard","discard","discard","discard","discard","discard","discard","discard","discard","discard","discard","discard","discard","discard","discard","discard","discard","discard","discard","discard","discard","Adult (2 Dimensions)","High Load","Near","Near","discard","discard","discard","discard","discard","discard","discard","discard","2 Dimensions","discard","discard","discard","discard","Adult (6 item)","discard","discard","discard","discard","discard","Adult (6 item)","discard","discard","keep"
774,"6541","dedhe",6,"Adult",NA,NA,NA,"bracket","near","same","yes","yes",1,0,0,0,"high",1,0.96,0.97,"2D","2D","stack","iterate","iterate","stack","Stack",0.99,0.01,NA,0.01,NA,NA,NA,NA,NA,NA,0.99,0.01,0.01,0.01,0.96,0.99,0.02,1,0.99,0.96,1.94,0.02,0.03,0.99,"bracket","near","mix","pure","learn_gen","bracket_bracket",4,3,7,3.5,0.98,0,"Serial-crossed",1,0,0,0,0.99,0.01,0.01,0.96,0.99,0.01,0.96,0.01,0.99,0.97,"Center-embedded",0.976,0.012,NA,0.01,0.99,0.01,0,0,0.96,0.96,1,NA,"2D",NA,1.3,1,0.1,"yes","near",NA,NA,NA,NA,NA,NA,NA,"discard","Near","discard","discard","discard","discard","discard","discard","discard","Adult (Bracket)","discard","discard","discard","discard","discard","discard","discard","discard","discard","discard","discard","discard","discard","discard","discard","discard","discard","discard","discard","discard","discard","discard","Adult (2 Dimensions)","High Load","Near","Near","discard","discard","discard","discard","discard","discard","discard","discard","2 Dimensions","discard","discard","discard","discard","Adult (6 item)","discard","discard","discard","discard","discard","Adult (6 item)","discard","discard","keep"
775,"6542","dedhe",6,"Adult",NA,NA,NA,"bracket","near","same","yes","yes",0.75,0,0,0.25,"high",1,0.92,0.94,"2D","2D","stack","palindrome","palindrome","stack","Stack",0.97,0.03,NA,0.03,NA,NA,NA,NA,NA,NA,0.93,0.07,0.02,0.02,0.93,0.93,0.04,2,0.93,0.93,1.87,0.04,0.06,0.98,"bracket","near","mix","pure","learn_gen","bracket_bracket",3,3,6,3,0.96,0,"Serial-crossed",0.75,0,0,0,0.93,0.07,0.02,0.93,0.93,0.07,0.93,0.02,0.93,0.94,"Center-embedded",0.949,0.025,NA,0.03,0.02,0.02,0.02,0.93,0.92,0.92,1,NA,"2D",NA,1,0,0,"yes","near",NA,NA,NA,NA,NA,NA,NA,"discard","Near","discard","discard","discard","discard","discard","discard","discard","Adult (Bracket)","discard","discard","discard","discard","discard","discard","discard","discard","discard","discard","discard","discard","discard","discard","discard","discard","discard","discard","discard","discard","discard","discard","Adult (2 Dimensions)","High Load","Near","Near","discard","discard","discard","discard","discard","discard","discard","discard","2 Dimensions","discard","discard","discard","discard","Adult (6 item)","discard","discard","discard","discard","discard","Adult (6 item)","discard","discard","keep"
776,"6543","dedhe",6,"Adult",NA,NA,NA,"bracket","near","same","yes","yes",0.63,0,0,0.38,"high",0.75,0.9,0.93,"2D","2D","stack","iterate","iterate","stack","Stack",0.97,0.03,NA,0.03,NA,NA,NA,NA,NA,NA,0.99,0.01,0.04,0.04,0.88,0.99,0.05,1,0.99,0.88,1.86,0.05,0.07,0.98,"bracket","near","mix","pure","learn_gen","bracket_bracket",3,10,13,6.5,0.95,0,"Serial-crossed",0.63,0,0,0,0.99,0.01,0.04,0.88,0.99,0.01,0.88,0.04,0.99,0.93,"Center-embedded",0.934,0.033,NA,0.03,0.99,0.01,0,0,0.9,0.9,1,NA,"2D",NA,0.3,-7,-0.5,"yes","near",NA,NA,NA,NA,NA,NA,NA,"discard","Near","discard","discard","discard","discard","discard","discard","discard","Adult (Bracket)","discard","discard","discard","discard","discard","discard","discard","discard","discard","discard","discard","discard","discard","discard","discard","discard","discard","discard","discard","discard","discard","discard","Adult (2 Dimensions)","High Load","Near","Near","discard","discard","discard","discard","discard","discard","discard","discard","2 Dimensions","discard","discard","discard","discard","Adult (6 item)","discard","discard","discard","discard","discard","Adult (6 item)","discard","discard","keep"
777,"6544","dedhe",6,"Adult",NA,NA,NA,"bracket","near","same","yes","yes",1,0,0,0,"high",1,0.96,0.97,"2D","2D","stack","iterate","iterate","stack","Stack",0.99,0.01,NA,0.01,NA,NA,NA,NA,NA,NA,0.99,0.01,0.01,0.01,0.96,0.99,0.02,1,0.99,0.96,1.94,0.02,0.03,0.99,"bracket","near","mix","pure","learn_gen","bracket_bracket",4,3,7,3.5,0.98,0,"Serial-crossed",1,0,0,0,0.99,0.01,0.01,0.96,0.99,0.01,0.96,0.01,0.99,0.97,"Center-embedded",0.975,0.012,NA,0.01,0.99,0.01,0,0,0.96,0.96,1,NA,"2D",NA,1.3,1,0.1,"yes","near",NA,NA,NA,NA,NA,NA,NA,"discard","Near","discard","discard","discard","discard","discard","discard","discard","Adult (Bracket)","discard","discard","discard","discard","discard","discard","discard","discard","discard","discard","discard","discard","discard","discard","discard","discard","discard","discard","discard","discard","discard","discard","Adult (2 Dimensions)","High Load","Near","Near","discard","discard","discard","discard","discard","discard","discard","discard","2 Dimensions","discard","discard","discard","discard","Adult (6 item)","discard","discard","discard","discard","discard","Adult (6 item)","discard","discard","keep"
778,"6545","dedhe",6,"Adult",NA,NA,NA,"bracket","near","same","yes","yes",1,0,0,0,"high",0.875,0.96,0.97,"2D","2D","stack","iterate","iterate","stack","Stack",0.99,0.01,NA,0.01,NA,NA,NA,NA,NA,NA,0.99,0.01,0.01,0.01,0.96,0.99,0.02,1,0.99,0.96,1.94,0.02,0.03,0.99,"bracket","near","mix","pure","learn_gen","bracket_bracket",4,3,7,3.5,0.98,0,"Serial-crossed",1,0,0,0,0.99,0.01,0.01,0.96,0.99,0.01,0.96,0.01,0.99,0.97,"Center-embedded",0.975,0.012,NA,0.01,0.99,0.01,0,0,0.96,0.96,1,NA,"2D",NA,1.3,1,0.1,"yes","near",NA,NA,NA,NA,NA,NA,NA,"discard","Near","discard","discard","discard","discard","discard","discard","discard","Adult (Bracket)","discard","discard","discard","discard","discard","discard","discard","discard","discard","discard","discard","discard","discard","discard","discard","discard","discard","discard","discard","discard","discard","discard","Adult (2 Dimensions)","High Load","Near","Near","discard","discard","discard","discard","discard","discard","discard","discard","2 Dimensions","discard","discard","discard","discard","Adult (6 item)","discard","discard","discard","discard","discard","Adult (6 item)","discard","discard","keep"
779,"6546","dedhe",6,"Adult",NA,NA,NA,"bracket","near","same","yes","yes",0.88,0,0,0.13,"high",1,0.94,0.96,"2D","2D","stack","iterate","iterate","stack","Stack",0.98,0.02,NA,0.02,NA,NA,NA,NA,NA,NA,0.99,0.01,0.02,0.02,0.93,0.99,0.03,1,0.99,0.93,1.92,0.03,0.04,0.99,"bracket","near","mix","pure","learn_gen","bracket_bracket",3,3,6,3,0.97,0,"Serial-crossed",0.88,0,0,0,0.99,0.01,0.02,0.93,0.99,0.01,0.93,0.02,0.99,0.96,"Center-embedded",0.962,0.019,NA,0.02,0.99,0.01,0,0,0.94,0.94,1,NA,"2D",NA,1,0,0,"yes","near",NA,NA,NA,NA,NA,NA,NA,"discard","Near","discard","discard","discard","discard","discard","discard","discard","Adult (Bracket)","discard","discard","discard","discard","discard","discard","discard","discard","discard","discard","discard","discard","discard","discard","discard","discard","discard","discard","discard","discard","discard","discard","Adult (2 Dimensions)","High Load","Near","Near","discard","discard","discard","discard","discard","discard","discard","discard","2 Dimensions","discard","discard","discard","discard","Adult (6 item)","discard","discard","discard","discard","discard","Adult (6 item)","discard","discard","keep"
780,"6547","dedhe",6,"Adult",NA,NA,NA,"bracket","near","same","yes","yes",0.13,0.13,0,0.75,"high",0.875,0.01,0.26,"not 2D","1D","stack","iterate","iterate","iterate","Iterate",0.51,0.49,NA,0.13,NA,NA,NA,NA,NA,NA,0.98,0.02,0.18,0.27,0.29,0.98,0.37,1,0.98,0.29,1.26,0.98,0.74,0.75,"bracket","near","mix","pure","learn_gen","bracket_bracket",4,3,7,3.5,0.63,0.13,"Serial-crossed",0.13,0,0,0,0.98,0.02,0.27,0.29,0.98,0.02,0.29,0.27,0.98,0.32,"Center-embedded",0.438,0.427,NA,0.13,0.98,0.02,0,0,0.01,0.98,0,NA,"iterate",NA,1.3,1,0.1,"no","near",NA,NA,NA,NA,NA,NA,NA,"discard","Near","discard","discard","discard","discard","discard","discard","discard","Adult (Bracket)","discard","discard","discard","discard","discard","discard","discard","discard","discard","discard","discard","discard","discard","discard","discard","discard","discard","discard","discard","discard","discard","discard","Adult (2 Dimensions)","High Load","Near","Near","discard","discard","discard","discard","discard","discard","discard","discard","2 Dimensions","discard","discard","discard","discard","Adult (6 item)","discard","discard","discard","discard","discard","Adult (6 item)","discard","discard","keep"
781,"6548","dedhe",6,"Adult",NA,NA,NA,"bracket","near","same","yes","yes",1,0,0,0,"high",1,0.96,0.97,"2D","2D","stack","iterate","iterate","stack","Stack",0.99,0.01,NA,0.01,NA,NA,NA,NA,NA,NA,0.99,0.01,0.01,0.01,0.96,0.99,0.02,1,0.99,0.96,1.94,0.02,0.03,0.99,"bracket","near","mix","pure","learn_gen","bracket_bracket",8,9,17,8.5,0.98,0,"Serial-crossed",1,0,0,0,0.99,0.01,0.01,0.96,0.99,0.01,0.96,0.01,0.99,0.97,"Center-embedded",0.976,0.012,NA,0.01,0.99,0.01,0,0,0.96,0.96,1,NA,"2D",NA,0.9,-1,-0.1,"yes","near",NA,NA,NA,NA,NA,NA,NA,"discard","Near","discard","discard","discard","discard","discard","discard","discard","Adult (Bracket)","discard","discard","discard","discard","discard","discard","discard","discard","discard","discard","discard","discard","discard","discard","discard","discard","discard","discard","discard","discard","discard","discard","Adult (2 Dimensions)","High Load","Near","Near","discard","discard","discard","discard","discard","discard","discard","discard","2 Dimensions","discard","discard","discard","discard","Adult (6 item)","discard","discard","discard","discard","discard","Adult (6 item)","discard","discard","keep"
782,"6549","dedhe",6,"Adult",NA,NA,NA,"bracket","near","same","yes","yes",0.5,0,0,0.5,"high",0.875,0.87,0.9,"2D","2D","stack","iterate","iterate","stack","Stack",0.96,0.04,NA,0.04,NA,NA,NA,NA,NA,NA,0.99,0.01,0.05,0.05,0.83,0.99,0.07,1,0.99,0.83,1.81,0.06,0.1,0.97,"bracket","near","mix","pure","learn_gen","bracket_bracket",3,4,7,3.5,0.93,0,"Serial-crossed",0.5,0,0,0,0.99,0.01,0.05,0.83,0.99,0.01,0.83,0.05,0.99,0.9,"Center-embedded",0.915,0.042,NA,0.04,0.99,0.01,0,0,0.87,0.87,1,NA,"2D",NA,0.8,-1,-0.1,"yes","near",NA,NA,NA,NA,NA,NA,NA,"discard","Near","discard","discard","discard","discard","discard","discard","discard","Adult (Bracket)","discard","discard","discard","discard","discard","discard","discard","discard","discard","discard","discard","discard","discard","discard","discard","discard","discard","discard","discard","discard","discard","discard","Adult (2 Dimensions)","High Load","Near","Near","discard","discard","discard","discard","discard","discard","discard","discard","2 Dimensions","discard","discard","discard","discard","Adult (6 item)","discard","discard","discard","discard","discard","Adult (6 item)","discard","discard","keep"
783,"6550","dedhe",6,"Adult",NA,NA,NA,"bracket","near","same","yes","yes",0.5,0,0,0.5,"high",0.875,0.87,0.91,"2D","2D","stack","iterate","iterate","stack","Stack",0.96,0.04,NA,0.04,NA,NA,NA,NA,NA,NA,0.99,0.01,0.05,0.05,0.83,0.99,0.07,1,0.99,0.83,1.81,0.06,0.09,0.97,"bracket","near","mix","pure","learn_gen","bracket_bracket",3,4,7,3.5,0.93,0,"Serial-crossed",0.5,0,0,0,0.99,0.01,0.05,0.83,0.99,0.01,0.83,0.05,0.99,0.9,"Center-embedded",0.916,0.041,NA,0.04,0.99,0.01,0,0,0.87,0.87,1,NA,"2D",NA,0.8,-1,-0.1,"yes","near",NA,NA,NA,NA,NA,NA,NA,"discard","Near","discard","discard","discard","discard","discard","discard","discard","Adult (Bracket)","discard","discard","discard","discard","discard","discard","discard","discard","discard","discard","discard","discard","discard","discard","discard","discard","discard","discard","discard","discard","discard","discard","Adult (2 Dimensions)","High Load","Near","Near","discard","discard","discard","discard","discard","discard","discard","discard","2 Dimensions","discard","discard","discard","discard","Adult (6 item)","discard","discard","discard","discard","discard","Adult (6 item)","discard","discard","keep"
784,"6551","dedhe",6,"Adult",NA,NA,NA,"bracket","near","same","yes","yes",1,0,0,0,"high",1,0.96,0.97,"2D","2D","stack","iterate","iterate","stack","Stack",0.99,0.01,NA,0.01,NA,NA,NA,NA,NA,NA,0.99,0.01,0.01,0.01,0.96,0.99,0.02,1,0.99,0.96,1.95,0.02,0.03,0.99,"bracket","near","mix","pure","learn_gen","bracket_bracket",3,3,6,3,0.98,0,"Serial-crossed",1,0,0,0,0.99,0.01,0.01,0.96,0.99,0.01,0.96,0.01,0.99,0.97,"Center-embedded",0.975,0.012,NA,0.01,0.99,0.01,0,0,0.96,0.96,1,NA,"2D",NA,1,0,0,"yes","near",NA,NA,NA,NA,NA,NA,NA,"discard","Near","discard","discard","discard","discard","discard","discard","discard","Adult (Bracket)","discard","discard","discard","discard","discard","discard","discard","discard","discard","discard","discard","discard","discard","discard","discard","discard","discard","discard","discard","discard","discard","discard","Adult (2 Dimensions)","High Load","Near","Near","discard","discard","discard","discard","discard","discard","discard","discard","2 Dimensions","discard","discard","discard","discard","Adult (6 item)","discard","discard","discard","discard","discard","Adult (6 item)","discard","discard","keep"
785,"6552","dedhe",6,"Adult",NA,NA,NA,"bracket","near","same","yes","yes",0.5,0,0,0.5,"high",0.75,0.88,0.91,"2D","2D","stack","iterate","iterate","stack","Stack",0.96,0.04,NA,0.04,NA,NA,NA,NA,NA,NA,0.98,0.02,0.05,0.05,0.82,0.98,0.07,1,0.98,0.82,1.8,0.06,0.09,0.97,"bracket","near","mix","pure","learn_gen","bracket_bracket",82,4,86,43,0.93,0,"Serial-crossed",0.5,0,0,0,0.98,0.02,0.05,0.82,0.98,0.02,0.82,0.05,0.98,0.9,"Center-embedded",0.917,0.042,NA,0.04,0.98,0.02,0,0,0.88,0.88,1,NA,"2D",NA,20.5,78,0.9,"yes","near",NA,NA,NA,NA,NA,NA,NA,"discard","Near","discard","discard","discard","discard","discard","discard","discard","Adult (Bracket)","discard","discard","discard","discard","discard","discard","discard","discard","discard","discard","discard","discard","discard","discard","discard","discard","discard","discard","discard","discard","discard","discard","Adult (2 Dimensions)","High Load","Near","Near","discard","discard","discard","discard","discard","discard","discard","discard","2 Dimensions","discard","discard","discard","discard","Adult (6 item)","discard","discard","discard","discard","discard","Adult (6 item)","discard","discard","keep"
786,"6553","dedhe",6,"Adult",NA,NA,NA,"bracket","near","same","yes","yes",1,0,0,0,"high",0.75,0.96,0.97,"2D","2D","stack","iterate","iterate","stack","Stack",0.99,0.01,NA,0.01,NA,NA,NA,NA,NA,NA,0.99,0.01,0.01,0.01,0.96,0.99,0.02,1,0.99,0.96,1.94,0.02,0.03,0.99,"bracket","near","mix","pure","learn_gen","bracket_bracket",4,3,7,3.5,0.98,0,"Serial-crossed",1,0,0,0,0.99,0.01,0.01,0.96,0.99,0.01,0.96,0.01,0.99,0.97,"Center-embedded",0.976,0.012,NA,0.01,0.99,0.01,0,0,0.96,0.96,1,NA,"2D",NA,1.3,1,0.1,"yes","near",NA,NA,NA,NA,NA,NA,NA,"discard","Near","discard","discard","discard","discard","discard","discard","discard","Adult (Bracket)","discard","discard","discard","discard","discard","discard","discard","discard","discard","discard","discard","discard","discard","discard","discard","discard","discard","discard","discard","discard","discard","discard","Adult (2 Dimensions)","High Load","Near","Near","discard","discard","discard","discard","discard","discard","discard","discard","2 Dimensions","discard","discard","discard","discard","Adult (6 item)","discard","discard","discard","discard","discard","Adult (6 item)","discard","discard","keep"
787,"6554","dedhe",6,"Adult",NA,NA,NA,"bracket","near","same","yes","yes",1,0,0,0,"high",1,0.96,0.97,"2D","2D","stack","iterate","iterate","stack","Stack",0.99,0.01,NA,0.01,NA,NA,NA,NA,NA,NA,0.99,0.01,0.01,0.01,0.96,0.99,0.02,1,0.99,0.96,1.95,0.02,0.03,0.99,"bracket","near","mix","pure","learn_gen","bracket_bracket",3,3,6,3,0.98,0,"Serial-crossed",1,0,0,0,0.99,0.01,0.01,0.96,0.99,0.01,0.96,0.01,0.99,0.97,"Center-embedded",0.975,0.013,NA,0.01,0.99,0.01,0,0,0.96,0.96,1,NA,"2D",NA,1,0,0,"yes","near",NA,NA,NA,NA,NA,NA,NA,"discard","Near","discard","discard","discard","discard","discard","discard","discard","Adult (Bracket)","discard","discard","discard","discard","discard","discard","discard","discard","discard","discard","discard","discard","discard","discard","discard","discard","discard","discard","discard","discard","discard","discard","Adult (2 Dimensions)","High Load","Near","Near","discard","discard","discard","discard","discard","discard","discard","discard","2 Dimensions","discard","discard","discard","discard","Adult (6 item)","discard","discard","discard","discard","discard","Adult (6 item)","discard","discard","keep"
788,"6555","dedhe",6,"Adult",NA,NA,NA,"bracket","near","same","yes","yes",1,0,0,0,"high",0.875,0.96,0.97,"2D","2D","stack","iterate","iterate","stack","Stack",0.99,0.01,NA,0.01,NA,NA,NA,NA,NA,NA,0.99,0.01,0.01,0.01,0.96,0.99,0.02,1,0.99,0.96,1.94,0.02,0.03,0.99,"bracket","near","mix","pure","learn_gen","bracket_bracket",4,4,8,4,0.98,0,"Serial-crossed",1,0,0,0,0.99,0.01,0.01,0.96,0.99,0.01,0.96,0.01,0.99,0.97,"Center-embedded",0.976,0.012,NA,0.01,0.99,0.01,0,0,0.96,0.96,1,NA,"2D",NA,1,0,0,"yes","near",NA,NA,NA,NA,NA,NA,NA,"discard","Near","discard","discard","discard","discard","discard","discard","discard","Adult (Bracket)","discard","discard","discard","discard","discard","discard","discard","discard","discard","discard","discard","discard","discard","discard","discard","discard","discard","discard","discard","discard","discard","discard","Adult (2 Dimensions)","High Load","Near","Near","discard","discard","discard","discard","discard","discard","discard","discard","2 Dimensions","discard","discard","discard","discard","Adult (6 item)","discard","discard","discard","discard","discard","Adult (6 item)","discard","discard","keep"
789,"6556","dedhe",6,"Adult",NA,NA,NA,"bracket","near","same","yes","yes",0.75,0,0,0.25,"high",0.625,0.92,0.94,"2D","2D","stack","iterate","iterate","stack","Stack",0.97,0.03,NA,0.03,NA,NA,NA,NA,NA,NA,0.99,0.01,0.03,0.03,0.91,0.99,0.04,1,0.99,0.91,1.89,0.04,0.06,0.98,"bracket","near","mix","pure","learn_gen","bracket_bracket",10,3,13,6.5,0.96,0,"Serial-crossed",0.75,0,0,0,0.99,0.01,0.03,0.91,0.99,0.01,0.91,0.03,0.99,0.94,"Center-embedded",0.948,0.026,NA,0.03,0.99,0.01,0,0,0.92,0.92,1,NA,"2D",NA,3.3,7,0.5,"yes","near",NA,NA,NA,NA,NA,NA,NA,"discard","Near","discard","discard","discard","discard","discard","discard","discard","Adult (Bracket)","discard","discard","discard","discard","discard","discard","discard","discard","discard","discard","discard","discard","discard","discard","discard","discard","discard","discard","discard","discard","discard","discard","Adult (2 Dimensions)","High Load","Near","Near","discard","discard","discard","discard","discard","discard","discard","discard","2 Dimensions","discard","discard","discard","discard","Adult (6 item)","discard","discard","discard","discard","discard","Adult (6 item)","discard","discard","keep"
790,"6558","dedhe",6,"Adult",NA,NA,NA,"bracket","near","same","yes","yes",0.88,0,0,0.13,"high",1,0.94,0.96,"2D","2D","stack","iterate","iterate","stack","Stack",0.98,0.02,NA,0.02,NA,NA,NA,NA,NA,NA,0.99,0.01,0.02,0.02,0.93,0.99,0.03,1,0.99,0.93,1.92,0.03,0.04,0.99,"bracket","near","mix","pure","learn_gen","bracket_bracket",5,3,8,4,0.97,0,"Serial-crossed",0.88,0,0,0,0.99,0.01,0.02,0.93,0.99,0.01,0.93,0.02,0.99,0.96,"Center-embedded",0.962,0.019,NA,0.02,0.99,0.01,0,0,0.94,0.94,1,NA,"2D",NA,1.7,2,0.3,"yes","near",NA,NA,NA,NA,NA,NA,NA,"discard","Near","discard","discard","discard","discard","discard","discard","discard","Adult (Bracket)","discard","discard","discard","discard","discard","discard","discard","discard","discard","discard","discard","discard","discard","discard","discard","discard","discard","discard","discard","discard","discard","discard","Adult (2 Dimensions)","High Load","Near","Near","discard","discard","discard","discard","discard","discard","discard","discard","2 Dimensions","discard","discard","discard","discard","Adult (6 item)","discard","discard","discard","discard","discard","Adult (6 item)","discard","discard","keep"
791,"6559","dedhe",6,"Adult",NA,NA,NA,"bracket","near","same","yes","yes",0.88,0,0,0.13,"high",0.875,0.94,0.96,"2D","2D","stack","iterate","iterate","stack","Stack",0.98,0.02,NA,0.02,NA,NA,NA,NA,NA,NA,0.99,0.01,0.02,0.02,0.93,0.99,0.03,1,0.99,0.93,1.92,0.03,0.04,0.99,"bracket","near","mix","pure","learn_gen","bracket_bracket",9,3,12,6,0.97,0,"Serial-crossed",0.88,0,0,0,0.99,0.01,0.02,0.93,0.99,0.01,0.93,0.02,0.99,0.96,"Center-embedded",0.961,0.02,NA,0.02,0.99,0.01,0,0,0.94,0.94,1,NA,"2D",NA,3,6,0.5,"yes","near",NA,NA,NA,NA,NA,NA,NA,"discard","Near","discard","discard","discard","discard","discard","discard","discard","Adult (Bracket)","discard","discard","discard","discard","discard","discard","discard","discard","discard","discard","discard","discard","discard","discard","discard","discard","discard","discard","discard","discard","discard","discard","Adult (2 Dimensions)","High Load","Near","Near","discard","discard","discard","discard","discard","discard","discard","discard","2 Dimensions","discard","discard","discard","discard","Adult (6 item)","discard","discard","discard","discard","discard","Adult (6 item)","discard","discard","keep"
792,"6560","dedhe",6,"Adult",NA,NA,NA,"bracket","near","same","yes","yes",1,0,0,0,"high",1,0.96,0.97,"2D","2D","stack","iterate","iterate","stack","Stack",0.99,0.01,NA,0.01,NA,NA,NA,NA,NA,NA,0.99,0.01,0.01,0.01,0.96,0.99,0.02,1,0.99,0.96,1.94,0.02,0.03,0.99,"bracket","near","mix","pure","learn_gen","bracket_bracket",3,3,6,3,0.98,0,"Serial-crossed",1,0,0,0,0.99,0.01,0.01,0.96,0.99,0.01,0.96,0.01,0.99,0.97,"Center-embedded",0.976,0.012,NA,0.01,0.99,0.01,0,0,0.96,0.96,1,NA,"2D",NA,1,0,0,"yes","near",NA,NA,NA,NA,NA,NA,NA,"discard","Near","discard","discard","discard","discard","discard","discard","discard","Adult (Bracket)","discard","discard","discard","discard","discard","discard","discard","discard","discard","discard","discard","discard","discard","discard","discard","discard","discard","discard","discard","discard","discard","discard","Adult (2 Dimensions)","High Load","Near","Near","discard","discard","discard","discard","discard","discard","discard","discard","2 Dimensions","discard","discard","discard","discard","Adult (6 item)","discard","discard","discard","discard","discard","Adult (6 item)","discard","discard","keep"
793,"6561","dedhe",6,"Adult",NA,NA,NA,"bracket","near","same","yes","yes",1,0,0,0,"high",1,0.96,0.97,"2D","2D","stack","iterate","iterate","stack","Stack",0.99,0.01,NA,0.01,NA,NA,NA,NA,NA,NA,0.99,0.01,0.01,0.01,0.96,0.99,0.02,1,0.99,0.96,1.94,0.02,0.03,0.99,"bracket","near","mix","pure","learn_gen","bracket_bracket",4,4,8,4,0.98,0,"Serial-crossed",1,0,0,0,0.99,0.01,0.01,0.96,0.99,0.01,0.96,0.01,0.99,0.97,"Center-embedded",0.975,0.012,NA,0.01,0.99,0.01,0,0,0.96,0.96,1,NA,"2D",NA,1,0,0,"yes","near",NA,NA,NA,NA,NA,NA,NA,"discard","Near","discard","discard","discard","discard","discard","discard","discard","Adult (Bracket)","discard","discard","discard","discard","discard","discard","discard","discard","discard","discard","discard","discard","discard","discard","discard","discard","discard","discard","discard","discard","discard","discard","Adult (2 Dimensions)","High Load","Near","Near","discard","discard","discard","discard","discard","discard","discard","discard","2 Dimensions","discard","discard","discard","discard","Adult (6 item)","discard","discard","discard","discard","discard","Adult (6 item)","discard","discard","keep"
794,"6562","dedhe",6,"Adult",NA,NA,NA,"bracket","near","same","yes","yes",0.63,0,0,0.38,"high",1,0.9,0.93,"2D","2D","stack","iterate","iterate","stack","Stack",0.97,0.03,NA,0.03,NA,NA,NA,NA,NA,NA,0.97,0.03,0.04,0.04,0.87,0.97,0.05,1,0.97,0.87,1.84,0.05,0.07,0.98,"bracket","near","mix","pure","learn_gen","bracket_bracket",3,4,7,3.5,0.95,0,"Serial-crossed",0.63,0,0,0,0.97,0.03,0.04,0.87,0.97,0.03,0.87,0.04,0.97,0.93,"Center-embedded",0.933,0.033,NA,0.03,0.97,0.03,0,0,0.9,0.9,1,NA,"2D",NA,0.8,-1,-0.1,"yes","near",NA,NA,NA,NA,NA,NA,NA,"discard","Near","discard","discard","discard","discard","discard","discard","discard","Adult (Bracket)","discard","discard","discard","discard","discard","discard","discard","discard","discard","discard","discard","discard","discard","discard","discard","discard","discard","discard","discard","discard","discard","discard","Adult (2 Dimensions)","High Load","Near","Near","discard","discard","discard","discard","discard","discard","discard","discard","2 Dimensions","discard","discard","discard","discard","Adult (6 item)","discard","discard","discard","discard","discard","Adult (6 item)","discard","discard","keep"
795,"6563","dedhe",6,"Adult",NA,NA,NA,"bracket","near","same","yes","yes",1,0,0,0,"high",1,0.96,0.97,"2D","2D","stack","iterate","iterate","stack","Stack",0.99,0.01,NA,0.01,NA,NA,NA,NA,NA,NA,0.99,0.01,0.01,0.01,0.96,0.99,0.02,1,0.99,0.96,1.94,0.02,0.03,0.99,"bracket","near","mix","pure","learn_gen","bracket_bracket",3,3,6,3,0.98,0,"Serial-crossed",1,0,0,0,0.99,0.01,0.01,0.96,0.99,0.01,0.96,0.01,0.99,0.97,"Center-embedded",0.976,0.012,NA,0.01,0.99,0.01,0,0,0.96,0.96,1,NA,"2D",NA,1,0,0,"yes","near",NA,NA,NA,NA,NA,NA,NA,"discard","Near","discard","discard","discard","discard","discard","discard","discard","Adult (Bracket)","discard","discard","discard","discard","discard","discard","discard","discard","discard","discard","discard","discard","discard","discard","discard","discard","discard","discard","discard","discard","discard","discard","Adult (2 Dimensions)","High Load","Near","Near","discard","discard","discard","discard","discard","discard","discard","discard","2 Dimensions","discard","discard","discard","discard","Adult (6 item)","discard","discard","discard","discard","discard","Adult (6 item)","discard","discard","keep"
796,"6564","dedhe",6,"Adult",NA,NA,NA,"bracket","near","same","yes","yes",0.5,0.25,0,0.25,"high",0.75,0.37,0.53,"2D","2D","stack","iterate","iterate","stack","Stack",0.69,0.31,NA,0.03,NA,NA,NA,NA,NA,NA,0.99,0.01,0.03,0.17,0.51,0.99,0.31,1,0.99,0.51,1.5,0.32,0.47,0.84,"bracket","near","mix","pure","learn_gen","bracket_bracket",4,17,21,10.5,0.69,0.25,"Serial-crossed",0.5,0,0,0,0.99,0.01,0.17,0.51,0.99,0.01,0.51,0.17,0.99,0.53,"Center-embedded",0.668,0.3,NA,0.03,0.99,0.01,0,0,0.37,0.37,1,NA,"2D",NA,0.2,-13,-0.6,"yes","near",NA,NA,NA,NA,NA,NA,NA,"discard","Near","discard","discard","discard","discard","discard","discard","discard","Adult (Bracket)","discard","discard","discard","discard","discard","discard","discard","discard","discard","discard","discard","discard","discard","discard","discard","discard","discard","discard","discard","discard","discard","discard","Adult (2 Dimensions)","High Load","Near","Near","discard","discard","discard","discard","discard","discard","discard","discard","2 Dimensions","discard","discard","discard","discard","Adult (6 item)","discard","discard","discard","discard","discard","Adult (6 item)","discard","discard","keep"
797,"6566","dedhe",6,"Adult",NA,NA,NA,"bracket","near","same","yes","yes",1,0,0,0,"high",1,0.96,0.97,"2D","2D","stack","iterate","iterate","stack","Stack",0.99,0.01,NA,0.01,NA,NA,NA,NA,NA,NA,0.99,0.01,0.01,0.01,0.96,0.99,0.02,1,0.99,0.96,1.94,0.02,0.03,0.99,"bracket","near","mix","pure","learn_gen","bracket_bracket",3,3,6,3,0.98,0,"Serial-crossed",1,0,0,0,0.99,0.01,0.01,0.96,0.99,0.01,0.96,0.01,0.99,0.97,"Center-embedded",0.975,0.012,NA,0.01,0.99,0.01,0,0,0.96,0.96,1,NA,"2D",NA,1,0,0,"yes","near",NA,NA,NA,NA,NA,NA,NA,"discard","Near","discard","discard","discard","discard","discard","discard","discard","Adult (Bracket)","discard","discard","discard","discard","discard","discard","discard","discard","discard","discard","discard","discard","discard","discard","discard","discard","discard","discard","discard","discard","discard","discard","Adult (2 Dimensions)","High Load","Near","Near","discard","discard","discard","discard","discard","discard","discard","discard","2 Dimensions","discard","discard","discard","discard","Adult (6 item)","discard","discard","discard","discard","discard","Adult (6 item)","discard","discard","keep"
798,"6567","dedhe",6,"Adult",NA,NA,NA,"bracket","near","same","yes","yes",1,0,0,0,"high",1,0.96,0.97,"2D","2D","stack","iterate","iterate","stack","Stack",0.99,0.01,NA,0.01,NA,NA,NA,NA,NA,NA,0.99,0.01,0.01,0.01,0.96,0.99,0.02,1,0.99,0.96,1.95,0.02,0.03,0.99,"bracket","near","mix","pure","learn_gen","bracket_bracket",3,3,6,3,0.98,0,"Serial-crossed",1,0,0,0,0.99,0.01,0.01,0.96,0.99,0.01,0.96,0.01,0.99,0.97,"Center-embedded",0.975,0.012,NA,0.01,0.99,0.01,0,0,0.96,0.96,1,NA,"2D",NA,1,0,0,"yes","near",NA,NA,NA,NA,NA,NA,NA,"discard","Near","discard","discard","discard","discard","discard","discard","discard","Adult (Bracket)","discard","discard","discard","discard","discard","discard","discard","discard","discard","discard","discard","discard","discard","discard","discard","discard","discard","discard","discard","discard","discard","discard","Adult (2 Dimensions)","High Load","Near","Near","discard","discard","discard","discard","discard","discard","discard","discard","2 Dimensions","discard","discard","discard","discard","Adult (6 item)","discard","discard","discard","discard","discard","Adult (6 item)","discard","discard","keep"
799,"6568","dedhe",6,"Adult",NA,NA,NA,"bracket","near","same","yes","yes",1,0,0,0,"high",1,0.96,0.97,"2D","2D","stack","iterate","iterate","stack","Stack",0.99,0.01,NA,0.01,NA,NA,NA,NA,NA,NA,0.99,0.01,0.01,0.01,0.96,0.99,0.02,1,0.99,0.96,1.95,0.02,0.03,0.99,"bracket","near","mix","pure","learn_gen","bracket_bracket",3,4,7,3.5,0.98,0,"Serial-crossed",1,0,0,0,0.99,0.01,0.01,0.96,0.99,0.01,0.96,0.01,0.99,0.97,"Center-embedded",0.976,0.012,NA,0.01,0.99,0.01,0,0,0.96,0.96,1,NA,"2D",NA,0.8,-1,-0.1,"yes","near",NA,NA,NA,NA,NA,NA,NA,"discard","Near","discard","discard","discard","discard","discard","discard","discard","Adult (Bracket)","discard","discard","discard","discard","discard","discard","discard","discard","discard","discard","discard","discard","discard","discard","discard","discard","discard","discard","discard","discard","discard","discard","Adult (2 Dimensions)","High Load","Near","Near","discard","discard","discard","discard","discard","discard","discard","discard","2 Dimensions","discard","discard","discard","discard","Adult (6 item)","discard","discard","discard","discard","discard","Adult (6 item)","discard","discard","keep"
800,"6569","dedhe",6,"Adult",NA,NA,NA,"bracket","near","same","yes","yes",1,0,0,0,"high",0.875,0.96,0.97,"2D","2D","stack","iterate","iterate","stack","Stack",0.99,0.01,NA,0.01,NA,NA,NA,NA,NA,NA,0.99,0.01,0.01,0.01,0.96,0.99,0.02,1,0.99,0.96,1.95,0.02,0.03,0.99,"bracket","near","mix","pure","learn_gen","bracket_bracket",3,3,6,3,0.98,0,"Serial-crossed",1,0,0,0,0.99,0.01,0.01,0.96,0.99,0.01,0.96,0.01,0.99,0.97,"Center-embedded",0.976,0.012,NA,0.01,0.99,0.01,0,0,0.96,0.96,1,NA,"2D",NA,1,0,0,"yes","near",NA,NA,NA,NA,NA,NA,NA,"discard","Near","discard","discard","discard","discard","discard","discard","discard","Adult (Bracket)","discard","discard","discard","discard","discard","discard","discard","discard","discard","discard","discard","discard","discard","discard","discard","discard","discard","discard","discard","discard","discard","discard","Adult (2 Dimensions)","High Load","Near","Near","discard","discard","discard","discard","discard","discard","discard","discard","2 Dimensions","discard","discard","discard","discard","Adult (6 item)","discard","discard","discard","discard","discard","Adult (6 item)","discard","discard","keep"
801,"6570","dedhe",6,"Adult",NA,NA,NA,"bracket","near","same","yes","yes",0.63,0,0.13,0.25,"low",0.375,0.82,0.87,"2D","2D","stack","iterate","iterate","stack","Stack",0.97,0.03,NA,0.12,NA,NA,NA,NA,NA,NA,0.93,0.07,0.16,0.02,0.6,0.93,0.14,1,0.93,0.6,1.53,0.09,0.13,0.96,"bracket","near","mix","pure","learn_gen","bracket_bracket",9,6,15,7.5,0.86,0.13,"Tail-recursive",0.63,0,0,0,0.93,0.07,0.02,0.6,0.93,0.07,0.6,0.02,0.93,0.84,"Center-embedded",0.85,0.028,NA,0.12,0.93,0.07,0,0,0.73,0.82,1,NA,"2D",NA,1.5,3,0.2,"yes","near",NA,NA,NA,NA,NA,NA,NA,"discard","Near","discard","discard","discard","discard","discard","discard","discard","Adult (Bracket)","discard","discard","discard","discard","discard","discard","discard","discard","discard","discard","discard","discard","discard","discard","discard","discard","discard","discard","discard","discard","discard","discard","Adult (2 Dimensions)","High Load","Near","Near","discard","discard","discard","discard","discard","discard","discard","discard","2 Dimensions","discard","discard","discard","discard","Adult (6 item)","discard","discard","discard","discard","discard","Adult (6 item)","discard","discard","keep"
838,"6539","dedhe",6,"Adult",NA,NA,NA,"bracket","far","same","yes","yes",0.88,0,0,0.13,"high",0.875,0.94,0.96,"2D","2D","stack","iterate","iterate","stack","Stack",0.96,0.02,0.02,NA,NA,NA,NA,NA,NA,NA,0.99,0.01,0.02,0.02,0.96,0.99,0.03,1,0.99,0.96,1.95,0.03,0.04,0.99,"bracket","far","mix","pure","learn_gen","bracket_bracket",3,4,7,3.5,0.97,0,"Serial-crossed",0.88,0,0,0,0.99,0.01,0.02,0.96,0.99,0.01,0.96,0.02,0.99,0.96,"Center-embedded",0.962,0.019,0.02,NA,0.99,0.01,0,0,0.94,0.94,1,NA,"2D",NA,0.8,-1,-0.1,"yes","far_same",NA,NA,NA,NA,NA,NA,NA,"discard","Far (Related)","discard","discard","discard","discard","Adult (6 item)","discard","Adult (Bracket)","Adult (Bracket)","discard","discard","discard","Human Adult","discard","discard","discard","discard","discard","discard","discard","discard","discard","discard","discard","discard","discard","discard","discard","discard","discard","discard","Adult (2 Dimensions)","High Load","Far (Same)","Far","discard","discard","discard","discard","discard","discard","discard","discard","2 Dimensions","Adult (6 item)","discard","discard","discard","discard","discard","discard","discard","discard","discard","Adult (6 item)","discard","discard","keep"
839,"6540","dedhe",6,"Adult",NA,NA,NA,"bracket","far","same","yes","yes",0.13,0,0,0.88,"high",0.625,0.45,0.59,"2D","2D","stack","iterate","iterate","stack","Stack",0.63,0.19,0.18,NA,NA,NA,NA,NA,NA,NA,0.99,0.01,0.28,0.28,0.44,0.99,0.24,1,0.99,0.44,1.43,0.28,0.41,0.86,"bracket","far","mix","pure","learn_gen","bracket_bracket",4,3,7,3.5,0.76,0,"Serial-crossed",0.13,0,0,0,0.99,0.01,0.28,0.44,0.99,0.01,0.44,0.28,0.99,0.6,"Center-embedded",0.635,0.185,0.18,NA,0.99,0.01,0,0,0.45,0.45,1,NA,"2D",NA,1.3,1,0.1,"yes","far_same",NA,NA,NA,NA,NA,NA,NA,"discard","Far (Related)","discard","discard","discard","discard","Adult (6 item)","discard","Adult (Bracket)","Adult (Bracket)","discard","discard","discard","Human Adult","discard","discard","discard","discard","discard","discard","discard","discard","discard","discard","discard","discard","discard","discard","discard","discard","discard","discard","Adult (2 Dimensions)","High Load","Far (Same)","Far","discard","discard","discard","discard","discard","discard","discard","discard","2 Dimensions","Adult (6 item)","discard","discard","discard","discard","discard","discard","discard","discard","discard","Adult (6 item)","discard","discard","keep"
840,"6541","dedhe",6,"Adult",NA,NA,NA,"bracket","far","same","yes","yes",0.89,0,0,0.11,"high",1,0.95,0.96,"2D","2D","stack","iterate","iterate","stack","Stack",0.97,0.02,0.02,NA,NA,NA,NA,NA,NA,NA,0.99,0.01,0.02,0.02,0.96,0.99,0.02,1,0.99,0.96,1.95,0.03,0.04,0.99,"bracket","far","mix","pure","learn_gen","bracket_bracket",4,3,7,3.5,0.98,0,"Serial-crossed",0.89,0,0,0,0.99,0.01,0.02,0.96,0.99,0.01,0.96,0.02,0.99,0.96,"Center-embedded",0.967,0.017,0.02,NA,0.99,0.01,0,0,0.95,0.95,1,NA,"2D",NA,1.3,1,0.1,"yes","far_same",NA,NA,NA,NA,NA,NA,NA,"discard","Far (Related)","discard","discard","discard","discard","Adult (6 item)","discard","Adult (Bracket)","Adult (Bracket)","discard","discard","discard","Human Adult","discard","discard","discard","discard","discard","discard","discard","discard","discard","discard","discard","discard","discard","discard","discard","discard","discard","discard","Adult (2 Dimensions)","High Load","Far (Same)","Far","discard","discard","discard","discard","discard","discard","discard","discard","2 Dimensions","Adult (6 item)","discard","discard","discard","discard","discard","discard","discard","discard","discard","Adult (6 item)","discard","discard","keep"
841,"6542","dedhe",6,"Adult",NA,NA,NA,"bracket","far","same","yes","yes",0.89,0,0,0.11,"high",1,0.95,0.96,"2D","2D","stack","iterate","iterate","stack","Stack",0.97,0.02,0.02,NA,NA,NA,NA,NA,NA,NA,0.98,0.02,0.02,0.02,0.96,0.98,0.02,1,0.98,0.96,1.94,0.02,0.04,0.99,"bracket","far","mix","pure","learn_gen","bracket_bracket",3,3,6,3,0.98,0,"Serial-crossed",0.89,0,0,0,0.98,0.02,0.02,0.96,0.98,0.02,0.96,0.02,0.98,0.96,"Center-embedded",0.967,0.016,0.02,NA,0.98,0.02,0,0,0.95,0.95,1,NA,"2D",NA,1,0,0,"yes","far_same",NA,NA,NA,NA,NA,NA,NA,"discard","Far (Related)","discard","discard","discard","discard","Adult (6 item)","discard","Adult (Bracket)","Adult (Bracket)","discard","discard","discard","Human Adult","discard","discard","discard","discard","discard","discard","discard","discard","discard","discard","discard","discard","discard","discard","discard","discard","discard","discard","Adult (2 Dimensions)","High Load","Far (Same)","Far","discard","discard","discard","discard","discard","discard","discard","discard","2 Dimensions","Adult (6 item)","discard","discard","discard","discard","discard","discard","discard","discard","discard","Adult (6 item)","discard","discard","keep"
842,"6543","dedhe",6,"Adult",NA,NA,NA,"bracket","far","same","yes","yes",0.63,0,0,0.38,"high",0.75,0.9,0.93,"2D","2D","stack","iterate","iterate","stack","Stack",0.93,0.03,0.03,NA,NA,NA,NA,NA,NA,NA,0.97,0.03,0.04,0.08,0.88,0.97,0.05,1,0.97,0.88,1.85,0.05,0.07,0.98,"bracket","far","mix","pure","learn_gen","bracket_bracket",3,10,13,6.5,0.95,0,"Serial-crossed",0.63,0,0,0,0.97,0.03,0.08,0.88,0.97,0.03,0.88,0.08,0.97,0.93,"Center-embedded",0.934,0.033,0.03,NA,0.97,0.03,0,0,0.9,0.9,1,NA,"2D",NA,0.3,-7,-0.5,"yes","far_same",NA,NA,NA,NA,NA,NA,NA,"discard","Far (Related)","discard","discard","discard","discard","Adult (6 item)","discard","Adult (Bracket)","Adult (Bracket)","discard","discard","discard","Human Adult","discard","discard","discard","discard","discard","discard","discard","discard","discard","discard","discard","discard","discard","discard","discard","discard","discard","discard","Adult (2 Dimensions)","High Load","Far (Same)","Far","discard","discard","discard","discard","discard","discard","discard","discard","2 Dimensions","Adult (6 item)","discard","discard","discard","discard","discard","discard","discard","discard","discard","Adult (6 item)","discard","discard","keep"
843,"6544","dedhe",6,"Adult",NA,NA,NA,"bracket","far","same","yes","yes",1,0,0,0,"high",1,0.96,0.97,"2D","2D","stack","iterate","iterate","stack","Stack",0.98,0.01,0.01,NA,NA,NA,NA,NA,NA,NA,0.99,0.01,0.01,0.01,0.97,0.99,0.02,1,0.99,0.97,1.96,0.02,0.03,0.99,"bracket","far","mix","pure","learn_gen","bracket_bracket",4,3,7,3.5,0.98,0,"Serial-crossed",1,0,0,0,0.99,0.01,0.01,0.97,0.99,0.01,0.97,0.01,0.99,0.97,"Center-embedded",0.975,0.012,0.01,NA,0.99,0.01,0,0,0.96,0.96,1,NA,"2D",NA,1.3,1,0.1,"yes","far_same",NA,NA,NA,NA,NA,NA,NA,"discard","Far (Related)","discard","discard","discard","discard","Adult (6 item)","discard","Adult (Bracket)","Adult (Bracket)","discard","discard","discard","Human Adult","discard","discard","discard","discard","discard","discard","discard","discard","discard","discard","discard","discard","discard","discard","discard","discard","discard","discard","Adult (2 Dimensions)","High Load","Far (Same)","Far","discard","discard","discard","discard","discard","discard","discard","discard","2 Dimensions","Adult (6 item)","discard","discard","discard","discard","discard","discard","discard","discard","discard","Adult (6 item)","discard","discard","keep"
844,"6545","dedhe",6,"Adult",NA,NA,NA,"bracket","far","same","yes","yes",1,0,0,0,"high",0.875,0.97,0.98,"2D","2D","stack","iterate","iterate","stack","Stack",0.98,0.01,0.01,NA,NA,NA,NA,NA,NA,NA,0.99,0.01,0.01,0.01,0.98,0.99,0.01,1,0.99,0.98,1.97,0.02,0.02,0.99,"bracket","far","mix","pure","learn_gen","bracket_bracket",4,3,7,3.5,0.99,0,"Serial-crossed",1,0,0,0,0.99,0.01,0.01,0.98,0.99,0.01,0.98,0.01,0.99,0.98,"Center-embedded",0.978,0.011,0.01,NA,0.99,0.01,0,0,0.97,0.97,1,NA,"2D",NA,1.3,1,0.1,"yes","far_same",NA,NA,NA,NA,NA,NA,NA,"discard","Far (Related)","discard","discard","discard","discard","Adult (6 item)","discard","Adult (Bracket)","Adult (Bracket)","discard","discard","discard","Human Adult","discard","discard","discard","discard","discard","discard","discard","discard","discard","discard","discard","discard","discard","discard","discard","discard","discard","discard","Adult (2 Dimensions)","High Load","Far (Same)","Far","discard","discard","discard","discard","discard","discard","discard","discard","2 Dimensions","Adult (6 item)","discard","discard","discard","discard","discard","discard","discard","discard","discard","Adult (6 item)","discard","discard","keep"
845,"6546","dedhe",6,"Adult",NA,NA,NA,"bracket","far","same","yes","yes",1,0,0,0,"high",1,0.97,0.98,"2D","2D","stack","iterate","iterate","stack","Stack",0.98,0.01,0.01,NA,NA,NA,NA,NA,NA,NA,0.99,0.01,0.01,0.01,0.98,0.99,0.01,1,0.99,0.98,1.96,0.02,0.02,0.99,"bracket","far","mix","pure","learn_gen","bracket_bracket",3,3,6,3,0.99,0,"Serial-crossed",1,0,0,0,0.99,0.01,0.01,0.98,0.99,0.01,0.98,0.01,0.99,0.98,"Center-embedded",0.978,0.011,0.01,NA,0.99,0.01,0,0,0.97,0.97,1,NA,"2D",NA,1,0,0,"yes","far_same",NA,NA,NA,NA,NA,NA,NA,"discard","Far (Related)","discard","discard","discard","discard","Adult (6 item)","discard","Adult (Bracket)","Adult (Bracket)","discard","discard","discard","Human Adult","discard","discard","discard","discard","discard","discard","discard","discard","discard","discard","discard","discard","discard","discard","discard","discard","discard","discard","Adult (2 Dimensions)","High Load","Far (Same)","Far","discard","discard","discard","discard","discard","discard","discard","discard","2 Dimensions","Adult (6 item)","discard","discard","discard","discard","discard","discard","discard","discard","discard","Adult (6 item)","discard","discard","keep"
846,"6547","dedhe",6,"Adult",NA,NA,NA,"bracket","far","same","yes","yes",0.56,0,0,0.44,"high",0.875,0.9,0.92,"2D","2D","stack","iterate","iterate","stack","Stack",0.93,0.03,0.03,NA,NA,NA,NA,NA,NA,NA,0.99,0.01,0.04,0.04,0.92,0.99,0.05,1,0.99,0.92,1.91,0.05,0.08,0.97,"bracket","far","mix","pure","learn_gen","bracket_bracket",4,3,7,3.5,0.95,0,"Serial-crossed",0.56,0,0,0,0.99,0.01,0.04,0.92,0.99,0.01,0.92,0.04,0.99,0.92,"Center-embedded",0.931,0.035,0.03,NA,0.99,0.01,0,0,0.9,0.9,1,NA,"2D",NA,1.3,1,0.1,"yes","far_same",NA,NA,NA,NA,NA,NA,NA,"discard","Far (Related)","discard","discard","discard","discard","Adult (6 item)","discard","Adult (Bracket)","Adult (Bracket)","discard","discard","discard","Human Adult","discard","discard","discard","discard","discard","discard","discard","discard","discard","discard","discard","discard","discard","discard","discard","discard","discard","discard","Adult (2 Dimensions)","High Load","Far (Same)","Far","discard","discard","discard","discard","discard","discard","discard","discard","2 Dimensions","Adult (6 item)","discard","discard","discard","discard","discard","discard","discard","discard","discard","Adult (6 item)","discard","discard","keep"
847,"6548","dedhe",6,"Adult",NA,NA,NA,"bracket","far","same","yes","yes",1,0,0,0,"high",1,0.96,0.97,"2D","2D","stack","iterate","iterate","stack","Stack",0.98,0.01,0.01,NA,NA,NA,NA,NA,NA,NA,0.99,0.01,0.01,0.01,0.98,0.99,0.02,1,0.99,0.98,1.96,0.02,0.03,0.99,"bracket","far","mix","pure","learn_gen","bracket_bracket",8,9,17,8.5,0.98,0,"Serial-crossed",1,0,0,0,0.99,0.01,0.01,0.98,0.99,0.01,0.98,0.01,0.99,0.97,"Center-embedded",0.976,0.012,0.01,NA,0.99,0.01,0,0,0.96,0.96,1,NA,"2D",NA,0.9,-1,-0.1,"yes","far_same",NA,NA,NA,NA,NA,NA,NA,"discard","Far (Related)","discard","discard","discard","discard","Adult (6 item)","discard","Adult (Bracket)","Adult (Bracket)","discard","discard","discard","Human Adult","discard","discard","discard","discard","discard","discard","discard","discard","discard","discard","discard","discard","discard","discard","discard","discard","discard","discard","Adult (2 Dimensions)","High Load","Far (Same)","Far","discard","discard","discard","discard","discard","discard","discard","discard","2 Dimensions","Adult (6 item)","discard","discard","discard","discard","discard","discard","discard","discard","discard","Adult (6 item)","discard","discard","keep"
848,"6549","dedhe",6,"Adult",NA,NA,NA,"bracket","far","same","yes","yes",0.13,0.5,0,0.38,"high",0.875,0.66,0.74,"2D","2D","queue","iterate","iterate","queue","Queue",0.15,0.81,0.04,NA,NA,NA,NA,NA,NA,NA,0.99,0.01,0.05,0.84,0.11,0.99,0.19,1,0.99,0.84,1.82,0.17,0.26,0.91,"bracket","far","mix","pure","learn_gen","bracket_bracket",3,4,7,3.5,0.81,0.5,"Serial-crossed",0.5,0,0,0,0.99,0.01,0.84,0.11,0.99,0.01,0.11,0.84,0.99,0.73,"Serial-crossed",0.152,0.809,0.04,NA,0.99,0.01,0,0,0.15,0.66,0,NA,"2D",NA,0.8,-1,-0.1,"no","far_same",NA,NA,NA,NA,NA,NA,NA,"discard","Far (Related)","discard","discard","discard","discard","Adult (6 item)","discard","Adult (Bracket)","Adult (Bracket)","discard","discard","discard","Human Adult","discard","discard","discard","discard","discard","discard","discard","discard","discard","discard","discard","discard","discard","discard","discard","discard","discard","discard","Adult (2 Dimensions)","High Load","Far (Same)","Far","discard","discard","discard","discard","discard","discard","discard","discard","2 Dimensions","Adult (6 item)","discard","discard","discard","discard","discard","discard","discard","discard","discard","Adult (6 item)","discard","discard","keep"
849,"6550","dedhe",6,"Adult",NA,NA,NA,"bracket","far","same","yes","yes",0.44,0,0,0.56,"high",0.875,0.87,0.9,"2D","2D","stack","iterate","iterate","stack","Stack",0.91,0.04,0.04,NA,NA,NA,NA,NA,NA,NA,0.99,0.01,0.06,0.06,0.88,0.99,0.07,1,0.99,0.88,1.87,0.07,0.1,0.97,"bracket","far","mix","pure","learn_gen","bracket_bracket",3,4,7,3.5,0.93,0,"Serial-crossed",0.44,0,0,0,0.99,0.01,0.06,0.88,0.99,0.01,0.88,0.06,0.99,0.9,"Center-embedded",0.912,0.044,0.04,NA,0.99,0.01,0,0,0.87,0.87,1,NA,"2D",NA,0.8,-1,-0.1,"yes","far_same",NA,NA,NA,NA,NA,NA,NA,"discard","Far (Related)","discard","discard","discard","discard","Adult (6 item)","discard","Adult (Bracket)","Adult (Bracket)","discard","discard","discard","Human Adult","discard","discard","discard","discard","discard","discard","discard","discard","discard","discard","discard","discard","discard","discard","discard","discard","discard","discard","Adult (2 Dimensions)","High Load","Far (Same)","Far","discard","discard","discard","discard","discard","discard","discard","discard","2 Dimensions","Adult (6 item)","discard","discard","discard","discard","discard","discard","discard","discard","discard","Adult (6 item)","discard","discard","keep"
850,"6551","dedhe",6,"Adult",NA,NA,NA,"bracket","far","same","yes","yes",1,0,0,0,"high",1,0.97,0.98,"2D","2D","stack","iterate","iterate","stack","Stack",0.98,0.01,0.01,NA,NA,NA,NA,NA,NA,NA,0.99,0.01,0.01,0.01,0.98,0.99,0.01,1,0.99,0.98,1.97,0.02,0.02,0.99,"bracket","far","mix","pure","learn_gen","bracket_bracket",3,3,6,3,0.99,0,"Serial-crossed",1,0,0,0,0.99,0.01,0.01,0.98,0.99,0.01,0.98,0.01,0.99,0.98,"Center-embedded",0.978,0.011,0.01,NA,0.99,0.01,0,0,0.97,0.97,1,NA,"2D",NA,1,0,0,"yes","far_same",NA,NA,NA,NA,NA,NA,NA,"discard","Far (Related)","discard","discard","discard","discard","Adult (6 item)","discard","Adult (Bracket)","Adult (Bracket)","discard","discard","discard","Human Adult","discard","discard","discard","discard","discard","discard","discard","discard","discard","discard","discard","discard","discard","discard","discard","discard","discard","discard","Adult (2 Dimensions)","High Load","Far (Same)","Far","discard","discard","discard","discard","discard","discard","discard","discard","2 Dimensions","Adult (6 item)","discard","discard","discard","discard","discard","discard","discard","discard","discard","Adult (6 item)","discard","discard","keep"
851,"6552","dedhe",6,"Adult",NA,NA,NA,"bracket","far","same","yes","yes",0.25,0,0,0.75,"high",0.75,0.74,0.81,"2D","2D","stack","iterate","iterate","stack","Stack",0.83,0.09,0.08,NA,NA,NA,NA,NA,NA,NA,0.98,0.02,0.17,0.17,0.66,0.98,0.17,1,0.98,0.66,1.64,0.13,0.19,0.94,"bracket","far","mix","pure","learn_gen","bracket_bracket",82,4,86,43,0.83,0,"Serial-crossed",0.25,0,0,0,0.98,0.02,0.17,0.66,0.98,0.02,0.66,0.17,0.98,0.79,"Center-embedded",0.829,0.086,0.08,NA,0.98,0.02,0,0,0.74,0.74,1,NA,"2D",NA,20.5,78,0.9,"yes","far_same",NA,NA,NA,NA,NA,NA,NA,"discard","Far (Related)","discard","discard","discard","discard","Adult (6 item)","discard","Adult (Bracket)","Adult (Bracket)","discard","discard","discard","Human Adult","discard","discard","discard","discard","discard","discard","discard","discard","discard","discard","discard","discard","discard","discard","discard","discard","discard","discard","Adult (2 Dimensions)","High Load","Far (Same)","Far","discard","discard","discard","discard","discard","discard","discard","discard","2 Dimensions","Adult (6 item)","discard","discard","discard","discard","discard","discard","discard","discard","discard","Adult (6 item)","discard","discard","keep"
852,"6553","dedhe",6,"Adult",NA,NA,NA,"bracket","far","same","yes","yes",1,0,0,0,"high",0.75,0.97,0.98,"2D","2D","stack","iterate","iterate","stack","Stack",0.98,0.01,0.01,NA,NA,NA,NA,NA,NA,NA,0.99,0.01,0.01,0.01,0.98,0.99,0.01,1,0.99,0.98,1.97,0.02,0.02,0.99,"bracket","far","mix","pure","learn_gen","bracket_bracket",4,3,7,3.5,0.99,0,"Serial-crossed",1,0,0,0,0.99,0.01,0.01,0.98,0.99,0.01,0.98,0.01,0.99,0.98,"Center-embedded",0.979,0.011,0.01,NA,0.99,0.01,0,0,0.97,0.97,1,NA,"2D",NA,1.3,1,0.1,"yes","far_same",NA,NA,NA,NA,NA,NA,NA,"discard","Far (Related)","discard","discard","discard","discard","Adult (6 item)","discard","Adult (Bracket)","Adult (Bracket)","discard","discard","discard","Human Adult","discard","discard","discard","discard","discard","discard","discard","discard","discard","discard","discard","discard","discard","discard","discard","discard","discard","discard","Adult (2 Dimensions)","High Load","Far (Same)","Far","discard","discard","discard","discard","discard","discard","discard","discard","2 Dimensions","Adult (6 item)","discard","discard","discard","discard","discard","discard","discard","discard","discard","Adult (6 item)","discard","discard","keep"
853,"6554","dedhe",6,"Adult",NA,NA,NA,"bracket","far","same","yes","yes",1,0,0,0,"high",1,0.97,0.98,"2D","2D","stack","iterate","iterate","stack","Stack",0.98,0.01,0.01,NA,NA,NA,NA,NA,NA,NA,0.99,0.01,0.01,0.01,0.98,0.99,0.01,1,0.99,0.98,1.97,0.02,0.02,0.99,"bracket","far","mix","pure","learn_gen","bracket_bracket",3,3,6,3,0.99,0,"Serial-crossed",1,0,0,0,0.99,0.01,0.01,0.98,0.99,0.01,0.98,0.01,0.99,0.98,"Center-embedded",0.978,0.011,0.01,NA,0.99,0.01,0,0,0.97,0.97,1,NA,"2D",NA,1,0,0,"yes","far_same",NA,NA,NA,NA,NA,NA,NA,"discard","Far (Related)","discard","discard","discard","discard","Adult (6 item)","discard","Adult (Bracket)","Adult (Bracket)","discard","discard","discard","Human Adult","discard","discard","discard","discard","discard","discard","discard","discard","discard","discard","discard","discard","discard","discard","discard","discard","discard","discard","Adult (2 Dimensions)","High Load","Far (Same)","Far","discard","discard","discard","discard","discard","discard","discard","discard","2 Dimensions","Adult (6 item)","discard","discard","discard","discard","discard","discard","discard","discard","discard","Adult (6 item)","discard","discard","keep"
854,"6555","dedhe",6,"Adult",NA,NA,NA,"bracket","far","same","yes","yes",1,0,0,0,"high",0.875,0.96,0.97,"2D","2D","stack","iterate","iterate","stack","Stack",0.98,0.01,0.01,NA,NA,NA,NA,NA,NA,NA,0.99,0.01,0.01,0.01,0.98,0.99,0.02,1,0.99,0.98,1.96,0.02,0.03,0.99,"bracket","far","mix","pure","learn_gen","bracket_bracket",4,4,8,4,0.98,0,"Serial-crossed",1,0,0,0,0.99,0.01,0.01,0.98,0.99,0.01,0.98,0.01,0.99,0.97,"Center-embedded",0.976,0.012,0.01,NA,0.99,0.01,0,0,0.96,0.96,1,NA,"2D",NA,1,0,0,"yes","far_same",NA,NA,NA,NA,NA,NA,NA,"discard","Far (Related)","discard","discard","discard","discard","Adult (6 item)","discard","Adult (Bracket)","Adult (Bracket)","discard","discard","discard","Human Adult","discard","discard","discard","discard","discard","discard","discard","discard","discard","discard","discard","discard","discard","discard","discard","discard","discard","discard","Adult (2 Dimensions)","High Load","Far (Same)","Far","discard","discard","discard","discard","discard","discard","discard","discard","2 Dimensions","Adult (6 item)","discard","discard","discard","discard","discard","discard","discard","discard","discard","Adult (6 item)","discard","discard","keep"
855,"6556","dedhe",6,"Adult",NA,NA,NA,"bracket","far","same","yes","yes",0.56,0,0,0.44,"high",0.625,0.89,0.92,"2D","2D","stack","iterate","iterate","stack","Stack",0.93,0.04,0.03,NA,NA,NA,NA,NA,NA,NA,0.99,0.01,0.04,0.04,0.92,0.99,0.05,1,0.99,0.92,1.91,0.05,0.08,0.97,"bracket","far","mix","pure","learn_gen","bracket_bracket",10,3,13,6.5,0.95,0,"Serial-crossed",0.56,0,0,0,0.99,0.01,0.04,0.92,0.99,0.01,0.92,0.04,0.99,0.92,"Center-embedded",0.93,0.035,0.03,NA,0.99,0.01,0,0,0.89,0.89,1,NA,"2D",NA,3.3,7,0.5,"yes","far_same",NA,NA,NA,NA,NA,NA,NA,"discard","Far (Related)","discard","discard","discard","discard","Adult (6 item)","discard","Adult (Bracket)","Adult (Bracket)","discard","discard","discard","Human Adult","discard","discard","discard","discard","discard","discard","discard","discard","discard","discard","discard","discard","discard","discard","discard","discard","discard","discard","Adult (2 Dimensions)","High Load","Far (Same)","Far","discard","discard","discard","discard","discard","discard","discard","discard","2 Dimensions","Adult (6 item)","discard","discard","discard","discard","discard","discard","discard","discard","discard","Adult (6 item)","discard","discard","keep"
856,"6558","dedhe",6,"Adult",NA,NA,NA,"bracket","far","same","yes","yes",0.67,0.11,0,0.22,"high",1,0.76,0.82,"2D","2D","stack","iterate","iterate","stack","Stack",0.87,0.11,0.02,NA,NA,NA,NA,NA,NA,NA,0.99,0.01,0.03,0.07,0.9,0.99,0.1,1,0.99,0.9,1.89,0.12,0.18,0.94,"bracket","far","mix","pure","learn_gen","bracket_bracket",5,3,8,4,0.9,0.11,"Serial-crossed",0.67,0,0,0,0.99,0.01,0.07,0.9,0.99,0.01,0.9,0.07,0.99,0.83,"Center-embedded",0.87,0.107,0.02,NA,0.99,0.01,0,0,0.76,0.76,1,NA,"2D",NA,1.7,2,0.3,"yes","far_same",NA,NA,NA,NA,NA,NA,NA,"discard","Far (Related)","discard","discard","discard","discard","Adult (6 item)","discard","Adult (Bracket)","Adult (Bracket)","discard","discard","discard","Human Adult","discard","discard","discard","discard","discard","discard","discard","discard","discard","discard","discard","discard","discard","discard","discard","discard","discard","discard","Adult (2 Dimensions)","High Load","Far (Same)","Far","discard","discard","discard","discard","discard","discard","discard","discard","2 Dimensions","Adult (6 item)","discard","discard","discard","discard","discard","discard","discard","discard","discard","Adult (6 item)","discard","discard","keep"
857,"6559","dedhe",6,"Adult",NA,NA,NA,"bracket","far","same","yes","yes",1,0,0,0,"high",0.875,0.96,0.97,"2D","2D","stack","iterate","iterate","stack","Stack",0.98,0.01,0.01,NA,NA,NA,NA,NA,NA,NA,0.99,0.01,0.01,0.01,0.97,0.99,0.02,1,0.99,0.97,1.96,0.02,0.03,0.99,"bracket","far","mix","pure","learn_gen","bracket_bracket",9,3,12,6,0.98,0,"Serial-crossed",1,0,0,0,0.99,0.01,0.01,0.97,0.99,0.01,0.97,0.01,0.99,0.97,"Center-embedded",0.975,0.012,0.01,NA,0.99,0.01,0,0,0.96,0.96,1,NA,"2D",NA,3,6,0.5,"yes","far_same",NA,NA,NA,NA,NA,NA,NA,"discard","Far (Related)","discard","discard","discard","discard","Adult (6 item)","discard","Adult (Bracket)","Adult (Bracket)","discard","discard","discard","Human Adult","discard","discard","discard","discard","discard","discard","discard","discard","discard","discard","discard","discard","discard","discard","discard","discard","discard","discard","Adult (2 Dimensions)","High Load","Far (Same)","Far","discard","discard","discard","discard","discard","discard","discard","discard","2 Dimensions","Adult (6 item)","discard","discard","discard","discard","discard","discard","discard","discard","discard","Adult (6 item)","discard","discard","keep"
858,"6560","dedhe",6,"Adult",NA,NA,NA,"bracket","far","same","yes","yes",0.5,0,0,0.5,"high",1,0.87,0.9,"2D","2D","stack","iterate","iterate","stack","Stack",0.92,0.04,0.04,NA,NA,NA,NA,NA,NA,NA,0.99,0.01,0.05,0.05,0.9,0.99,0.07,1,0.99,0.9,1.88,0.06,0.1,0.97,"bracket","far","mix","pure","learn_gen","bracket_bracket",3,3,6,3,0.93,0,"Serial-crossed",0.5,0,0,0,0.99,0.01,0.05,0.9,0.99,0.01,0.9,0.05,0.99,0.9,"Center-embedded",0.915,0.042,0.04,NA,0.99,0.01,0,0,0.87,0.87,1,NA,"2D",NA,1,0,0,"yes","far_same",NA,NA,NA,NA,NA,NA,NA,"discard","Far (Related)","discard","discard","discard","discard","Adult (6 item)","discard","Adult (Bracket)","Adult (Bracket)","discard","discard","discard","Human Adult","discard","discard","discard","discard","discard","discard","discard","discard","discard","discard","discard","discard","discard","discard","discard","discard","discard","discard","Adult (2 Dimensions)","High Load","Far (Same)","Far","discard","discard","discard","discard","discard","discard","discard","discard","2 Dimensions","Adult (6 item)","discard","discard","discard","discard","discard","discard","discard","discard","discard","Adult (6 item)","discard","discard","keep"
859,"6561","dedhe",6,"Adult",NA,NA,NA,"bracket","far","same","yes","yes",0.67,0,0,0.33,"high",1,0.92,0.94,"2D","2D","stack","iterate","iterate","stack","Stack",0.95,0.03,0.03,NA,NA,NA,NA,NA,NA,NA,0.98,0.02,0.03,0.03,0.94,0.98,0.04,1,0.98,0.94,1.92,0.04,0.06,0.98,"bracket","far","mix","pure","learn_gen","bracket_bracket",4,4,8,4,0.96,0,"Serial-crossed",0.67,0,0,0,0.98,0.02,0.03,0.94,0.98,0.02,0.94,0.03,0.98,0.94,"Center-embedded",0.945,0.027,0.03,NA,0.98,0.02,0,0,0.92,0.92,1,NA,"2D",NA,1,0,0,"yes","far_same",NA,NA,NA,NA,NA,NA,NA,"discard","Far (Related)","discard","discard","discard","discard","Adult (6 item)","discard","Adult (Bracket)","Adult (Bracket)","discard","discard","discard","Human Adult","discard","discard","discard","discard","discard","discard","discard","discard","discard","discard","discard","discard","discard","discard","discard","discard","discard","discard","Adult (2 Dimensions)","High Load","Far (Same)","Far","discard","discard","discard","discard","discard","discard","discard","discard","2 Dimensions","Adult (6 item)","discard","discard","discard","discard","discard","discard","discard","discard","discard","Adult (6 item)","discard","discard","keep"
860,"6562","dedhe",6,"Adult",NA,NA,NA,"bracket","far","same","yes","yes",0.89,0,0,0.11,"high",1,0.95,0.96,"2D","2D","stack","iterate","iterate","stack","Stack",0.97,0.02,0.02,NA,NA,NA,NA,NA,NA,NA,0.99,0.01,0.02,0.02,0.96,0.99,0.02,1,0.99,0.96,1.95,0.03,0.04,0.99,"bracket","far","mix","pure","learn_gen","bracket_bracket",3,4,7,3.5,0.98,0,"Serial-crossed",0.89,0,0,0,0.99,0.01,0.02,0.96,0.99,0.01,0.96,0.02,0.99,0.96,"Center-embedded",0.967,0.017,0.02,NA,0.99,0.01,0,0,0.95,0.95,1,NA,"2D",NA,0.8,-1,-0.1,"yes","far_same",NA,NA,NA,NA,NA,NA,NA,"discard","Far (Related)","discard","discard","discard","discard","Adult (6 item)","discard","Adult (Bracket)","Adult (Bracket)","discard","discard","discard","Human Adult","discard","discard","discard","discard","discard","discard","discard","discard","discard","discard","discard","discard","discard","discard","discard","discard","discard","discard","Adult (2 Dimensions)","High Load","Far (Same)","Far","discard","discard","discard","discard","discard","discard","discard","discard","2 Dimensions","Adult (6 item)","discard","discard","discard","discard","discard","discard","discard","discard","discard","Adult (6 item)","discard","discard","keep"
861,"6563","dedhe",6,"Adult",NA,NA,NA,"bracket","far","same","yes","yes",1,0,0,0,"high",1,0.96,0.97,"2D","2D","stack","iterate","iterate","stack","Stack",0.98,0.01,0.01,NA,NA,NA,NA,NA,NA,NA,0.99,0.01,0.01,0.01,0.97,0.99,0.02,1,0.99,0.97,1.96,0.02,0.03,0.99,"bracket","far","mix","pure","learn_gen","bracket_bracket",3,3,6,3,0.98,0,"Serial-crossed",1,0,0,0,0.99,0.01,0.01,0.97,0.99,0.01,0.97,0.01,0.99,0.97,"Center-embedded",0.976,0.012,0.01,NA,0.99,0.01,0,0,0.96,0.96,1,NA,"2D",NA,1,0,0,"yes","far_same",NA,NA,NA,NA,NA,NA,NA,"discard","Far (Related)","discard","discard","discard","discard","Adult (6 item)","discard","Adult (Bracket)","Adult (Bracket)","discard","discard","discard","Human Adult","discard","discard","discard","discard","discard","discard","discard","discard","discard","discard","discard","discard","discard","discard","discard","discard","discard","discard","Adult (2 Dimensions)","High Load","Far (Same)","Far","discard","discard","discard","discard","discard","discard","discard","discard","2 Dimensions","Adult (6 item)","discard","discard","discard","discard","discard","discard","discard","discard","discard","Adult (6 item)","discard","discard","keep"
862,"6564","dedhe",6,"Adult",NA,NA,NA,"bracket","far","same","yes","yes",0.22,0.22,0,0.56,"high",0.75,0,0.25,"not 2D","1D","stack","iterate","iterate","iterate","Iterate",0.47,0.47,0.07,NA,NA,NA,NA,NA,NA,NA,0.99,0.01,0.13,0.43,0.44,0.99,0.4,1,0.99,0.44,1.43,0.99,0.75,0.75,"bracket","far","mix","pure","learn_gen","bracket_bracket",4,17,21,10.5,0.6,0.22,"Serial-crossed",0.22,0,0,0,0.99,0.01,0.43,0.44,0.99,0.01,0.44,0.43,0.99,0.3,"Center-embedded",0.468,0.466,0.07,NA,0.99,0.01,0,0,0,0.99,0,NA,"iterate",NA,0.2,-13,-0.6,"no","far_same",NA,NA,NA,NA,NA,NA,NA,"discard","Far (Related)","discard","discard","discard","discard","Adult (6 item)","discard","Adult (Bracket)","Adult (Bracket)","discard","discard","discard","Human Adult","discard","discard","discard","discard","discard","discard","discard","discard","discard","discard","discard","discard","discard","discard","discard","discard","discard","discard","Adult (2 Dimensions)","High Load","Far (Same)","Far","discard","discard","discard","discard","discard","discard","discard","discard","2 Dimensions","Adult (6 item)","discard","discard","discard","discard","discard","discard","discard","discard","discard","Adult (6 item)","discard","discard","keep"
863,"6566","dedhe",6,"Adult",NA,NA,NA,"bracket","far","same","yes","yes",0.5,0,0,0.5,"high",1,0.87,0.9,"2D","2D","stack","iterate","iterate","stack","Stack",0.92,0.04,0.04,NA,NA,NA,NA,NA,NA,NA,0.99,0.01,0.05,0.05,0.89,0.99,0.07,1,0.99,0.89,1.88,0.06,0.1,0.97,"bracket","far","mix","pure","learn_gen","bracket_bracket",3,3,6,3,0.93,0,"Serial-crossed",0.5,0,0,0,0.99,0.01,0.05,0.89,0.99,0.01,0.89,0.05,0.99,0.9,"Center-embedded",0.916,0.042,0.04,NA,0.99,0.01,0,0,0.87,0.87,1,NA,"2D",NA,1,0,0,"yes","far_same",NA,NA,NA,NA,NA,NA,NA,"discard","Far (Related)","discard","discard","discard","discard","Adult (6 item)","discard","Adult (Bracket)","Adult (Bracket)","discard","discard","discard","Human Adult","discard","discard","discard","discard","discard","discard","discard","discard","discard","discard","discard","discard","discard","discard","discard","discard","discard","discard","Adult (2 Dimensions)","High Load","Far (Same)","Far","discard","discard","discard","discard","discard","discard","discard","discard","2 Dimensions","Adult (6 item)","discard","discard","discard","discard","discard","discard","discard","discard","discard","Adult (6 item)","discard","discard","keep"
864,"6567","dedhe",6,"Adult",NA,NA,NA,"bracket","far","same","yes","yes",0.78,0,0,0.22,"high",1,0.93,0.95,"2D","2D","stack","iterate","iterate","stack","Stack",0.96,0.02,0.02,NA,NA,NA,NA,NA,NA,NA,0.99,0.01,0.02,0.02,0.95,0.99,0.03,1,0.99,0.95,1.94,0.03,0.05,0.98,"bracket","far","mix","pure","learn_gen","bracket_bracket",3,3,6,3,0.97,0,"Serial-crossed",0.78,0,0,0,0.99,0.01,0.02,0.95,0.99,0.01,0.95,0.02,0.99,0.95,"Center-embedded",0.956,0.022,0.02,NA,0.99,0.01,0,0,0.93,0.93,1,NA,"2D",NA,1,0,0,"yes","far_same",NA,NA,NA,NA,NA,NA,NA,"discard","Far (Related)","discard","discard","discard","discard","Adult (6 item)","discard","Adult (Bracket)","Adult (Bracket)","discard","discard","discard","Human Adult","discard","discard","discard","discard","discard","discard","discard","discard","discard","discard","discard","discard","discard","discard","discard","discard","discard","discard","Adult (2 Dimensions)","High Load","Far (Same)","Far","discard","discard","discard","discard","discard","discard","discard","discard","2 Dimensions","Adult (6 item)","discard","discard","discard","discard","discard","discard","discard","discard","discard","Adult (6 item)","discard","discard","keep"
865,"6568","dedhe",6,"Adult",NA,NA,NA,"bracket","far","same","yes","yes",0.5,0,0,0.5,"high",1,0.88,0.91,"2D","2D","stack","iterate","iterate","stack","Stack",0.92,0.04,0.04,NA,NA,NA,NA,NA,NA,NA,0.99,0.01,0.05,0.05,0.9,0.99,0.07,1,0.99,0.9,1.88,0.06,0.09,0.97,"bracket","far","mix","pure","learn_gen","bracket_bracket",3,4,7,3.5,0.93,0,"Serial-crossed",0.5,0,0,0,0.99,0.01,0.05,0.9,0.99,0.01,0.9,0.05,0.99,0.9,"Center-embedded",0.918,0.041,0.04,NA,0.99,0.01,0,0,0.88,0.88,1,NA,"2D",NA,0.8,-1,-0.1,"yes","far_same",NA,NA,NA,NA,NA,NA,NA,"discard","Far (Related)","discard","discard","discard","discard","Adult (6 item)","discard","Adult (Bracket)","Adult (Bracket)","discard","discard","discard","Human Adult","discard","discard","discard","discard","discard","discard","discard","discard","discard","discard","discard","discard","discard","discard","discard","discard","discard","discard","Adult (2 Dimensions)","High Load","Far (Same)","Far","discard","discard","discard","discard","discard","discard","discard","discard","2 Dimensions","Adult (6 item)","discard","discard","discard","discard","discard","discard","discard","discard","discard","Adult (6 item)","discard","discard","keep"
866,"6569","dedhe",6,"Adult",NA,NA,NA,"bracket","far","same","yes","yes",0.67,0,0,0.33,"high",0.875,0.92,0.94,"2D","2D","stack","iterate","iterate","stack","Stack",0.94,0.03,0.03,NA,NA,NA,NA,NA,NA,NA,0.99,0.01,0.03,0.03,0.94,0.99,0.04,1,0.99,0.94,1.92,0.04,0.06,0.98,"bracket","far","mix","pure","learn_gen","bracket_bracket",3,3,6,3,0.96,0,"Serial-crossed",0.67,0,0,0,0.99,0.01,0.03,0.94,0.99,0.01,0.94,0.03,0.99,0.94,"Center-embedded",0.944,0.027,0.03,NA,0.99,0.01,0,0,0.92,0.92,1,NA,"2D",NA,1,0,0,"yes","far_same",NA,NA,NA,NA,NA,NA,NA,"discard","Far (Related)","discard","discard","discard","discard","Adult (6 item)","discard","Adult (Bracket)","Adult (Bracket)","discard","discard","discard","Human Adult","discard","discard","discard","discard","discard","discard","discard","discard","discard","discard","discard","discard","discard","discard","discard","discard","discard","discard","Adult (2 Dimensions)","High Load","Far (Same)","Far","discard","discard","discard","discard","discard","discard","discard","discard","2 Dimensions","Adult (6 item)","discard","discard","discard","discard","discard","discard","discard","discard","discard","Adult (6 item)","discard","discard","keep"
867,"6570","dedhe",6,"Adult",NA,NA,NA,"bracket","far","same","yes","yes",0.56,0,0.33,0.11,"low",0.375,0.27,0.45,"not 2D","1D","stack","iterate","iterate","iterate","Iterate",0.63,0.02,0.35,NA,NA,NA,NA,NA,NA,NA,0.68,0.32,0.33,0.02,0.65,0.68,0.27,1,0.68,0.65,1.33,0.68,0.55,0.82,"bracket","far","mix","pure","learn_gen","bracket_bracket",9,6,15,7.5,0.73,0.33,"Tail-recursive",0.56,0,0,0,0.68,0.32,0.02,0.65,0.68,0.32,0.65,0.02,0.68,0.5,"Center-embedded",0.626,0.021,0.35,NA,0.68,0.32,0,0,0.27,0.68,0,NA,"iterate",NA,1.5,3,0.2,"no","far_same",NA,NA,NA,NA,NA,NA,NA,"discard","Far (Related)","discard","discard","discard","discard","Adult (6 item)","discard","Adult (Bracket)","Adult (Bracket)","discard","discard","discard","Human Adult","discard","discard","discard","discard","discard","discard","discard","discard","discard","discard","discard","discard","discard","discard","discard","discard","discard","discard","Adult (2 Dimensions)","High Load","Far (Same)","Far","discard","discard","discard","discard","discard","discard","discard","discard","2 Dimensions","Adult (6 item)","discard","discard","discard","discard","discard","discard","discard","discard","discard","Adult (6 item)","discard","discard","keep"
