,num,sub,num_item,young_old,session_info,age,memory,stimulus,transfer_type,relational_domain,staircase_learning,box,center_embedded,serial_crossed,tail_recursive,other,accuracy_type,accuracy,p_hierarchical,twoD_or_not,dimension,type_2D,type_1D,type,stack,queue,pair,associative,iterate_1_4,alternate_1_4,palindrome_1_4,iterate_2_4,alternate_2_4,palindrome_2_4,iterate_1_6,alternate_1_6,iterate_2_6,seriate_2_6,palindrome_2_6,max_one_dim,noise,sensitivity,p_dim1,p_dim2,p_dimsum,p_linear,stimulus_full_name,extrapolation_type,X46_mix,domain_mix,order_condition,order_identity,trials_one,trials_two,total_trials,avg_trials,strength,second_largest,second_behavior_type,max_behavior,iterate_4,alternate_4,palindrome_4,iterate_6,alternate_6,seriate_6,palindrome_6,iterate,alternate,palindrome,seriate,max_linear,complexity,max_behavior_type,stack_raw,queue_raw,pair_raw,associative_raw,iterate_raw,alternate_raw,seriate_raw,palindrome_raw,tree_stack,p_mechanism,nested_tree,Unique_ID,twoD,gender,trial_ratio,trial_delta,relative_trial_delta,is_stack,generalization_type,g4_names,g9_names,g10_names,g11_names,graph_1,graph_2,graph_3,graph_4,graph_5,graph_6,graph_7,graph_8,graph_9,graph_10,graph_11,graph_12,graph_13,graph_14,graph_15,graph_16,graph_17,graph_18,g12_names,graph_19,g19_names,graph_20,g20_names,graph_21,g21_names,graph_22,g22_names,g22_transfer,graph_23,g23_names,g23_transfer,g23_1_transfer,graph_24,graph_25,graph_26,g26_names,graph_21_new,g20_names_new,graph_20_new,graph_20_newer,graph_23_new
1,7,Beyonce,4,Monkey,exposure_3,NA,NA,bracket,far,same,yes,yes,0.24,0.11,0.04,0.61,NA,0.68,0.63,2D,2D,stack,iterate,stack,0.76,0.15,0.09,NA,0.81,0.14,0.05,0.76,0.05,0.19,NA,NA,NA,NA,NA,0.81,0.06,1,0.81,0.76,1.57,0.19,bracket,far,pure,pure,learn_gen,bracket_bracket,2504,2504,5008,2504,0.94,0.11,Serial-crossed,0.24,0.81,0.14,0.19,NA,NA,NA,NA,0.81,0.14,0.19,NA,0.81,0.78,Center-embedded,0.763,0.148,0.09,NA,0.81,0.14,0,0.05,0.62,0.63,1,NA,2D,F,1,0,0,yes,far_same,Far Generalization,Far (Related),discard,discard,discard,discard,Monkey (4 item),discard,Monkey (Bracket),discard,discard,discard,discard,Non-Human,discard,discard,discard,discard,discard,discard,discard,discard,discard,discard,discard,discard,discard,discard,discard,discard,discard,discard,discard,discard,discard,discard,discard,discard,discard,discard,discard,discard,discard,discard,discard
2,8,Coltrane,4,Monkey,exposure_3,NA,NA,bracket,far,same,yes,yes,0.32,0.3,0.15,0.23,NA,0.68,0.02,not 2D,1D,stack,iterate,iterate,0.5,0.42,0.07,NA,0.99,0.01,0.01,0.81,0.14,0.05,NA,NA,NA,NA,NA,0.99,0.49,1,0.99,0.81,1.79,0.99,bracket,far,pure,pure,learn_gen,bracket_bracket,800,800,1600,800,0.51,0.3,Serial-crossed,0.32,0.99,0.14,0.05,NA,NA,NA,NA,0.99,0.14,0.05,NA,0.99,0.27,Center-embedded,0.502,0.424,0.07,NA,0.99,0.01,0,0.01,0.08,0.99,0,NA,iterate,M,1,0,0,no,far_same,Far Generalization,Far (Related),discard,discard,discard,discard,Monkey (4 item),discard,Monkey (Bracket),discard,discard,discard,discard,Non-Human,discard,discard,discard,discard,discard,discard,discard,discard,discard,discard,discard,discard,discard,discard,discard,discard,discard,discard,discard,discard,discard,discard,discard,discard,discard,discard,discard,discard,discard,discard,discard
3,9,Horatio,4,Monkey,exposure_3,NA,NA,bracket,far,same,yes,yes,0.38,0.34,0.09,0.19,NA,0.68,0.05,not 2D,1D,stack,iterate,iterate,0.51,0.46,0.04,NA,0.76,0.05,0.19,0.99,0.01,0.01,NA,NA,NA,NA,NA,0.99,0.09,2,0.76,0.99,1.74,0.99,bracket,far,pure,pure,learn_gen,bracket_bracket,800,800,1600,800,0.91,0.34,Serial-crossed,0.38,0.99,0.05,0.19,NA,NA,NA,NA,0.99,0.05,0.19,NA,0.99,0.48,Center-embedded,0.509,0.456,0.04,NA,0.99,0.01,0,0.01,0.05,0.99,0,NA,iterate,M,1,0,0,no,far_same,Far Generalization,Far (Related),discard,discard,discard,discard,Monkey (4 item),discard,Monkey (Bracket),discard,discard,discard,discard,Non-Human,discard,discard,discard,discard,discard,discard,discard,discard,discard,discard,discard,discard,discard,discard,discard,discard,discard,discard,discard,discard,discard,discard,discard,discard,discard,discard,discard,discard,discard,discard,discard
4,360,3699,4,Child,round_4,64,3,bracket,far,same,yes,yes,0.33,0.44,0,0.22,high,0.75,0.26,not 2D,1D,queue,iterate,iterate,0.31,0.57,0.12,NA,0.87,0.05,0.08,0.15,0.63,0.22,NA,NA,NA,NA,NA,0.87,0.29,1,0.87,0.63,1.5,0.87,bracket,far,mix,pure,learn_gen,bracket_bracket,3,4,7,3.5,0.71,0.44,Serial-crossed,0.44,0.87,0.63,0.22,NA,NA,NA,NA,0.87,0.63,0.22,NA,0.87,0.49,Serial-crossed,0.308,0.569,0.12,NA,0.87,0.05,0,0.08,0.26,0.87,0,Child_01,iterate,F,0.8,-1,-0.1,no,far_same,discard,Far (Related),discard,discard,discard,discard,Child (4 item),discard,Child (Bracket),Child (Bracket),discard,discard,discard,Human Child,discard,discard,discard,discard,discard,discard,discard,discard,discard,discard,discard,discard,discard,discard,discard,discard,discard,discard,Child (2 Dimensions),High Load,Far (Same),Far,discard,discard,discard,discard,discard,discard,discard,discard,2 Dimensions
5,361,3701,4,Child,round_4,67,3,bracket,far,same,yes,yes,0.22,0.11,0.11,0.56,high,0.75,0.08,not 2D,1D,stack,iterate,iterate,0.39,0.3,0.31,NA,0.33,0.33,0.34,0.41,0.18,0.41,NA,NA,NA,NA,NA,0.41,0.24,2,0.34,0.41,0.75,0.41,bracket,far,mix,pure,learn_gen,bracket_bracket,13,4,17,8.5,0.76,0.11,Serial-crossed,0.22,0.41,0.33,0.41,NA,NA,NA,NA,0.41,0.33,0.41,NA,0.41,0.42,Center-embedded,0.388,0.302,0.31,NA,0.41,0.18,0,0.41,0.08,0.41,0,Child_02,iterate,F,3.3,9,0.5,no,far_same,discard,Far (Related),discard,discard,discard,discard,Child (4 item),discard,Child (Bracket),Child (Bracket),discard,discard,discard,Human Child,discard,discard,discard,discard,discard,discard,discard,discard,discard,discard,discard,discard,discard,discard,discard,discard,discard,discard,Child (2 Dimensions),High Load,Far (Same),Far,discard,discard,discard,discard,discard,discard,discard,discard,2 Dimensions
6,362,3703,4,Child,round_4,67,3,bracket,far,same,yes,yes,0.22,0.11,0.33,0.33,high,0.625,0.2,not 2D,1D,pair,iterate,iterate,0.29,0.22,0.49,NA,0.3,0.47,0.23,0.63,0.14,0.22,NA,NA,NA,NA,NA,0.63,0.35,2,0.47,0.63,1.11,0.63,bracket,far,mix,pure,learn_gen,bracket_bracket,4,3,7,3.5,0.65,0.33,Tail-recursive,0.33,0.63,0.47,0.23,NA,NA,NA,NA,0.63,0.47,0.23,NA,0.63,0.42,Tail-recursive,0.291,0.218,0.49,NA,0.63,0.14,0,0.22,0.2,0.63,0,Child_03,iterate,F,1.3,1,0.1,no,far_same,discard,Far (Related),discard,discard,discard,discard,Child (4 item),discard,Child (Bracket),Child (Bracket),discard,discard,discard,Human Child,discard,discard,discard,discard,discard,discard,discard,discard,discard,discard,discard,discard,discard,discard,discard,discard,discard,discard,Child (2 Dimensions),High Load,Far (Same),Far,discard,discard,discard,discard,discard,discard,discard,discard,2 Dimensions
7,363,3705,4,Child,round_4,60,3,bracket,far,same,yes,yes,0.75,0.25,0,0,high,0.75,0.73,2D,2D,stack,iterate,stack,0.85,0.12,0.03,NA,0.97,0.02,0.02,0.07,0.1,0.83,NA,NA,NA,NA,NA,0.97,0.15,1,0.97,0.83,1.8,0.14,bracket,far,mix,pure,learn_gen,bracket_bracket,4,5,9,4.5,0.85,0.25,Serial-crossed,0.75,0.97,0.1,0.83,NA,NA,NA,NA,0.97,0.1,0.83,NA,0.97,0.79,Center-embedded,0.85,0.121,0.03,NA,0.97,0.02,0,0.02,0.73,0.73,1,Child_04,2D,F,0.8,-1,-0.1,yes,far_same,discard,Far (Related),discard,discard,discard,discard,Child (4 item),discard,Child (Bracket),Child (Bracket),discard,discard,discard,Human Child,discard,discard,discard,discard,discard,discard,discard,discard,discard,discard,discard,discard,discard,discard,discard,discard,discard,discard,Child (2 Dimensions),High Load,Far (Same),Far,discard,discard,discard,discard,discard,discard,discard,discard,2 Dimensions
8,364,3707,4,Child,round_4,56,4,bracket,far,same,yes,yes,0.25,0,0.38,0.38,high,0.875,0.24,not 2D,1D,pair,iterate,iterate,0.29,0.19,0.53,NA,0.26,0.36,0.37,0.83,0.07,0.1,NA,NA,NA,NA,NA,0.83,0.25,2,0.37,0.83,1.21,0.83,bracket,far,mix,pure,learn_gen,bracket_bracket,9,3,12,6,0.75,0.38,Tail-recursive,0.38,0.83,0.36,0.37,NA,NA,NA,NA,0.83,0.36,0.37,NA,0.83,0.49,Tail-recursive,0.289,0.186,0.53,NA,0.83,0.07,0,0.1,0.24,0.83,0,Child_05,iterate,F,3,6,0.5,no,far_same,discard,Far (Related),discard,discard,discard,discard,Child (4 item),discard,Child (Bracket),Child (Bracket),discard,discard,discard,Human Child,discard,discard,discard,discard,discard,discard,discard,discard,discard,discard,discard,discard,discard,discard,discard,discard,discard,discard,Child (2 Dimensions),High Load,Far (Same),Far,discard,discard,discard,discard,discard,discard,discard,discard,2 Dimensions
9,365,3709,4,Child,round_4,43,2,bracket,far,same,yes,yes,0.63,0.13,0,0.25,low,0.375,0.79,2D,2D,stack,iterate,stack,0.86,0.07,0.06,NA,0.83,0.07,0.1,0.12,0.14,0.74,NA,NA,NA,NA,NA,0.83,0.11,1,0.83,0.74,1.57,0.1,bracket,far,mix,pure,learn_gen,bracket_bracket,5,8,13,6.5,0.89,0.13,Serial-crossed,0.63,0.83,0.14,0.74,NA,NA,NA,NA,0.83,0.14,0.74,NA,0.83,0.84,Center-embedded,0.864,0.074,0.06,NA,0.83,0.07,0,0.1,0.79,0.79,1,Child_06,2D,M,0.6,-3,-0.2,yes,far_same,discard,Far (Related),discard,discard,discard,discard,Child (4 item),discard,Child (Bracket),Child (Bracket),discard,discard,discard,Human Child,discard,discard,discard,discard,discard,discard,discard,discard,discard,discard,discard,discard,discard,discard,discard,discard,discard,discard,Child (2 Dimensions),High Load,Far (Same),Far,discard,discard,discard,discard,discard,discard,discard,discard,2 Dimensions
10,366,3711,4,Child,round_4,42,3,bracket,far,same,yes,yes,0.25,0.38,0,0.38,low,0.25,0.23,not 2D,1D,queue,palindrome,palindrome,0.27,0.5,0.23,NA,0.65,0.22,0.14,0.14,0.22,0.65,NA,NA,NA,NA,NA,0.65,0.26,2,0.65,0.65,1.29,0.65,bracket,far,mix,pure,learn_gen,bracket_bracket,21,5,26,13,0.74,0.38,Serial-crossed,0.38,0.65,0.22,0.65,NA,NA,NA,NA,0.65,0.22,0.65,NA,0.65,0.49,Serial-crossed,0.269,0.502,0.23,NA,0.14,0.22,0,0.65,0.23,0.65,0,Child_07,palindrome,F,4.2,16,0.6,no,far_same,discard,Far (Related),discard,discard,discard,discard,Child (4 item),discard,Child (Bracket),Child (Bracket),discard,discard,discard,Human Child,discard,discard,discard,discard,discard,discard,discard,discard,discard,discard,discard,discard,discard,discard,discard,discard,discard,discard,Child (2 Dimensions),High Load,Far (Same),Far,discard,discard,discard,discard,discard,discard,discard,discard,2 Dimensions
11,367,3737,4,Child,round_4,63,2,bracket,far,same,yes,yes,0.5,0.38,0,0.13,high,0.625,0.27,not 2D,1D,stack,iterate,iterate,0.6,0.32,0.08,NA,0.93,0.03,0.04,0.19,0.29,0.53,NA,NA,NA,NA,NA,0.93,0.33,1,0.93,0.53,1.45,0.93,bracket,far,mix,pure,learn_gen,bracket_bracket,4,6,10,5,0.67,0.38,Serial-crossed,0.5,0.93,0.29,0.53,NA,NA,NA,NA,0.93,0.29,0.53,NA,0.93,0.47,Center-embedded,0.595,0.322,0.08,NA,0.93,0.03,0,0.04,0.27,0.93,0,Child_08,iterate,F,0.7,-2,-0.2,no,far_same,discard,Far (Related),discard,discard,discard,discard,Child (4 item),discard,Child (Bracket),Child (Bracket),discard,discard,discard,Human Child,discard,discard,discard,discard,discard,discard,discard,discard,discard,discard,discard,discard,discard,discard,discard,discard,discard,discard,Child (2 Dimensions),High Load,Far (Same),Far,discard,discard,discard,discard,discard,discard,discard,discard,2 Dimensions
12,368,3745,4,Child,round_4,58,3,bracket,far,same,yes,yes,0.5,0.13,0.25,0.13,high,0.875,0.5,2D,2D,stack,iterate,stack,0.69,0.12,0.19,NA,0.74,0.14,0.12,0.29,0.19,0.52,NA,NA,NA,NA,NA,0.74,0.44,1,0.74,0.52,1.26,0.25,bracket,far,mix,pure,learn_gen,bracket_bracket,6,3,9,4.5,0.56,0.25,Tail-recursive,0.5,0.74,0.19,0.52,NA,NA,NA,NA,0.74,0.19,0.52,NA,0.74,0.53,Center-embedded,0.693,0.117,0.19,NA,0.74,0.14,0,0.12,0.5,0.5,1,Child_09,2D,M,2,3,0.3,yes,far_same,discard,Far (Related),discard,discard,discard,discard,Child (4 item),discard,Child (Bracket),Child (Bracket),discard,discard,discard,Human Child,discard,discard,discard,discard,discard,discard,discard,discard,discard,discard,discard,discard,discard,discard,discard,discard,discard,discard,Child (2 Dimensions),High Load,Far (Same),Far,discard,discard,discard,discard,discard,discard,discard,discard,2 Dimensions
13,369,3747,4,Child,round_4,69,3,bracket,far,same,yes,yes,0,0.13,0.5,0.38,high,0.5,0.65,2D,2D,pair,iterate,pair,0.11,0.12,0.77,NA,0.19,0.52,0.3,0.93,0.04,0.03,NA,NA,NA,NA,NA,0.93,0.16,2,0.52,0.93,1.44,0.18,bracket,far,mix,pure,learn_gen,bracket_bracket,4,8,12,6,0.84,0.5,Tail-recursive,0.5,0.93,0.52,0.3,NA,NA,NA,NA,0.93,0.52,0.3,NA,0.93,0.74,Tail-recursive,0.111,0.12,0.77,NA,0.93,0.04,0,0.03,0.11,0.65,0,Child_10,2D,F,0.5,-4,-0.3,no,far_same,discard,Far (Related),discard,discard,discard,discard,Child (4 item),discard,Child (Bracket),Child (Bracket),discard,discard,discard,Human Child,discard,discard,discard,discard,discard,discard,discard,discard,discard,discard,discard,discard,discard,discard,discard,discard,discard,discard,Child (2 Dimensions),High Load,Far (Same),Far,discard,discard,discard,discard,discard,discard,discard,discard,2 Dimensions
14,370,3749,4,Child,round_4,65,3,bracket,far,same,yes,yes,0.33,0.44,0.11,0.11,high,0.5,0.27,not 2D,1D,queue,iterate,iterate,0.31,0.58,0.11,NA,0.9,0.05,0.05,0.15,0.64,0.22,NA,NA,NA,NA,NA,0.9,0.53,1,0.9,0.64,1.54,0.9,bracket,far,mix,pure,learn_gen,bracket_bracket,5,8,13,6.5,0.47,0.44,Serial-crossed,0.44,0.9,0.64,0.22,NA,NA,NA,NA,0.9,0.64,0.22,NA,0.9,0.37,Serial-crossed,0.311,0.576,0.11,NA,0.9,0.05,0,0.05,0.27,0.9,0,Child_11,iterate,F,0.6,-3,-0.2,no,far_same,discard,Far (Related),discard,discard,discard,discard,Child (4 item),discard,Child (Bracket),Child (Bracket),discard,discard,discard,Human Child,discard,discard,discard,discard,discard,discard,discard,discard,discard,discard,discard,discard,discard,discard,discard,discard,discard,discard,Child (2 Dimensions),High Load,Far (Same),Far,discard,discard,discard,discard,discard,discard,discard,discard,2 Dimensions
15,371,3758,4,Child,round_4,55,2,bracket,far,same,yes,yes,0.11,0.56,0,0.33,high,0.75,0.74,2D,2D,queue,iterate,queue,0.09,0.82,0.09,NA,0.81,0.1,0.09,0.1,0.73,0.17,NA,NA,NA,NA,NA,0.81,0.12,1,0.81,0.73,1.54,0.13,bracket,far,mix,pure,learn_gen,bracket_bracket,3,3,6,3,0.88,0.56,Serial-crossed,0.56,0.81,0.73,0.17,NA,NA,NA,NA,0.81,0.73,0.17,NA,0.81,0.81,Serial-crossed,0.086,0.824,0.09,NA,0.81,0.1,0,0.09,0.09,0.74,0,Child_12,2D,F,1,0,0,no,far_same,discard,Far (Related),discard,discard,discard,discard,Child (4 item),discard,Child (Bracket),Child (Bracket),discard,discard,discard,Human Child,discard,discard,discard,discard,discard,discard,discard,discard,discard,discard,discard,discard,discard,discard,discard,discard,discard,discard,Child (2 Dimensions),High Load,Far (Same),Far,discard,discard,discard,discard,discard,discard,discard,discard,2 Dimensions
16,372,3766,4,Child,round_4,52,2,bracket,far,same,yes,yes,0,0,0.25,0.75,low,0.375,0.5,2D,2D,pair,iterate,pair,0.16,0.17,0.67,NA,0.07,0.1,0.83,0.97,0.02,0.02,NA,NA,NA,NA,NA,0.97,0.14,2,0.83,0.97,1.8,0.25,bracket,far,mix,pure,learn_gen,bracket_bracket,20,18,38,19,0.86,0.25,Tail-recursive,0.25,0.97,0.1,0.83,NA,NA,NA,NA,0.97,0.1,0.83,NA,0.97,0.68,Tail-recursive,0.164,0.167,0.67,NA,0.97,0.02,0,0.02,0.16,0.5,0,Child_13,2D,F,1.1,2,0.1,no,far_same,discard,Far (Related),discard,discard,discard,discard,Child (4 item),discard,Child (Bracket),Child (Bracket),discard,discard,discard,Human Child,discard,discard,discard,discard,discard,discard,discard,discard,discard,discard,discard,discard,discard,discard,discard,discard,discard,discard,Child (2 Dimensions),High Load,Far (Same),Far,discard,discard,discard,discard,discard,discard,discard,discard,2 Dimensions
17,373,3776,4,Child,round_4,58,1,bracket,far,same,yes,yes,0.25,0.38,0.13,0.25,low,0,0.24,not 2D,1D,queue,iterate,iterate,0.28,0.52,0.2,NA,0.65,0.21,0.14,0.18,0.29,0.53,NA,NA,NA,NA,NA,0.65,0.41,1,0.65,0.53,1.18,0.65,bracket,far,mix,pure,learn_gen,bracket_bracket,22,6,28,14,0.59,0.38,Serial-crossed,0.38,0.65,0.29,0.53,NA,NA,NA,NA,0.65,0.29,0.53,NA,0.65,0.42,Serial-crossed,0.278,0.518,0.2,NA,0.65,0.21,0,0.14,0.24,0.65,0,Child_14,iterate,F,3.7,16,0.6,no,far_same,discard,Far (Related),discard,discard,discard,discard,Child (4 item),discard,Child (Bracket),Child (Bracket),discard,discard,discard,Human Child,discard,discard,discard,discard,discard,discard,discard,discard,discard,discard,discard,discard,discard,discard,discard,discard,discard,discard,Child (2 Dimensions),High Load,Far (Same),Far,discard,discard,discard,discard,discard,discard,discard,discard,2 Dimensions
18,374,3778,4,Child,round_4,61,4,bracket,far,same,yes,yes,0.22,0.11,0.11,0.56,low,0.375,0.08,not 2D,1D,stack,palindrome,palindrome,0.39,0.3,0.31,NA,0.33,0.33,0.34,0.41,0.18,0.42,NA,NA,NA,NA,NA,0.42,0.25,2,0.34,0.42,0.76,0.42,bracket,far,mix,pure,learn_gen,bracket_bracket,6,21,27,13.5,0.75,0.11,Serial-crossed,0.22,0.41,0.33,0.42,NA,NA,NA,NA,0.41,0.33,0.42,NA,0.42,0.42,Center-embedded,0.393,0.299,0.31,NA,0.41,0.18,0,0.42,0.08,0.42,0,Child_15,palindrome,M,0.3,-15,-0.6,no,far_same,discard,Far (Related),discard,discard,discard,discard,Child (4 item),discard,Child (Bracket),Child (Bracket),discard,discard,discard,Human Child,discard,discard,discard,discard,discard,discard,discard,discard,discard,discard,discard,discard,discard,discard,discard,discard,discard,discard,Child (2 Dimensions),High Load,Far (Same),Far,discard,discard,discard,discard,discard,discard,discard,discard,2 Dimensions
19,375,3780,4,Child,round_4,63,1,bracket,far,same,yes,yes,0.33,0.11,0.11,0.44,low,0.125,0.28,not 2D,1D,stack,palindrome,palindrome,0.52,0.24,0.24,NA,0.4,0.18,0.41,0.34,0.33,0.33,NA,NA,NA,NA,NA,0.41,0.26,1,0.41,0.34,0.75,0.41,bracket,far,mix,pure,learn_gen,bracket_bracket,19,18,37,18.5,0.74,0.11,Serial-crossed,0.33,0.4,0.33,0.41,NA,NA,NA,NA,0.4,0.33,0.41,NA,0.41,0.51,Center-embedded,0.523,0.24,0.24,NA,0.4,0.18,0,0.41,0.28,0.41,0,Child_16,palindrome,F,1.1,1,0,no,far_same,discard,Far (Related),discard,discard,discard,discard,Child (4 item),discard,Child (Bracket),Child (Bracket),discard,discard,discard,Human Child,discard,discard,discard,discard,discard,discard,discard,discard,discard,discard,discard,discard,discard,discard,discard,discard,discard,discard,Child (2 Dimensions),High Load,Far (Same),Far,discard,discard,discard,discard,discard,discard,discard,discard,2 Dimensions
20,376,3782,4,Child,round_4,46,1,bracket,far,same,yes,yes,0.22,0.11,0.22,0.44,low,0,0.01,not 2D,1D,pair,palindrome,palindrome,0.35,0.29,0.36,NA,0.29,0.22,0.49,0.29,0.47,0.23,NA,NA,NA,NA,NA,0.49,0.31,1,0.49,0.47,0.96,0.49,bracket,far,mix,pure,learn_gen,bracket_bracket,10,5,15,7.5,0.69,0.22,Tail-recursive,0.22,0.29,0.47,0.49,NA,NA,NA,NA,0.29,0.47,0.49,NA,0.49,0.35,Center-embedded,0.353,0.289,0.36,NA,0.29,0.22,0,0.49,0.01,0.49,0,Child_17,palindrome,F,2,5,0.3,no,far_same,discard,Far (Related),discard,discard,discard,discard,Child (4 item),discard,Child (Bracket),Child (Bracket),discard,discard,discard,Human Child,discard,discard,discard,discard,discard,discard,discard,discard,discard,discard,discard,discard,discard,discard,discard,discard,discard,discard,Child (2 Dimensions),High Load,Far (Same),Far,discard,discard,discard,discard,discard,discard,discard,discard,2 Dimensions
21,377,3795,4,Child,round_4,64,4,bracket,far,same,yes,yes,0.5,0.5,0,0,low,0.25,0,not 2D,1D,stack,iterate,iterate,0.48,0.48,0.04,NA,0.97,0.02,0.02,0.18,0.41,0.41,NA,NA,NA,NA,NA,0.97,0.4,1,0.97,0.41,1.38,0.97,bracket,far,mix,pure,learn_gen,bracket_bracket,12,5,17,8.5,0.6,0.5,Serial-crossed,0.5,0.97,0.41,0.41,NA,NA,NA,NA,0.97,0.41,0.41,NA,0.97,0.3,Center-embedded,0.483,0.479,0.04,NA,0.97,0.02,0,0.02,0,0.97,0,Child_18,iterate,M,2.4,7,0.4,no,far_same,discard,Far (Related),discard,discard,discard,discard,Child (4 item),discard,Child (Bracket),Child (Bracket),discard,discard,discard,Human Child,discard,discard,discard,discard,discard,discard,discard,discard,discard,discard,discard,discard,discard,discard,discard,discard,discard,discard,Child (2 Dimensions),High Load,Far (Same),Far,discard,discard,discard,discard,discard,discard,discard,discard,2 Dimensions
22,378,3801,4,Child,round_4,51,1,bracket,far,same,yes,yes,0,0.25,0.25,0.5,low,0.25,0,not 2D,1D,queue,iterate,iterate,0.27,0.37,0.37,NA,0.26,0.26,0.47,0.7,0.15,0.15,NA,NA,NA,NA,NA,0.7,0.26,2,0.47,0.7,1.17,0.7,bracket,far,mix,pure,learn_gen,bracket_bracket,10,12,22,11,0.74,0.25,Serial-crossed,0.25,0.7,0.26,0.47,NA,NA,NA,NA,0.7,0.26,0.47,NA,0.7,0.37,Serial-crossed,0.266,0.369,0.37,NA,0.7,0.15,0,0.15,0.1,0.7,0,Child_19,iterate,F,0.8,-2,-0.1,no,far_same,discard,Far (Related),discard,discard,discard,discard,Child (4 item),discard,Child (Bracket),Child (Bracket),discard,discard,discard,Human Child,discard,discard,discard,discard,discard,discard,discard,discard,discard,discard,discard,discard,discard,discard,discard,discard,discard,discard,Child (2 Dimensions),High Load,Far (Same),Far,discard,discard,discard,discard,discard,discard,discard,discard,2 Dimensions
23,379,3803,4,Child,round_4,71,3,bracket,far,same,yes,yes,0.67,0.33,0,0,low,0.25,0.51,2D,2D,stack,iterate,stack,0.74,0.23,0.03,NA,0.97,0.01,0.01,0.1,0.17,0.73,NA,NA,NA,NA,NA,0.97,0.23,1,0.97,0.73,1.7,0.24,bracket,far,mix,pure,learn_gen,bracket_bracket,41,21,62,31,0.77,0.33,Serial-crossed,0.67,0.97,0.17,0.73,NA,NA,NA,NA,0.97,0.17,0.73,NA,0.97,0.64,Center-embedded,0.744,0.229,0.03,NA,0.97,0.01,0,0.01,0.51,0.51,1,Child_20,2D,M,2,20,0.3,yes,far_same,discard,Far (Related),discard,discard,discard,discard,Child (4 item),discard,Child (Bracket),Child (Bracket),discard,discard,discard,Human Child,discard,discard,discard,discard,discard,discard,discard,discard,discard,discard,discard,discard,discard,discard,discard,discard,discard,discard,Child (2 Dimensions),High Load,Far (Same),Far,discard,discard,discard,discard,discard,discard,discard,discard,2 Dimensions
24,380,3834,4,Child,round_4,55,3,bracket,far,same,yes,yes,0.13,0.25,0,0.63,low,0.125,0.01,not 2D,1D,queue,alternate,alternate,0.28,0.37,0.35,NA,0.22,0.14,0.65,0.06,0.87,0.07,NA,NA,NA,NA,NA,0.87,0.19,2,0.65,0.87,1.51,0.87,bracket,far,mix,pure,learn_gen,bracket_bracket,10,3,13,6.5,0.81,0.25,Serial-crossed,0.25,0.22,0.87,0.65,NA,NA,NA,NA,0.22,0.87,0.65,NA,0.87,0.41,Serial-crossed,0.282,0.366,0.35,NA,0.06,0.87,0,0.07,0.08,0.87,0,Child_21,alternate,M,3.3,7,0.5,no,far_same,discard,Far (Related),discard,discard,discard,discard,Child (4 item),discard,Child (Bracket),Child (Bracket),discard,discard,discard,Human Child,discard,discard,discard,discard,discard,discard,discard,discard,discard,discard,discard,discard,discard,discard,discard,discard,discard,discard,Child (2 Dimensions),High Load,Far (Same),Far,discard,discard,discard,discard,discard,discard,discard,discard,2 Dimensions
25,381,3846,4,Child,round_4,53,4,bracket,far,same,yes,yes,0,0.11,0.56,0.33,low,0.125,0.75,2D,2D,pair,iterate,pair,0.08,0.08,0.83,NA,0.09,0.8,0.11,0.9,0.05,0.05,NA,NA,NA,NA,NA,0.9,0.12,2,0.8,0.9,1.7,0.13,bracket,far,mix,pure,learn_gen,bracket_bracket,5,26,31,15.5,0.88,0.56,Tail-recursive,0.56,0.9,0.8,0.11,NA,NA,NA,NA,0.9,0.8,0.11,NA,0.9,0.81,Tail-recursive,0.085,0.084,0.83,NA,0.9,0.05,0,0.05,0.08,0.75,0,Child_22,2D,M,0.2,-21,-0.7,no,far_same,discard,Far (Related),discard,discard,discard,discard,Child (4 item),discard,Child (Bracket),Child (Bracket),discard,discard,discard,Human Child,discard,discard,discard,discard,discard,discard,discard,discard,discard,discard,discard,discard,discard,discard,discard,discard,discard,discard,Child (2 Dimensions),High Load,Far (Same),Far,discard,discard,discard,discard,discard,discard,discard,discard,2 Dimensions
26,382,4323,4,Child,round_4,66,2,bracket,far,same,yes,yes,0.25,0.13,0,0.63,high,0.75,0,not 2D,1D,stack,palindrome,palindrome,0.37,0.27,0.36,NA,0.3,0.18,0.52,0.19,0.51,0.3,NA,NA,NA,NA,NA,0.52,0.19,1,0.52,0.51,1.03,0.52,bracket,far,mix,pure,learn_gen,bracket_bracket,17,5,22,11,0.81,0.13,Serial-crossed,0.25,0.3,0.51,0.52,NA,NA,NA,NA,0.3,0.51,0.52,NA,0.52,0.41,Center-embedded,0.366,0.272,0.36,NA,0.3,0.18,0,0.52,0,0.52,0,Child_23,palindrome,M,3.4,12,0.5,no,far_same,discard,Far (Related),discard,discard,discard,discard,Child (4 item),discard,Child (Bracket),Child (Bracket),discard,discard,discard,Human Child,discard,discard,discard,discard,discard,discard,discard,discard,discard,discard,discard,discard,discard,discard,discard,discard,discard,discard,Child (2 Dimensions),High Load,Far (Same),Far,discard,discard,discard,discard,discard,discard,discard,discard,2 Dimensions
27,383,4325,4,Child,round_4,66,4,bracket,far,same,yes,yes,0.13,0.63,0,0.25,high,0.5,0.78,2D,2D,queue,iterate,queue,0.08,0.86,0.07,NA,0.87,0.06,0.06,0.07,0.83,0.1,NA,NA,NA,NA,NA,0.87,0.11,1,0.87,0.83,1.71,0.11,bracket,far,mix,pure,learn_gen,bracket_bracket,15,14,29,14.5,0.89,0.63,Serial-crossed,0.63,0.87,0.83,0.1,NA,NA,NA,NA,0.87,0.83,0.1,NA,0.87,0.83,Serial-crossed,0.079,0.856,0.07,NA,0.87,0.06,0,0.06,0.08,0.78,0,Child_24,2D,M,1.1,1,0,no,far_same,discard,Far (Related),discard,discard,discard,discard,Child (4 item),discard,Child (Bracket),Child (Bracket),discard,discard,discard,Human Child,discard,discard,discard,discard,discard,discard,discard,discard,discard,discard,discard,discard,discard,discard,discard,discard,discard,discard,Child (2 Dimensions),High Load,Far (Same),Far,discard,discard,discard,discard,discard,discard,discard,discard,2 Dimensions
28,384,4327,4,Child,round_4,52,3,bracket,far,same,yes,yes,0.22,0.44,0.22,0.11,low,0.25,0.44,2D,2D,queue,iterate,queue,0.19,0.63,0.19,NA,0.73,0.17,0.1,0.22,0.48,0.29,NA,NA,NA,NA,NA,0.73,0.59,1,0.73,0.48,1.21,0.28,bracket,far,mix,pure,learn_gen,bracket_bracket,5,23,28,14,0.41,0.44,Serial-crossed,0.44,0.73,0.48,0.29,NA,NA,NA,NA,0.73,0.48,0.29,NA,0.73,0.43,Serial-crossed,0.187,0.626,0.19,NA,0.73,0.17,0,0.1,0.19,0.44,0,Child_25,2D,M,0.2,-18,-0.6,no,far_same,discard,Far (Related),discard,discard,discard,discard,Child (4 item),discard,Child (Bracket),Child (Bracket),discard,discard,discard,Human Child,discard,discard,discard,discard,discard,discard,discard,discard,discard,discard,discard,discard,discard,discard,discard,discard,discard,discard,Child (2 Dimensions),High Load,Far (Same),Far,discard,discard,discard,discard,discard,discard,discard,discard,2 Dimensions
29,385,4329,4,Child,round_4,53,2,bracket,far,same,yes,yes,0.22,0.78,0,0,high,0.5,0.77,2D,2D,queue,iterate,queue,0.1,0.87,0.02,NA,0.97,0.01,0.01,0.05,0.87,0.08,NA,NA,NA,NA,NA,0.97,0.11,1,0.97,0.87,1.84,0.11,bracket,far,mix,pure,learn_gen,bracket_bracket,7,5,12,6,0.89,0.78,Serial-crossed,0.78,0.97,0.87,0.08,NA,NA,NA,NA,0.97,0.87,0.08,NA,0.97,0.83,Serial-crossed,0.101,0.874,0.02,NA,0.97,0.01,0,0.01,0.1,0.77,0,Child_26,2D,M,1.4,2,0.2,no,far_same,discard,Far (Related),discard,discard,discard,discard,Child (4 item),discard,Child (Bracket),Child (Bracket),discard,discard,discard,Human Child,discard,discard,discard,discard,discard,discard,discard,discard,discard,discard,discard,discard,discard,discard,discard,discard,discard,discard,Child (2 Dimensions),High Load,Far (Same),Far,discard,discard,discard,discard,discard,discard,discard,discard,2 Dimensions
30,386,4331,4,Child,round_4,52,1,bracket,far,same,yes,yes,0.25,0.63,0,0.13,high,0.5,0.67,2D,2D,queue,iterate,queue,0.14,0.81,0.05,NA,0.93,0.03,0.04,0.12,0.73,0.14,NA,NA,NA,NA,NA,0.93,0.19,1,0.93,0.73,1.66,0.16,bracket,far,mix,pure,learn_gen,bracket_bracket,12,12,24,12,0.81,0.63,Serial-crossed,0.63,0.93,0.73,0.14,NA,NA,NA,NA,0.93,0.73,0.14,NA,0.93,0.74,Serial-crossed,0.136,0.811,0.05,NA,0.93,0.03,0,0.04,0.14,0.67,0,Child_27,2D,F,1,0,0,no,far_same,discard,Far (Related),discard,discard,discard,discard,Child (4 item),discard,Child (Bracket),Child (Bracket),discard,discard,discard,Human Child,discard,discard,discard,discard,discard,discard,discard,discard,discard,discard,discard,discard,discard,discard,discard,discard,discard,discard,Child (2 Dimensions),High Load,Far (Same),Far,discard,discard,discard,discard,discard,discard,discard,discard,2 Dimensions
31,387,4333,4,Child,round_4,63,2,bracket,far,same,yes,yes,0.44,0,0.56,0,high,0.5,0.17,not 2D,1D,pair,alternate,alternate,0.4,0.03,0.57,NA,0.31,0.53,0.16,0.52,0.15,0.32,NA,NA,NA,NA,NA,0.53,0.34,1,0.53,0.52,1.05,0.53,bracket,far,mix,pure,learn_gen,bracket_bracket,4,11,15,7.5,0.66,0.56,Tail-recursive,0.56,0.52,0.53,0.32,NA,NA,NA,NA,0.52,0.53,0.32,NA,0.53,0.41,Tail-recursive,0.4,0.028,0.57,NA,0.31,0.53,0,0.16,0.17,0.53,0,Child_28,alternate,M,0.4,-7,-0.5,no,far_same,discard,Far (Related),discard,discard,discard,discard,Child (4 item),discard,Child (Bracket),Child (Bracket),discard,discard,discard,Human Child,discard,discard,discard,discard,discard,discard,discard,discard,discard,discard,discard,discard,discard,discard,discard,discard,discard,discard,Child (2 Dimensions),High Load,Far (Same),Far,discard,discard,discard,discard,discard,discard,discard,discard,2 Dimensions
32,388,1_1,4,Child,round_4,71,4,bracket,far,same,yes,yes,0,0,0.78,0.22,low,0.125,0.92,2D,2D,pair,iterate,pair,0.03,0.03,0.95,NA,0.05,0.87,0.08,0.97,0.01,0.01,NA,NA,NA,NA,NA,0.97,0.04,2,0.87,0.97,1.84,0.04,bracket,far,mix,pure,learn_gen,bracket_bracket,12,7,19,9.5,0.96,0.78,Tail-recursive,0.78,0.97,0.87,0.08,NA,NA,NA,NA,0.97,0.87,0.08,NA,0.97,0.94,Tail-recursive,0.026,0.027,0.95,NA,0.97,0.01,0,0.01,0.03,0.92,0,Child_29,2D,F,1.7,5,0.3,no,far_same,discard,Far (Related),discard,discard,discard,discard,Child (4 item),discard,Child (Bracket),Child (Bracket),discard,discard,discard,Human Child,discard,discard,discard,discard,discard,discard,discard,discard,discard,discard,discard,discard,discard,discard,discard,discard,discard,discard,Child (2 Dimensions),High Load,Far (Same),Far,discard,discard,discard,discard,discard,discard,discard,discard,2 Dimensions
33,389,2_1,4,Child,round_4,76,4,bracket,far,same,yes,yes,0,0,0.44,0.56,low,0.25,0.81,2D,2D,pair,iterate,pair,0.06,0.06,0.87,NA,0.16,0.31,0.52,0.97,0.01,0.01,NA,NA,NA,NA,NA,0.97,0.12,2,0.52,0.97,1.5,0.1,bracket,far,mix,pure,learn_gen,bracket_bracket,8,12,20,10,0.88,0.44,Tail-recursive,0.44,0.97,0.31,0.52,NA,NA,NA,NA,0.97,0.31,0.52,NA,0.97,0.85,Tail-recursive,0.064,0.063,0.87,NA,0.97,0.01,0,0.01,0.06,0.81,0,Child_30,2D,M,0.7,-4,-0.2,no,far_same,discard,Far (Related),discard,discard,discard,discard,Child (4 item),discard,Child (Bracket),Child (Bracket),discard,discard,discard,Human Child,discard,discard,discard,discard,discard,discard,discard,discard,discard,discard,discard,discard,discard,discard,discard,discard,discard,discard,Child (2 Dimensions),High Load,Far (Same),Far,discard,discard,discard,discard,discard,discard,discard,discard,2 Dimensions
34,390,4_1,4,Child,round_4,73,2,bracket,far,same,yes,yes,0,0,0.67,0.33,low,0.125,0.9,2D,2D,pair,iterate,pair,0.03,0.03,0.93,NA,0.1,0.73,0.17,0.97,0.01,0.01,NA,NA,NA,NA,NA,0.97,0.05,2,0.73,0.97,1.7,0.05,bracket,far,mix,pure,learn_gen,bracket_bracket,11,4,15,7.5,0.95,0.67,Tail-recursive,0.67,0.97,0.73,0.17,NA,NA,NA,NA,0.97,0.73,0.17,NA,0.97,0.92,Tail-recursive,0.034,0.035,0.93,NA,0.97,0.01,0,0.01,0.03,0.9,0,Child_31,2D,F,2.8,7,0.5,no,far_same,discard,Far (Related),discard,discard,discard,discard,Child (4 item),discard,Child (Bracket),Child (Bracket),discard,discard,discard,Human Child,discard,discard,discard,discard,discard,discard,discard,discard,discard,discard,discard,discard,discard,discard,discard,discard,discard,discard,Child (2 Dimensions),High Load,Far (Same),Far,discard,discard,discard,discard,discard,discard,discard,discard,2 Dimensions
35,391,5_1,4,Child,round_4,68,4,bracket,far,same,yes,yes,0.13,0.13,0.25,0.5,low,0.375,0.15,not 2D,1D,pair,iterate,iterate,0.28,0.28,0.44,NA,0.22,0.22,0.57,0.87,0.06,0.07,NA,NA,NA,NA,NA,0.87,0.27,2,0.57,0.87,1.44,0.87,bracket,far,mix,pure,learn_gen,bracket_bracket,22,25,47,23.5,0.73,0.25,Tail-recursive,0.25,0.87,0.22,0.57,NA,NA,NA,NA,0.87,0.22,0.57,NA,0.87,0.44,Tail-recursive,0.284,0.278,0.44,NA,0.87,0.06,0,0.07,0.15,0.87,0,Child_32,iterate,M,0.9,-3,-0.1,no,far_same,discard,Far (Related),discard,discard,discard,discard,Child (4 item),discard,Child (Bracket),Child (Bracket),discard,discard,discard,Human Child,discard,discard,discard,discard,discard,discard,discard,discard,discard,discard,discard,discard,discard,discard,discard,discard,discard,discard,Child (2 Dimensions),High Load,Far (Same),Far,discard,discard,discard,discard,discard,discard,discard,discard,2 Dimensions
36,392,6_1,4,Child,round_4,67,2,bracket,far,same,yes,yes,0.33,0.22,0.22,0.22,low,0.125,0.19,not 2D,1D,stack,iterate,iterate,0.46,0.27,0.27,NA,0.68,0.16,0.16,0.33,0.33,0.34,NA,NA,NA,NA,NA,0.68,0.49,1,0.68,0.34,1.02,0.68,bracket,far,mix,pure,learn_gen,bracket_bracket,29,10,39,19.5,0.51,0.22,Serial-crossed,0.33,0.68,0.33,0.34,NA,NA,NA,NA,0.68,0.33,0.34,NA,0.68,0.35,Center-embedded,0.461,0.27,0.27,NA,0.68,0.16,0,0.16,0.19,0.68,0,Child_33,iterate,F,2.9,19,0.5,no,far_same,discard,Far (Related),discard,discard,discard,discard,Child (4 item),discard,Child (Bracket),Child (Bracket),discard,discard,discard,Human Child,discard,discard,discard,discard,discard,discard,discard,discard,discard,discard,discard,discard,discard,discard,discard,discard,discard,discard,Child (2 Dimensions),High Load,Far (Same),Far,discard,discard,discard,discard,discard,discard,discard,discard,2 Dimensions
37,393,7_1,4,Child,round_4,68,2,bracket,far,same,yes,yes,0,0,0.75,0.25,high,0.625,0.9,2D,2D,pair,iterate,pair,0.03,0.03,0.94,NA,0.07,0.83,0.1,0.97,0.02,0.02,NA,NA,NA,NA,NA,0.97,0.05,2,0.83,0.97,1.8,0.05,bracket,far,mix,pure,learn_gen,bracket_bracket,4,6,10,5,0.95,0.75,Tail-recursive,0.75,0.97,0.83,0.1,NA,NA,NA,NA,0.97,0.83,0.1,NA,0.97,0.93,Tail-recursive,0.033,0.031,0.94,NA,0.97,0.02,0,0.02,0.03,0.9,0,Child_34,2D,M,0.7,-2,-0.2,no,far_same,discard,Far (Related),discard,discard,discard,discard,Child (4 item),discard,Child (Bracket),Child (Bracket),discard,discard,discard,Human Child,discard,discard,discard,discard,discard,discard,discard,discard,discard,discard,discard,discard,discard,discard,discard,discard,discard,discard,Child (2 Dimensions),High Load,Far (Same),Far,discard,discard,discard,discard,discard,discard,discard,discard,2 Dimensions
38,394,8_1,4,Child,round_4,67,4,bracket,far,same,yes,yes,0,0.38,0.13,0.5,high,0.875,0.29,not 2D,1D,queue,alternate,alternate,0.25,0.54,0.21,NA,0.3,0.18,0.52,0.21,0.64,0.14,NA,NA,NA,NA,NA,0.64,0.2,2,0.52,0.64,1.16,0.64,bracket,far,mix,pure,learn_gen,bracket_bracket,3,3,6,3,0.8,0.38,Serial-crossed,0.38,0.3,0.64,0.52,NA,NA,NA,NA,0.3,0.64,0.52,NA,0.64,0.55,Serial-crossed,0.25,0.541,0.21,NA,0.21,0.64,0,0.14,0.25,0.64,0,Child_35,alternate,M,1,0,0,no,far_same,discard,Far (Related),discard,discard,discard,discard,Child (4 item),discard,Child (Bracket),Child (Bracket),discard,discard,discard,Human Child,discard,discard,discard,discard,discard,discard,discard,discard,discard,discard,discard,discard,discard,discard,discard,discard,discard,discard,Child (2 Dimensions),High Load,Far (Same),Far,discard,discard,discard,discard,discard,discard,discard,discard,2 Dimensions
39,395,9_1,4,Child,round_4,68,3,bracket,far,same,yes,yes,0.5,0.5,0,0,low,0.25,0.01,not 2D,1D,stack,iterate,iterate,0.48,0.48,0.04,NA,0.97,0.02,0.02,0.18,0.41,0.41,NA,NA,NA,NA,NA,0.97,0.39,1,0.97,0.41,1.38,0.97,bracket,far,mix,pure,learn_gen,bracket_bracket,10,4,14,7,0.61,0.5,Serial-crossed,0.5,0.97,0.41,0.41,NA,NA,NA,NA,0.97,0.41,0.41,NA,0.97,0.31,Center-embedded,0.485,0.479,0.04,NA,0.97,0.02,0,0.02,0.01,0.97,0,Child_36,iterate,M,2.5,6,0.4,no,far_same,discard,Far (Related),discard,discard,discard,discard,Child (4 item),discard,Child (Bracket),Child (Bracket),discard,discard,discard,Human Child,discard,discard,discard,discard,discard,discard,discard,discard,discard,discard,discard,discard,discard,discard,discard,discard,discard,discard,Child (2 Dimensions),High Load,Far (Same),Far,discard,discard,discard,discard,discard,discard,discard,discard,2 Dimensions
40,396,10_1,4,Child,round_4,66,2,bracket,far,same,yes,yes,0.38,0,0,0.63,low,0.375,0.7,2D,2D,stack,iterate,stack,0.8,0.1,0.1,NA,0.22,0.14,0.65,0.65,0.14,0.22,NA,NA,NA,NA,NA,0.65,0.14,2,0.65,0.65,1.29,0.15,bracket,far,mix,pure,learn_gen,bracket_bracket,12,13,25,12.5,0.86,0,Serial-crossed,0.38,0.65,0.14,0.65,NA,NA,NA,NA,0.65,0.14,0.65,NA,0.65,0.78,Center-embedded,0.799,0.101,0.1,NA,0.65,0.14,0,0.22,0.7,0.7,1,Child_37,2D,F,0.9,-1,0,yes,far_same,discard,Far (Related),discard,discard,discard,discard,Child (4 item),discard,Child (Bracket),Child (Bracket),discard,discard,discard,Human Child,discard,discard,discard,discard,discard,discard,discard,discard,discard,discard,discard,discard,discard,discard,discard,discard,discard,discard,Child (2 Dimensions),High Load,Far (Same),Far,discard,discard,discard,discard,discard,discard,discard,discard,2 Dimensions
41,397,11_1,4,Child,round_4,66,4,bracket,far,same,yes,yes,0,0,0.88,0.13,low,0.25,0.93,2D,2D,pair,iterate,pair,0.02,0.02,0.96,NA,0.03,0.93,0.04,0.97,0.02,0.02,NA,NA,NA,NA,NA,0.97,0.03,2,0.93,0.97,1.89,0.03,bracket,far,mix,pure,learn_gen,bracket_bracket,8,13,21,10.5,0.97,0.88,Tail-recursive,0.88,0.97,0.93,0.04,NA,NA,NA,NA,0.97,0.93,0.04,NA,0.97,0.95,Tail-recursive,0.023,0.022,0.96,NA,0.97,0.02,0,0.02,0.02,0.93,0,Child_38,2D,M,0.6,-5,-0.2,no,far_same,discard,Far (Related),discard,discard,discard,discard,Child (4 item),discard,Child (Bracket),Child (Bracket),discard,discard,discard,Human Child,discard,discard,discard,discard,discard,discard,discard,discard,discard,discard,discard,discard,discard,discard,discard,discard,discard,discard,Child (2 Dimensions),High Load,Far (Same),Far,discard,discard,discard,discard,discard,discard,discard,discard,2 Dimensions
42,398,12_1,4,Child,round_4,66,3,bracket,far,same,yes,yes,0.13,0.38,0.5,0,high,0.5,0.27,not 2D,1D,pair,iterate,iterate,0.09,0.32,0.59,NA,0.41,0.4,0.19,0.52,0.29,0.19,NA,NA,NA,NA,NA,0.52,0.66,2,0.41,0.52,0.92,0.52,bracket,far,mix,pure,learn_gen,bracket_bracket,16,4,20,10,0.34,0.5,Tail-recursive,0.5,0.52,0.4,0.19,NA,NA,NA,NA,0.52,0.4,0.19,NA,0.52,0.31,Tail-recursive,0.089,0.319,0.59,NA,0.52,0.29,0,0.19,0.09,0.52,0,Child_39,iterate,M,4,12,0.6,no,far_same,discard,Far (Related),discard,discard,discard,discard,Child (4 item),discard,Child (Bracket),Child (Bracket),discard,discard,discard,Human Child,discard,discard,discard,discard,discard,discard,discard,discard,discard,discard,discard,discard,discard,discard,discard,discard,discard,discard,Child (2 Dimensions),High Load,Far (Same),Far,discard,discard,discard,discard,discard,discard,discard,discard,2 Dimensions
43,399,13_1,4,Child,round_4,66,4,bracket,far,same,yes,yes,0,0,0.56,0.44,high,0.625,0.86,2D,2D,pair,iterate,pair,0.05,0.04,0.91,NA,0.16,0.52,0.32,0.97,0.01,0.01,NA,NA,NA,NA,NA,0.97,0.08,2,0.52,0.97,1.49,0.07,bracket,far,mix,pure,learn_gen,bracket_bracket,3,7,10,5,0.92,0.56,Tail-recursive,0.56,0.97,0.52,0.32,NA,NA,NA,NA,0.97,0.52,0.32,NA,0.97,0.89,Tail-recursive,0.046,0.045,0.91,NA,0.97,0.01,0,0.01,0.05,0.86,0,Child_40,2D,M,0.4,-4,-0.4,no,far_same,discard,Far (Related),discard,discard,discard,discard,Child (4 item),discard,Child (Bracket),Child (Bracket),discard,discard,discard,Human Child,discard,discard,discard,discard,discard,discard,discard,discard,discard,discard,discard,discard,discard,discard,discard,discard,discard,discard,Child (2 Dimensions),High Load,Far (Same),Far,discard,discard,discard,discard,discard,discard,discard,discard,2 Dimensions
44,400,15_1,4,Child,round_4,64,3,bracket,far,same,yes,yes,0,0,0.5,0.5,low,0.25,0.79,2D,2D,pair,iterate,pair,0.07,0.07,0.86,NA,0.18,0.41,0.41,0.97,0.02,0.02,NA,NA,NA,NA,NA,0.97,0.11,2,0.41,0.97,1.38,0.11,bracket,far,mix,pure,learn_gen,bracket_bracket,6,4,10,5,0.89,0.5,Tail-recursive,0.5,0.97,0.41,0.41,NA,NA,NA,NA,0.97,0.41,0.41,NA,0.97,0.84,Tail-recursive,0.071,0.068,0.86,NA,0.97,0.02,0,0.02,0.07,0.79,0,Child_41,2D,M,1.5,2,0.2,no,far_same,discard,Far (Related),discard,discard,discard,discard,Child (4 item),discard,Child (Bracket),Child (Bracket),discard,discard,discard,Human Child,discard,discard,discard,discard,discard,discard,discard,discard,discard,discard,discard,discard,discard,discard,discard,discard,discard,discard,Child (2 Dimensions),High Load,Far (Same),Far,discard,discard,discard,discard,discard,discard,discard,discard,2 Dimensions
45,401,16_1,4,Child,round_4,66,4,bracket,far,same,yes,yes,0,0,0.44,0.56,low,0.375,0.81,2D,2D,pair,iterate,pair,0.06,0.06,0.88,NA,0.15,0.32,0.53,0.97,0.01,0.01,NA,NA,NA,NA,NA,0.97,0.11,2,0.53,0.97,1.5,0.09,bracket,far,mix,pure,learn_gen,bracket_bracket,3,4,7,3.5,0.89,0.44,Tail-recursive,0.44,0.97,0.32,0.53,NA,NA,NA,NA,0.97,0.32,0.53,NA,0.97,0.85,Tail-recursive,0.064,0.061,0.88,NA,0.97,0.01,0,0.01,0.06,0.81,0,Child_42,2D,F,0.8,-1,-0.1,no,far_same,discard,Far (Related),discard,discard,discard,discard,Child (4 item),discard,Child (Bracket),Child (Bracket),discard,discard,discard,Human Child,discard,discard,discard,discard,discard,discard,discard,discard,discard,discard,discard,discard,discard,discard,discard,discard,discard,discard,Child (2 Dimensions),High Load,Far (Same),Far,discard,discard,discard,discard,discard,discard,discard,discard,2 Dimensions
46,402,17_1,4,Child,round_4,65,4,bracket,far,same,yes,yes,0,1,0,0,high,0.875,0.96,2D,2D,queue,iterate,queue,0.01,0.97,0.01,NA,0.97,0.01,0.01,0.01,0.97,0.01,NA,NA,NA,NA,NA,0.97,0.02,1,0.97,0.97,1.94,0.02,bracket,far,mix,pure,learn_gen,bracket_bracket,4,4,8,4,0.98,1,Serial-crossed,1,0.97,0.97,0.01,NA,NA,NA,NA,0.97,0.97,0.01,NA,0.97,0.97,Serial-crossed,0.013,0.975,0.01,NA,0.97,0.01,0,0.01,0.01,0.96,0,Child_43,2D,F,1,0,0,no,far_same,discard,Far (Related),discard,discard,discard,discard,Child (4 item),discard,Child (Bracket),Child (Bracket),discard,discard,discard,Human Child,discard,discard,discard,discard,discard,discard,discard,discard,discard,discard,discard,discard,discard,discard,discard,discard,discard,discard,Child (2 Dimensions),High Load,Far (Same),Far,discard,discard,discard,discard,discard,discard,discard,discard,2 Dimensions
47,403,18_1,4,Child,round_4,65,4,bracket,far,same,yes,yes,0.63,0.38,0,0,high,0.75,0.42,2D,2D,stack,iterate,stack,0.69,0.27,0.03,NA,0.97,0.02,0.02,0.14,0.22,0.65,NA,NA,NA,NA,NA,0.97,0.31,1,0.97,0.65,1.62,0.29,bracket,far,mix,pure,learn_gen,bracket_bracket,9,4,13,6.5,0.69,0.38,Serial-crossed,0.63,0.97,0.22,0.65,NA,NA,NA,NA,0.97,0.22,0.65,NA,0.97,0.55,Center-embedded,0.694,0.272,0.03,NA,0.97,0.02,0,0.02,0.42,0.42,1,Child_44,2D,M,2.3,5,0.4,yes,far_same,discard,Far (Related),discard,discard,discard,discard,Child (4 item),discard,Child (Bracket),Child (Bracket),discard,discard,discard,Human Child,discard,discard,discard,discard,discard,discard,discard,discard,discard,discard,discard,discard,discard,discard,discard,discard,discard,discard,Child (2 Dimensions),High Load,Far (Same),Far,discard,discard,discard,discard,discard,discard,discard,discard,2 Dimensions
48,404,19_1,4,Child,round_4,64,3,bracket,far,same,yes,yes,0,0,0.78,0.22,high,1,0.92,2D,2D,pair,iterate,pair,0.03,0.03,0.95,NA,0.05,0.87,0.08,0.97,0.01,0.01,NA,NA,NA,NA,NA,0.97,0.04,2,0.87,0.97,1.84,0.04,bracket,far,mix,pure,learn_gen,bracket_bracket,3,4,7,3.5,0.96,0.78,Tail-recursive,0.78,0.97,0.87,0.08,NA,NA,NA,NA,0.97,0.87,0.08,NA,0.97,0.94,Tail-recursive,0.026,0.026,0.95,NA,0.97,0.01,0,0.01,0.03,0.92,0,Child_45,2D,M,0.8,-1,-0.1,no,far_same,discard,Far (Related),discard,discard,discard,discard,Child (4 item),discard,Child (Bracket),Child (Bracket),discard,discard,discard,Human Child,discard,discard,discard,discard,discard,discard,discard,discard,discard,discard,discard,discard,discard,discard,discard,discard,discard,discard,Child (2 Dimensions),High Load,Far (Same),Far,discard,discard,discard,discard,discard,discard,discard,discard,2 Dimensions
49,405,20_1,4,Child,round_4,65,4,bracket,far,same,yes,yes,0.75,0.13,0.13,0,high,0.5,0.85,2D,2D,stack,iterate,stack,0.9,0.05,0.05,NA,0.93,0.04,0.03,0.07,0.06,0.87,NA,NA,NA,NA,NA,0.93,0.19,1,0.93,0.87,1.8,0.08,bracket,far,mix,pure,learn_gen,bracket_bracket,8,3,11,5.5,0.81,0.13,Serial-crossed,0.75,0.93,0.06,0.87,NA,NA,NA,NA,0.93,0.06,0.87,NA,0.93,0.83,Center-embedded,0.897,0.052,0.05,NA,0.93,0.04,0,0.03,0.85,0.85,1,Child_46,2D,M,2.7,5,0.5,yes,far_same,discard,Far (Related),discard,discard,discard,discard,Child (4 item),discard,Child (Bracket),Child (Bracket),discard,discard,discard,Human Child,discard,discard,discard,discard,discard,discard,discard,discard,discard,discard,discard,discard,discard,discard,discard,discard,discard,discard,Child (2 Dimensions),High Load,Far (Same),Far,discard,discard,discard,discard,discard,discard,discard,discard,2 Dimensions
50,466,6539,4,Adult,NA,NA,NA,bracket,far,same,yes,yes,0.67,0.33,0,0,high,0.875,0.51,2D,2D,stack,iterate,stack,0.74,0.23,0.03,NA,0.97,0.01,0.01,0.1,0.17,0.73,NA,NA,NA,NA,NA,0.97,0.23,1,0.97,0.73,1.7,0.24,bracket,far,mix,pure,learn_gen,bracket_bracket,3,4,7,3.5,0.77,0.33,Serial-crossed,0.67,0.97,0.17,0.73,NA,NA,NA,NA,0.97,0.17,0.73,NA,0.97,0.64,Center-embedded,0.743,0.23,0.03,NA,0.97,0.01,0,0.01,0.51,0.51,1,NA,2D,NA,0.8,-1,-0.1,yes,far_same,discard,Far (Related),discard,discard,discard,discard,Adult (4 item),discard,Adult (Bracket),Adult (Bracket),discard,discard,discard,Human Adult,discard,discard,discard,discard,discard,discard,discard,discard,discard,discard,discard,discard,discard,discard,discard,discard,discard,discard,Adult (2 Dimensions),High Load,Far (Same),Far,discard,discard,discard,discard,discard,discard,discard,discard,2 Dimensions
51,467,6540,4,Adult,NA,NA,NA,bracket,far,same,yes,yes,0.78,0.22,0,0,high,0.625,0.77,2D,2D,stack,iterate,stack,0.87,0.1,0.02,NA,0.97,0.01,0.01,0.05,0.08,0.87,NA,NA,NA,NA,NA,0.97,0.11,1,0.97,0.87,1.84,0.11,bracket,far,mix,pure,learn_gen,bracket_bracket,4,3,7,3.5,0.89,0.22,Serial-crossed,0.78,0.97,0.08,0.87,NA,NA,NA,NA,0.97,0.08,0.87,NA,0.97,0.83,Center-embedded,0.875,0.101,0.02,NA,0.97,0.01,0,0.01,0.77,0.77,1,NA,2D,NA,1.3,1,0.1,yes,far_same,discard,Far (Related),discard,discard,discard,discard,Adult (4 item),discard,Adult (Bracket),Adult (Bracket),discard,discard,discard,Human Adult,discard,discard,discard,discard,discard,discard,discard,discard,discard,discard,discard,discard,discard,discard,discard,discard,discard,discard,Adult (2 Dimensions),High Load,Far (Same),Far,discard,discard,discard,discard,discard,discard,discard,discard,2 Dimensions
52,468,6541,4,Adult,NA,NA,NA,bracket,far,same,yes,yes,0.89,0,0,0.11,high,1,0.96,2D,2D,stack,iterate,stack,0.97,0.01,0.01,NA,0.97,0.02,0.02,0.02,0.02,0.97,NA,NA,NA,NA,NA,0.97,0.02,1,0.97,0.97,1.93,0.02,bracket,far,mix,pure,learn_gen,bracket_bracket,4,3,7,3.5,0.98,0,Serial-crossed,0.89,0.97,0.02,0.97,NA,NA,NA,NA,0.97,0.02,0.97,NA,0.97,0.97,Center-embedded,0.972,0.014,0.01,NA,0.97,0.02,0,0.02,0.96,0.96,1,NA,2D,NA,1.3,1,0.1,yes,far_same,discard,Far (Related),discard,discard,discard,discard,Adult (4 item),discard,Adult (Bracket),Adult (Bracket),discard,discard,discard,Human Adult,discard,discard,discard,discard,discard,discard,discard,discard,discard,discard,discard,discard,discard,discard,discard,discard,discard,discard,Adult (2 Dimensions),High Load,Far (Same),Far,discard,discard,discard,discard,discard,discard,discard,discard,2 Dimensions
53,469,6542,4,Adult,NA,NA,NA,bracket,far,same,yes,yes,0.89,0,0,0.11,high,1,0.96,2D,2D,stack,iterate,stack,0.97,0.01,0.01,NA,0.97,0.02,0.02,0.02,0.02,0.97,NA,NA,NA,NA,NA,0.97,0.02,1,0.97,0.97,1.94,0.02,bracket,far,mix,pure,learn_gen,bracket_bracket,3,3,6,3,0.98,0,Serial-crossed,0.89,0.97,0.02,0.97,NA,NA,NA,NA,0.97,0.02,0.97,NA,0.97,0.97,Center-embedded,0.972,0.014,0.01,NA,0.97,0.02,0,0.02,0.96,0.96,1,NA,2D,NA,1,0,0,yes,far_same,discard,Far (Related),discard,discard,discard,discard,Adult (4 item),discard,Adult (Bracket),Adult (Bracket),discard,discard,discard,Human Adult,discard,discard,discard,discard,discard,discard,discard,discard,discard,discard,discard,discard,discard,discard,discard,discard,discard,discard,Adult (2 Dimensions),High Load,Far (Same),Far,discard,discard,discard,discard,discard,discard,discard,discard,2 Dimensions
54,470,6543,4,Adult,NA,NA,NA,bracket,far,same,yes,yes,0.44,0.22,0,0.33,high,0.75,0.46,2D,2D,stack,iterate,stack,0.65,0.19,0.16,NA,0.81,0.08,0.11,0.16,0.16,0.68,NA,NA,NA,NA,NA,0.81,0.22,1,0.81,0.68,1.49,0.27,bracket,far,mix,pure,learn_gen,bracket_bracket,3,10,13,6.5,0.78,0.22,Serial-crossed,0.44,0.81,0.16,0.68,NA,NA,NA,NA,0.81,0.16,0.68,NA,0.81,0.62,Center-embedded,0.653,0.191,0.16,NA,0.81,0.08,0,0.11,0.46,0.46,1,NA,2D,NA,0.3,-7,-0.5,yes,far_same,discard,Far (Related),discard,discard,discard,discard,Adult (4 item),discard,Adult (Bracket),Adult (Bracket),discard,discard,discard,Human Adult,discard,discard,discard,discard,discard,discard,discard,discard,discard,discard,discard,discard,discard,discard,discard,discard,discard,discard,Adult (2 Dimensions),High Load,Far (Same),Far,discard,discard,discard,discard,discard,discard,discard,discard,2 Dimensions
55,471,6544,4,Adult,NA,NA,NA,bracket,far,same,yes,yes,1,0,0,0,high,1,0.96,2D,2D,stack,iterate,stack,0.98,0.01,0.01,NA,0.97,0.01,0.01,0.01,0.01,0.97,NA,NA,NA,NA,NA,0.97,0.02,1,0.97,0.97,1.94,0.02,bracket,far,mix,pure,learn_gen,bracket_bracket,4,3,7,3.5,0.98,0,Serial-crossed,1,0.97,0.01,0.97,NA,NA,NA,NA,0.97,0.01,0.97,NA,0.97,0.97,Center-embedded,0.976,0.012,0.01,NA,0.97,0.01,0,0.01,0.96,0.96,1,NA,2D,NA,1.3,1,0.1,yes,far_same,discard,Far (Related),discard,discard,discard,discard,Adult (4 item),discard,Adult (Bracket),Adult (Bracket),discard,discard,discard,Human Adult,discard,discard,discard,discard,discard,discard,discard,discard,discard,discard,discard,discard,discard,discard,discard,discard,discard,discard,Adult (2 Dimensions),High Load,Far (Same),Far,discard,discard,discard,discard,discard,discard,discard,discard,2 Dimensions
56,472,6545,4,Adult,NA,NA,NA,bracket,far,same,yes,yes,0.89,0,0,0.11,high,0.875,0.96,2D,2D,stack,iterate,stack,0.97,0.01,0.01,NA,0.97,0.02,0.02,0.02,0.02,0.97,NA,NA,NA,NA,NA,0.97,0.02,1,0.97,0.97,1.94,0.02,bracket,far,mix,pure,learn_gen,bracket_bracket,4,3,7,3.5,0.98,0,Serial-crossed,0.89,0.97,0.02,0.97,NA,NA,NA,NA,0.97,0.02,0.97,NA,0.97,0.97,Center-embedded,0.972,0.014,0.01,NA,0.97,0.02,0,0.02,0.96,0.96,1,NA,2D,NA,1.3,1,0.1,yes,far_same,discard,Far (Related),discard,discard,discard,discard,Adult (4 item),discard,Adult (Bracket),Adult (Bracket),discard,discard,discard,Human Adult,discard,discard,discard,discard,discard,discard,discard,discard,discard,discard,discard,discard,discard,discard,discard,discard,discard,discard,Adult (2 Dimensions),High Load,Far (Same),Far,discard,discard,discard,discard,discard,discard,discard,discard,2 Dimensions
57,473,6546,4,Adult,NA,NA,NA,bracket,far,same,yes,yes,0.44,0.44,0,0.11,high,1,0,not 2D,1D,stack,iterate,iterate,0.48,0.48,0.04,NA,0.97,0.02,0.02,0.18,0.41,0.41,NA,NA,NA,NA,NA,0.97,0.41,1,0.97,0.41,1.38,0.97,bracket,far,mix,pure,learn_gen,bracket_bracket,3,3,6,3,0.59,0.44,Serial-crossed,0.44,0.97,0.41,0.41,NA,NA,NA,NA,0.97,0.41,0.41,NA,0.97,0.3,Center-embedded,0.482,0.481,0.04,NA,0.97,0.02,0,0.02,0,0.97,0,NA,iterate,NA,1,0,0,no,far_same,discard,Far (Related),discard,discard,discard,discard,Adult (4 item),discard,Adult (Bracket),Adult (Bracket),discard,discard,discard,Human Adult,discard,discard,discard,discard,discard,discard,discard,discard,discard,discard,discard,discard,discard,discard,discard,discard,discard,discard,Adult (2 Dimensions),High Load,Far (Same),Far,discard,discard,discard,discard,discard,discard,discard,discard,2 Dimensions
58,474,6547,4,Adult,NA,NA,NA,bracket,far,same,yes,yes,0.67,0.11,0,0.22,high,0.875,0.86,2D,2D,stack,iterate,stack,0.91,0.05,0.03,NA,0.93,0.03,0.04,0.06,0.06,0.87,NA,NA,NA,NA,NA,0.93,0.08,1,0.93,0.87,1.8,0.07,bracket,far,mix,pure,learn_gen,bracket_bracket,4,3,7,3.5,0.92,0.11,Serial-crossed,0.67,0.93,0.06,0.87,NA,NA,NA,NA,0.93,0.06,0.87,NA,0.93,0.89,Center-embedded,0.914,0.053,0.03,NA,0.93,0.03,0,0.04,0.86,0.86,1,NA,2D,NA,1.3,1,0.1,yes,far_same,discard,Far (Related),discard,discard,discard,discard,Adult (4 item),discard,Adult (Bracket),Adult (Bracket),discard,discard,discard,Human Adult,discard,discard,discard,discard,discard,discard,discard,discard,discard,discard,discard,discard,discard,discard,discard,discard,discard,discard,Adult (2 Dimensions),High Load,Far (Same),Far,discard,discard,discard,discard,discard,discard,discard,discard,2 Dimensions
59,475,6548,4,Adult,NA,NA,NA,bracket,far,same,yes,yes,0.89,0,0.11,0,high,1,0.91,2D,2D,stack,iterate,stack,0.94,0.02,0.04,NA,0.94,0.03,0.03,0.04,0.03,0.94,NA,NA,NA,NA,NA,0.94,0.04,1,0.94,0.94,1.88,0.05,bracket,far,mix,pure,learn_gen,bracket_bracket,8,9,17,8.5,0.96,0.11,Tail-recursive,0.89,0.94,0.03,0.94,NA,NA,NA,NA,0.94,0.03,0.94,NA,0.94,0.93,Center-embedded,0.944,0.019,0.04,NA,0.94,0.03,0,0.03,0.91,0.91,1,NA,2D,NA,0.9,-1,-0.1,yes,far_same,discard,Far (Related),discard,discard,discard,discard,Adult (4 item),discard,Adult (Bracket),Adult (Bracket),discard,discard,discard,Human Adult,discard,discard,discard,discard,discard,discard,discard,discard,discard,discard,discard,discard,discard,discard,discard,discard,discard,discard,Adult (2 Dimensions),High Load,Far (Same),Far,discard,discard,discard,discard,discard,discard,discard,discard,2 Dimensions
60,476,6549,4,Adult,NA,NA,NA,bracket,far,same,yes,yes,0.56,0.44,0,0,high,0.875,0.17,not 2D,1D,stack,iterate,iterate,0.57,0.4,0.03,NA,0.97,0.01,0.01,0.16,0.32,0.53,NA,NA,NA,NA,NA,0.97,0.34,1,0.97,0.53,1.5,0.97,bracket,far,mix,pure,learn_gen,bracket_bracket,3,4,7,3.5,0.66,0.44,Serial-crossed,0.56,0.97,0.32,0.53,NA,NA,NA,NA,0.97,0.32,0.53,NA,0.97,0.42,Center-embedded,0.573,0.4,0.03,NA,0.97,0.01,0,0.01,0.17,0.97,0,NA,iterate,NA,0.8,-1,-0.1,no,far_same,discard,Far (Related),discard,discard,discard,discard,Adult (4 item),discard,Adult (Bracket),Adult (Bracket),discard,discard,discard,Human Adult,discard,discard,discard,discard,discard,discard,discard,discard,discard,discard,discard,discard,discard,discard,discard,discard,discard,discard,Adult (2 Dimensions),High Load,Far (Same),Far,discard,discard,discard,discard,discard,discard,discard,discard,2 Dimensions
61,477,6550,4,Adult,NA,NA,NA,bracket,far,same,yes,yes,0.89,0,0,0.11,high,0.875,0.96,2D,2D,stack,iterate,stack,0.97,0.01,0.01,NA,0.97,0.02,0.02,0.02,0.02,0.97,NA,NA,NA,NA,NA,0.97,0.02,1,0.97,0.97,1.94,0.02,bracket,far,mix,pure,learn_gen,bracket_bracket,3,4,7,3.5,0.98,0,Serial-crossed,0.89,0.97,0.02,0.97,NA,NA,NA,NA,0.97,0.02,0.97,NA,0.97,0.97,Center-embedded,0.972,0.014,0.01,NA,0.97,0.02,0,0.02,0.96,0.96,1,NA,2D,NA,0.8,-1,-0.1,yes,far_same,discard,Far (Related),discard,discard,discard,discard,Adult (4 item),discard,Adult (Bracket),Adult (Bracket),discard,discard,discard,Human Adult,discard,discard,discard,discard,discard,discard,discard,discard,discard,discard,discard,discard,discard,discard,discard,discard,discard,discard,Adult (2 Dimensions),High Load,Far (Same),Far,discard,discard,discard,discard,discard,discard,discard,discard,2 Dimensions
62,478,6551,4,Adult,NA,NA,NA,bracket,far,same,yes,yes,0.89,0,0,0.11,high,1,0.96,2D,2D,stack,iterate,stack,0.97,0.01,0.01,NA,0.97,0.02,0.02,0.02,0.02,0.97,NA,NA,NA,NA,NA,0.97,0.02,1,0.97,0.97,1.94,0.02,bracket,far,mix,pure,learn_gen,bracket_bracket,3,3,6,3,0.98,0,Serial-crossed,0.89,0.97,0.02,0.97,NA,NA,NA,NA,0.97,0.02,0.97,NA,0.97,0.97,Center-embedded,0.972,0.014,0.01,NA,0.97,0.02,0,0.02,0.96,0.96,1,NA,2D,NA,1,0,0,yes,far_same,discard,Far (Related),discard,discard,discard,discard,Adult (4 item),discard,Adult (Bracket),Adult (Bracket),discard,discard,discard,Human Adult,discard,discard,discard,discard,discard,discard,discard,discard,discard,discard,discard,discard,discard,discard,discard,discard,discard,discard,Adult (2 Dimensions),High Load,Far (Same),Far,discard,discard,discard,discard,discard,discard,discard,discard,2 Dimensions
63,479,6552,4,Adult,NA,NA,NA,bracket,far,same,yes,yes,1,0,0,0,high,0.75,0.96,2D,2D,stack,iterate,stack,0.98,0.01,0.01,NA,0.97,0.01,0.01,0.01,0.01,0.97,NA,NA,NA,NA,NA,0.97,0.02,1,0.97,0.97,1.94,0.02,bracket,far,mix,pure,learn_gen,bracket_bracket,82,4,86,43,0.98,0,Serial-crossed,1,0.97,0.01,0.97,NA,NA,NA,NA,0.97,0.01,0.97,NA,0.97,0.97,Center-embedded,0.975,0.013,0.01,NA,0.97,0.01,0,0.01,0.96,0.96,1,NA,2D,NA,20.5,78,0.9,yes,far_same,discard,Far (Related),discard,discard,discard,discard,Adult (4 item),discard,Adult (Bracket),Adult (Bracket),discard,discard,discard,Human Adult,discard,discard,discard,discard,discard,discard,discard,discard,discard,discard,discard,discard,discard,discard,discard,discard,discard,discard,Adult (2 Dimensions),High Load,Far (Same),Far,discard,discard,discard,discard,discard,discard,discard,discard,2 Dimensions
64,480,6553,4,Adult,NA,NA,NA,bracket,far,same,yes,yes,0.89,0,0,0.11,high,0.75,0.96,2D,2D,stack,iterate,stack,0.97,0.01,0.01,NA,0.97,0.02,0.02,0.02,0.02,0.97,NA,NA,NA,NA,NA,0.97,0.02,1,0.97,0.97,1.94,0.02,bracket,far,mix,pure,learn_gen,bracket_bracket,4,3,7,3.5,0.98,0,Serial-crossed,0.89,0.97,0.02,0.97,NA,NA,NA,NA,0.97,0.02,0.97,NA,0.97,0.97,Center-embedded,0.973,0.014,0.01,NA,0.97,0.02,0,0.02,0.96,0.96,1,NA,2D,NA,1.3,1,0.1,yes,far_same,discard,Far (Related),discard,discard,discard,discard,Adult (4 item),discard,Adult (Bracket),Adult (Bracket),discard,discard,discard,Human Adult,discard,discard,discard,discard,discard,discard,discard,discard,discard,discard,discard,discard,discard,discard,discard,discard,discard,discard,Adult (2 Dimensions),High Load,Far (Same),Far,discard,discard,discard,discard,discard,discard,discard,discard,2 Dimensions
65,481,6554,4,Adult,NA,NA,NA,bracket,far,same,yes,yes,0.89,0,0,0.11,high,1,0.96,2D,2D,stack,palindrome,stack,0.97,0.01,0.01,NA,0.97,0.02,0.02,0.02,0.02,0.97,NA,NA,NA,NA,NA,0.97,0.02,2,0.97,0.97,1.94,0.02,bracket,far,mix,pure,learn_gen,bracket_bracket,3,3,6,3,0.98,0,Serial-crossed,0.89,0.97,0.02,0.97,NA,NA,NA,NA,0.97,0.02,0.97,NA,0.97,0.97,Center-embedded,0.971,0.014,0.01,NA,0.02,0.02,0,0.97,0.96,0.96,1,NA,2D,NA,1,0,0,yes,far_same,discard,Far (Related),discard,discard,discard,discard,Adult (4 item),discard,Adult (Bracket),Adult (Bracket),discard,discard,discard,Human Adult,discard,discard,discard,discard,discard,discard,discard,discard,discard,discard,discard,discard,discard,discard,discard,discard,discard,discard,Adult (2 Dimensions),High Load,Far (Same),Far,discard,discard,discard,discard,discard,discard,discard,discard,2 Dimensions
66,482,6555,4,Adult,NA,NA,NA,bracket,far,same,yes,yes,0.89,0.11,0,0,high,0.875,0.91,2D,2D,stack,iterate,stack,0.94,0.04,0.02,NA,0.97,0.01,0.01,0.03,0.03,0.94,NA,NA,NA,NA,NA,0.97,0.04,1,0.97,0.94,1.91,0.05,bracket,far,mix,pure,learn_gen,bracket_bracket,4,4,8,4,0.96,0.11,Serial-crossed,0.89,0.97,0.03,0.94,NA,NA,NA,NA,0.97,0.03,0.94,NA,0.97,0.93,Center-embedded,0.943,0.038,0.02,NA,0.97,0.01,0,0.01,0.91,0.91,1,NA,2D,NA,1,0,0,yes,far_same,discard,Far (Related),discard,discard,discard,discard,Adult (4 item),discard,Adult (Bracket),Adult (Bracket),discard,discard,discard,Human Adult,discard,discard,discard,discard,discard,discard,discard,discard,discard,discard,discard,discard,discard,discard,discard,discard,discard,discard,Adult (2 Dimensions),High Load,Far (Same),Far,discard,discard,discard,discard,discard,discard,discard,discard,2 Dimensions
67,483,6556,4,Adult,NA,NA,NA,bracket,far,same,yes,yes,0.78,0.11,0,0.11,high,0.625,0.89,2D,2D,stack,iterate,stack,0.93,0.04,0.02,NA,0.97,0.02,0.02,0.03,0.04,0.93,NA,NA,NA,NA,NA,0.97,0.05,1,0.97,0.93,1.9,0.05,bracket,far,mix,pure,learn_gen,bracket_bracket,10,3,13,6.5,0.95,0.11,Serial-crossed,0.78,0.97,0.04,0.93,NA,NA,NA,NA,0.97,0.04,0.93,NA,0.97,0.92,Center-embedded,0.935,0.043,0.02,NA,0.97,0.02,0,0.02,0.89,0.89,1,NA,2D,NA,3.3,7,0.5,yes,far_same,discard,Far (Related),discard,discard,discard,discard,Adult (4 item),discard,Adult (Bracket),Adult (Bracket),discard,discard,discard,Human Adult,discard,discard,discard,discard,discard,discard,discard,discard,discard,discard,discard,discard,discard,discard,discard,discard,discard,discard,Adult (2 Dimensions),High Load,Far (Same),Far,discard,discard,discard,discard,discard,discard,discard,discard,2 Dimensions
68,484,6558,4,Adult,NA,NA,NA,bracket,far,same,yes,yes,0.78,0.11,0,0.11,high,1,0.89,2D,2D,stack,iterate,stack,0.94,0.04,0.02,NA,0.97,0.02,0.02,0.03,0.04,0.93,NA,NA,NA,NA,NA,0.97,0.05,1,0.97,0.93,1.9,0.05,bracket,far,mix,pure,learn_gen,bracket_bracket,5,3,8,4,0.95,0.11,Serial-crossed,0.78,0.97,0.04,0.93,NA,NA,NA,NA,0.97,0.04,0.93,NA,0.97,0.92,Center-embedded,0.935,0.043,0.02,NA,0.97,0.02,0,0.02,0.89,0.89,1,NA,2D,NA,1.7,2,0.3,yes,far_same,discard,Far (Related),discard,discard,discard,discard,Adult (4 item),discard,Adult (Bracket),Adult (Bracket),discard,discard,discard,Human Adult,discard,discard,discard,discard,discard,discard,discard,discard,discard,discard,discard,discard,discard,discard,discard,discard,discard,discard,Adult (2 Dimensions),High Load,Far (Same),Far,discard,discard,discard,discard,discard,discard,discard,discard,2 Dimensions
69,485,6559,4,Adult,NA,NA,NA,bracket,far,same,yes,yes,0.89,0.11,0,0,high,0.875,0.91,2D,2D,stack,iterate,stack,0.94,0.04,0.02,NA,0.97,0.01,0.01,0.03,0.03,0.94,NA,NA,NA,NA,NA,0.97,0.04,1,0.97,0.94,1.91,0.05,bracket,far,mix,pure,learn_gen,bracket_bracket,9,3,12,6,0.96,0.11,Serial-crossed,0.89,0.97,0.03,0.94,NA,NA,NA,NA,0.97,0.03,0.94,NA,0.97,0.93,Center-embedded,0.943,0.038,0.02,NA,0.97,0.01,0,0.01,0.91,0.91,1,NA,2D,NA,3,6,0.5,yes,far_same,discard,Far (Related),discard,discard,discard,discard,Adult (4 item),discard,Adult (Bracket),Adult (Bracket),discard,discard,discard,Human Adult,discard,discard,discard,discard,discard,discard,discard,discard,discard,discard,discard,discard,discard,discard,discard,discard,discard,discard,Adult (2 Dimensions),High Load,Far (Same),Far,discard,discard,discard,discard,discard,discard,discard,discard,2 Dimensions
70,486,6560,4,Adult,NA,NA,NA,bracket,far,same,yes,yes,1,0,0,0,high,1,0.96,2D,2D,stack,palindrome,stack,0.98,0.01,0.01,NA,0.97,0.01,0.01,0.01,0.01,0.97,NA,NA,NA,NA,NA,0.97,0.02,2,0.97,0.97,1.94,0.02,bracket,far,mix,pure,learn_gen,bracket_bracket,3,3,6,3,0.98,0,Serial-crossed,1,0.97,0.01,0.97,NA,NA,NA,NA,0.97,0.01,0.97,NA,0.97,0.97,Center-embedded,0.975,0.012,0.01,NA,0.01,0.01,0,0.97,0.96,0.96,1,NA,2D,NA,1,0,0,yes,far_same,discard,Far (Related),discard,discard,discard,discard,Adult (4 item),discard,Adult (Bracket),Adult (Bracket),discard,discard,discard,Human Adult,discard,discard,discard,discard,discard,discard,discard,discard,discard,discard,discard,discard,discard,discard,discard,discard,discard,discard,Adult (2 Dimensions),High Load,Far (Same),Far,discard,discard,discard,discard,discard,discard,discard,discard,2 Dimensions
71,487,6561,4,Adult,NA,NA,NA,bracket,far,same,yes,yes,0.89,0,0,0.11,high,1,0.96,2D,2D,stack,iterate,stack,0.97,0.01,0.01,NA,0.97,0.02,0.02,0.02,0.02,0.97,NA,NA,NA,NA,NA,0.97,0.02,1,0.97,0.97,1.94,0.02,bracket,far,mix,pure,learn_gen,bracket_bracket,4,4,8,4,0.98,0,Serial-crossed,0.89,0.97,0.02,0.97,NA,NA,NA,NA,0.97,0.02,0.97,NA,0.97,0.97,Center-embedded,0.972,0.014,0.01,NA,0.97,0.02,0,0.02,0.96,0.96,1,NA,2D,NA,1,0,0,yes,far_same,discard,Far (Related),discard,discard,discard,discard,Adult (4 item),discard,Adult (Bracket),Adult (Bracket),discard,discard,discard,Human Adult,discard,discard,discard,discard,discard,discard,discard,discard,discard,discard,discard,discard,discard,discard,discard,discard,discard,discard,Adult (2 Dimensions),High Load,Far (Same),Far,discard,discard,discard,discard,discard,discard,discard,discard,2 Dimensions
72,488,6562,4,Adult,NA,NA,NA,bracket,far,same,yes,yes,0.78,0.11,0,0.11,high,1,0.89,2D,2D,stack,iterate,stack,0.93,0.04,0.02,NA,0.97,0.02,0.02,0.03,0.04,0.93,NA,NA,NA,NA,NA,0.97,0.05,1,0.97,0.93,1.89,0.05,bracket,far,mix,pure,learn_gen,bracket_bracket,3,4,7,3.5,0.95,0.11,Serial-crossed,0.78,0.97,0.04,0.93,NA,NA,NA,NA,0.97,0.04,0.93,NA,0.97,0.92,Center-embedded,0.935,0.043,0.02,NA,0.97,0.02,0,0.02,0.89,0.89,1,NA,2D,NA,0.8,-1,-0.1,yes,far_same,discard,Far (Related),discard,discard,discard,discard,Adult (4 item),discard,Adult (Bracket),Adult (Bracket),discard,discard,discard,Human Adult,discard,discard,discard,discard,discard,discard,discard,discard,discard,discard,discard,discard,discard,discard,discard,discard,discard,discard,Adult (2 Dimensions),High Load,Far (Same),Far,discard,discard,discard,discard,discard,discard,discard,discard,2 Dimensions
73,489,6563,4,Adult,NA,NA,NA,bracket,far,same,yes,yes,1,0,0,0,high,1,0.96,2D,2D,stack,iterate,stack,0.98,0.01,0.01,NA,0.97,0.01,0.01,0.01,0.01,0.97,NA,NA,NA,NA,NA,0.97,0.02,1,0.97,0.97,1.94,0.02,bracket,far,mix,pure,learn_gen,bracket_bracket,3,3,6,3,0.98,0,Serial-crossed,1,0.97,0.01,0.97,NA,NA,NA,NA,0.97,0.01,0.97,NA,0.97,0.97,Center-embedded,0.975,0.012,0.01,NA,0.97,0.01,0,0.01,0.96,0.96,1,NA,2D,NA,1,0,0,yes,far_same,discard,Far (Related),discard,discard,discard,discard,Adult (4 item),discard,Adult (Bracket),Adult (Bracket),discard,discard,discard,Human Adult,discard,discard,discard,discard,discard,discard,discard,discard,discard,discard,discard,discard,discard,discard,discard,discard,discard,discard,Adult (2 Dimensions),High Load,Far (Same),Far,discard,discard,discard,discard,discard,discard,discard,discard,2 Dimensions
74,490,6564,4,Adult,NA,NA,NA,bracket,far,same,yes,yes,0.67,0.22,0,0.11,high,0.75,0.73,2D,2D,stack,iterate,stack,0.85,0.12,0.03,NA,0.97,0.02,0.02,0.07,0.1,0.84,NA,NA,NA,NA,NA,0.97,0.15,1,0.97,0.84,1.81,0.13,bracket,far,mix,pure,learn_gen,bracket_bracket,4,17,21,10.5,0.85,0.22,Serial-crossed,0.67,0.97,0.1,0.84,NA,NA,NA,NA,0.97,0.1,0.84,NA,0.97,0.79,Center-embedded,0.852,0.12,0.03,NA,0.97,0.02,0,0.02,0.73,0.73,1,NA,2D,NA,0.2,-13,-0.6,yes,far_same,discard,Far (Related),discard,discard,discard,discard,Adult (4 item),discard,Adult (Bracket),Adult (Bracket),discard,discard,discard,Human Adult,discard,discard,discard,discard,discard,discard,discard,discard,discard,discard,discard,discard,discard,discard,discard,discard,discard,discard,Adult (2 Dimensions),High Load,Far (Same),Far,discard,discard,discard,discard,discard,discard,discard,discard,2 Dimensions
75,491,6566,4,Adult,NA,NA,NA,bracket,far,same,yes,yes,1,0,0,0,high,1,0.96,2D,2D,stack,palindrome,stack,0.97,0.01,0.01,NA,0.97,0.01,0.01,0.01,0.01,0.97,NA,NA,NA,NA,NA,0.97,0.02,2,0.97,0.97,1.94,0.02,bracket,far,mix,pure,learn_gen,bracket_bracket,3,3,6,3,0.98,0,Serial-crossed,1,0.97,0.01,0.97,NA,NA,NA,NA,0.97,0.01,0.97,NA,0.97,0.97,Center-embedded,0.975,0.013,0.01,NA,0.01,0.01,0,0.97,0.96,0.96,1,NA,2D,NA,1,0,0,yes,far_same,discard,Far (Related),discard,discard,discard,discard,Adult (4 item),discard,Adult (Bracket),Adult (Bracket),discard,discard,discard,Human Adult,discard,discard,discard,discard,discard,discard,discard,discard,discard,discard,discard,discard,discard,discard,discard,discard,discard,discard,Adult (2 Dimensions),High Load,Far (Same),Far,discard,discard,discard,discard,discard,discard,discard,discard,2 Dimensions
76,492,6567,4,Adult,NA,NA,NA,bracket,far,same,yes,yes,0.78,0.11,0,0.11,high,1,0.89,2D,2D,stack,iterate,stack,0.93,0.04,0.02,NA,0.97,0.02,0.02,0.03,0.04,0.93,NA,NA,NA,NA,NA,0.97,0.05,1,0.97,0.93,1.89,0.06,bracket,far,mix,pure,learn_gen,bracket_bracket,3,3,6,3,0.95,0.11,Serial-crossed,0.78,0.97,0.04,0.93,NA,NA,NA,NA,0.97,0.04,0.93,NA,0.97,0.92,Center-embedded,0.934,0.044,0.02,NA,0.97,0.02,0,0.02,0.89,0.89,1,NA,2D,NA,1,0,0,yes,far_same,discard,Far (Related),discard,discard,discard,discard,Adult (4 item),discard,Adult (Bracket),Adult (Bracket),discard,discard,discard,Human Adult,discard,discard,discard,discard,discard,discard,discard,discard,discard,discard,discard,discard,discard,discard,discard,discard,discard,discard,Adult (2 Dimensions),High Load,Far (Same),Far,discard,discard,discard,discard,discard,discard,discard,discard,2 Dimensions
77,493,6568,4,Adult,NA,NA,NA,bracket,far,same,yes,yes,1,0,0,0,high,1,0.96,2D,2D,stack,palindrome,stack,0.98,0.01,0.01,NA,0.97,0.01,0.01,0.01,0.01,0.97,NA,NA,NA,NA,NA,0.97,0.02,2,0.97,0.97,1.94,0.02,bracket,far,mix,pure,learn_gen,bracket_bracket,3,4,7,3.5,0.98,0,Serial-crossed,1,0.97,0.01,0.97,NA,NA,NA,NA,0.97,0.01,0.97,NA,0.97,0.97,Center-embedded,0.975,0.012,0.01,NA,0.01,0.01,0,0.97,0.96,0.96,1,NA,2D,NA,0.8,-1,-0.1,yes,far_same,discard,Far (Related),discard,discard,discard,discard,Adult (4 item),discard,Adult (Bracket),Adult (Bracket),discard,discard,discard,Human Adult,discard,discard,discard,discard,discard,discard,discard,discard,discard,discard,discard,discard,discard,discard,discard,discard,discard,discard,Adult (2 Dimensions),High Load,Far (Same),Far,discard,discard,discard,discard,discard,discard,discard,discard,2 Dimensions
78,494,6569,4,Adult,NA,NA,NA,bracket,far,same,yes,yes,0.89,0,0,0.11,high,0.875,0.96,2D,2D,stack,palindrome,stack,0.97,0.01,0.01,NA,0.97,0.02,0.02,0.02,0.02,0.97,NA,NA,NA,NA,NA,0.97,0.02,2,0.97,0.97,1.94,0.02,bracket,far,mix,pure,learn_gen,bracket_bracket,3,3,6,3,0.98,0,Serial-crossed,0.89,0.97,0.02,0.97,NA,NA,NA,NA,0.97,0.02,0.97,NA,0.97,0.97,Center-embedded,0.972,0.014,0.01,NA,0.02,0.02,0,0.97,0.96,0.96,1,NA,2D,NA,1,0,0,yes,far_same,discard,Far (Related),discard,discard,discard,discard,Adult (4 item),discard,Adult (Bracket),Adult (Bracket),discard,discard,discard,Human Adult,discard,discard,discard,discard,discard,discard,discard,discard,discard,discard,discard,discard,discard,discard,discard,discard,discard,discard,Adult (2 Dimensions),High Load,Far (Same),Far,discard,discard,discard,discard,discard,discard,discard,discard,2 Dimensions
79,495,6570,4,Adult,NA,NA,NA,bracket,far,same,yes,yes,0.67,0,0.22,0.11,low,0.375,0.73,2D,2D,stack,palindrome,stack,0.85,0.03,0.12,NA,0.83,0.1,0.07,0.1,0.07,0.83,NA,NA,NA,NA,NA,0.83,0.15,2,0.83,0.83,1.67,0.14,bracket,far,mix,pure,learn_gen,bracket_bracket,9,6,15,7.5,0.85,0.22,Tail-recursive,0.67,0.83,0.1,0.83,NA,NA,NA,NA,0.83,0.1,0.83,NA,0.83,0.79,Center-embedded,0.851,0.028,0.12,NA,0.1,0.07,0,0.83,0.73,0.73,1,NA,2D,NA,1.5,3,0.2,yes,far_same,discard,Far (Related),discard,discard,discard,discard,Adult (4 item),discard,Adult (Bracket),Adult (Bracket),discard,discard,discard,Human Adult,discard,discard,discard,discard,discard,discard,discard,discard,discard,discard,discard,discard,discard,discard,discard,discard,discard,discard,Adult (2 Dimensions),High Load,Far (Same),Far,discard,discard,discard,discard,discard,discard,discard,discard,2 Dimensions
80,690,3699,6,Child,round_4,64,3,bracket,far,same,yes,yes,0.5,0,0,0.5,high,0.75,0.87,2D,2D,stack,iterate,stack,0.91,0.04,0.04,NA,NA,NA,NA,NA,NA,NA,0.95,0.05,0.05,0.05,0.89,0.95,0.07,1,0.95,0.89,1.85,0.06,bracket,far,mix,pure,learn_gen,bracket_bracket,3,4,7,3.5,0.93,0,Serial-crossed,0.5,0,0,0,0.95,0.05,0.05,0.89,0.95,0.05,0.89,0.05,0.95,0.9,Center-embedded,0.915,0.043,0.04,NA,0.95,0.05,0,0,0.87,0.87,1,Child_01,2D,F,0.8,-1,-0.1,yes,far_same,discard,Far (Related),discard,discard,discard,discard,Child (6 item),discard,Child (Bracket),Child (Bracket),discard,discard,discard,Human Child,discard,discard,discard,discard,discard,discard,discard,discard,discard,discard,discard,discard,discard,discard,discard,discard,discard,discard,Child (2 Dimensions),High Load,Far (Same),Far,discard,discard,discard,discard,discard,discard,discard,discard,2 Dimensions
81,691,3701,6,Child,round_4,67,3,bracket,far,same,yes,yes,0,0,0,1,high,0.75,0.02,not 2D,1D,stack,iterate,iterate,0.35,0.32,0.33,NA,NA,NA,NA,NA,NA,NA,0.51,0.49,0.66,0.17,0.17,0.66,0.23,2,0.51,0.66,1.16,0.66,bracket,far,mix,pure,learn_gen,bracket_bracket,13,4,17,8.5,0.77,0,Serial-crossed,0,0,0,0,0.66,0.49,0.17,0.17,0.66,0.49,0.17,0.17,0.66,0.4,Center-embedded,0.347,0.323,0.33,NA,0.66,0.17,0.17,0.17,0.02,0.66,0,Child_02,iterate,F,3.3,9,0.5,no,far_same,discard,Far (Related),discard,discard,discard,discard,Child (6 item),discard,Child (Bracket),Child (Bracket),discard,discard,discard,Human Child,discard,discard,discard,discard,discard,discard,discard,discard,discard,discard,discard,discard,discard,discard,discard,discard,discard,discard,Child (2 Dimensions),High Load,Far (Same),Far,discard,discard,discard,discard,discard,discard,discard,discard,2 Dimensions
82,692,3703,6,Child,round_4,67,3,bracket,far,same,yes,yes,0.5,0,0.25,0.25,high,0.625,0.37,2D,2D,stack,iterate,stack,0.67,0.03,0.3,NA,NA,NA,NA,NA,NA,NA,0.83,0.17,0.24,0.04,0.71,0.83,0.31,1,0.83,0.71,1.55,0.32,bracket,far,mix,pure,learn_gen,bracket_bracket,4,3,7,3.5,0.69,0.25,Tail-recursive,0.5,0,0,0,0.83,0.17,0.04,0.71,0.83,0.17,0.71,0.04,0.83,0.53,Center-embedded,0.667,0.033,0.3,NA,0.83,0.17,0,0,0.37,0.37,1,Child_03,2D,F,1.3,1,0.1,yes,far_same,discard,Far (Related),discard,discard,discard,discard,Child (6 item),discard,Child (Bracket),Child (Bracket),discard,discard,discard,Human Child,discard,discard,discard,discard,discard,discard,discard,discard,discard,discard,discard,discard,discard,discard,discard,discard,discard,discard,Child (2 Dimensions),High Load,Far (Same),Far,discard,discard,discard,discard,discard,discard,discard,discard,2 Dimensions
83,693,3705,6,Child,round_4,60,3,bracket,far,same,yes,yes,0,0,0,1,high,0.75,0,not 2D,1D,queue,alternate,alternate,0.34,0.34,0.33,NA,NA,NA,NA,NA,NA,NA,0.49,0.51,0.34,0.33,0.33,0.51,0.23,1,0.51,0.34,0.85,0.51,bracket,far,mix,pure,learn_gen,bracket_bracket,4,5,9,4.5,0.77,0,Serial-crossed,0,0,0,0,0.49,0.51,0.33,0.33,0.49,0.51,0.33,0.33,0.51,0.38,Center-embedded,0.335,0.336,0.33,NA,0.49,0.51,0,0,0,0.51,0,Child_04,alternate,F,0.8,-1,-0.1,no,far_same,discard,Far (Related),discard,discard,discard,discard,Child (6 item),discard,Child (Bracket),Child (Bracket),discard,discard,discard,Human Child,discard,discard,discard,discard,discard,discard,discard,discard,discard,discard,discard,discard,discard,discard,discard,discard,discard,discard,Child (2 Dimensions),High Load,Far (Same),Far,discard,discard,discard,discard,discard,discard,discard,discard,2 Dimensions
84,694,3707,6,Child,round_4,56,4,bracket,far,same,yes,yes,0,0,0.22,0.78,high,0.875,0.72,2D,2D,pair,iterate,pair,0.09,0.09,0.82,NA,NA,NA,NA,NA,NA,NA,0.65,0.35,0.8,0.1,0.1,0.8,0.17,2,0.65,0.8,1.45,0.14,bracket,far,mix,pure,learn_gen,bracket_bracket,9,3,12,6,0.83,0.22,Tail-recursive,0.22,0,0,0,0.8,0.35,0.1,0.1,0.8,0.35,0.1,0.1,0.8,0.78,Tail-recursive,0.094,0.089,0.82,NA,0.8,0.1,0.1,0.1,0.09,0.72,0,Child_05,2D,F,3,6,0.5,no,far_same,discard,Far (Related),discard,discard,discard,discard,Child (6 item),discard,Child (Bracket),Child (Bracket),discard,discard,discard,Human Child,discard,discard,discard,discard,discard,discard,discard,discard,discard,discard,discard,discard,discard,discard,discard,discard,discard,discard,Child (2 Dimensions),High Load,Far (Same),Far,discard,discard,discard,discard,discard,discard,discard,discard,2 Dimensions
85,695,3709,6,Child,round_4,43,2,bracket,far,same,yes,yes,0.56,0,0,0.44,low,0.375,0.9,2D,2D,stack,iterate,stack,0.93,0.04,0.03,NA,NA,NA,NA,NA,NA,NA,0.99,0.01,0.04,0.04,0.92,0.99,0.05,1,0.99,0.92,1.91,0.05,bracket,far,mix,pure,learn_gen,bracket_bracket,5,8,13,6.5,0.95,0,Serial-crossed,0.56,0,0,0,0.99,0.01,0.04,0.92,0.99,0.01,0.92,0.04,0.99,0.92,Center-embedded,0.931,0.035,0.03,NA,0.99,0.01,0,0,0.9,0.9,1,Child_06,2D,M,0.6,-3,-0.2,yes,far_same,discard,Far (Related),discard,discard,discard,discard,Child (6 item),discard,Child (Bracket),Child (Bracket),discard,discard,discard,Human Child,discard,discard,discard,discard,discard,discard,discard,discard,discard,discard,discard,discard,discard,discard,discard,discard,discard,discard,Child (2 Dimensions),High Load,Far (Same),Far,discard,discard,discard,discard,discard,discard,discard,discard,2 Dimensions
86,696,3711,6,Child,round_4,42,3,bracket,far,same,yes,yes,0,0,0,1,low,0.25,0.01,not 2D,1D,stack,alternate,alternate,0.34,0.32,0.33,NA,NA,NA,NA,NA,NA,NA,0.5,0.5,0.37,0.37,0.27,0.5,0.23,1,0.5,0.37,0.87,0.5,bracket,far,mix,pure,learn_gen,bracket_bracket,21,5,26,13,0.77,0,Serial-crossed,0,0,0,0,0.5,0.5,0.37,0.27,0.5,0.5,0.27,0.37,0.5,0.39,Center-embedded,0.345,0.322,0.33,NA,0.5,0.5,0,0,0.01,0.5,0,Child_07,alternate,F,4.2,16,0.6,no,far_same,discard,Far (Related),discard,discard,discard,discard,Child (6 item),discard,Child (Bracket),Child (Bracket),discard,discard,discard,Human Child,discard,discard,discard,discard,discard,discard,discard,discard,discard,discard,discard,discard,discard,discard,discard,discard,discard,discard,Child (2 Dimensions),High Load,Far (Same),Far,discard,discard,discard,discard,discard,discard,discard,discard,2 Dimensions
87,697,3737,6,Child,round_4,63,2,bracket,far,same,yes,yes,0.33,0.11,0,0.56,high,0.625,0.58,2D,2D,stack,iterate,stack,0.76,0.18,0.06,NA,NA,NA,NA,NA,NA,NA,0.97,0.03,0.09,0.15,0.75,0.97,0.26,1,0.97,0.75,1.73,0.21,bracket,far,mix,pure,learn_gen,bracket_bracket,4,6,10,5,0.74,0.11,Serial-crossed,0.33,0,0,0,0.97,0.03,0.15,0.75,0.97,0.03,0.75,0.15,0.97,0.66,Center-embedded,0.761,0.184,0.06,NA,0.97,0.03,0,0,0.58,0.58,1,Child_08,2D,F,0.7,-2,-0.2,yes,far_same,discard,Far (Related),discard,discard,discard,discard,Child (6 item),discard,Child (Bracket),Child (Bracket),discard,discard,discard,Human Child,discard,discard,discard,discard,discard,discard,discard,discard,discard,discard,discard,discard,discard,discard,discard,discard,discard,discard,Child (2 Dimensions),High Load,Far (Same),Far,discard,discard,discard,discard,discard,discard,discard,discard,2 Dimensions
88,698,3745,6,Child,round_4,58,3,bracket,far,same,yes,yes,0,0.22,0.11,0.67,high,0.875,0.4,2D,2D,queue,iterate,queue,0.09,0.66,0.26,NA,NA,NA,NA,NA,NA,NA,0.93,0.07,0.43,0.43,0.13,0.93,0.34,1,0.93,0.43,1.36,0.3,bracket,far,mix,pure,learn_gen,bracket_bracket,6,3,9,4.5,0.66,0.22,Serial-crossed,0.22,0,0,0,0.93,0.07,0.43,0.13,0.93,0.07,0.13,0.43,0.93,0.53,Serial-crossed,0.089,0.656,0.26,NA,0.93,0.07,0,0,0.09,0.4,0,Child_09,2D,M,2,3,0.3,no,far_same,discard,Far (Related),discard,discard,discard,discard,Child (6 item),discard,Child (Bracket),Child (Bracket),discard,discard,discard,Human Child,discard,discard,discard,discard,discard,discard,discard,discard,discard,discard,discard,discard,discard,discard,discard,discard,discard,discard,Child (2 Dimensions),High Load,Far (Same),Far,discard,discard,discard,discard,discard,discard,discard,discard,2 Dimensions
89,699,3747,6,Child,round_4,69,3,bracket,far,same,yes,yes,0,0,0.11,0.89,high,0.5,0.43,2D,2D,pair,iterate,pair,0.19,0.19,0.62,NA,NA,NA,NA,NA,NA,NA,0.5,0.5,0.88,0.06,0.06,0.88,0.25,2,0.5,0.88,1.38,0.29,bracket,far,mix,pure,learn_gen,bracket_bracket,4,8,12,6,0.75,0.11,Tail-recursive,0.11,0,0,0,0.88,0.5,0.06,0.06,0.88,0.5,0.06,0.06,0.88,0.59,Tail-recursive,0.193,0.188,0.62,NA,0.88,0.06,0.06,0.06,0.19,0.43,0,Child_10,2D,F,0.5,-4,-0.3,no,far_same,discard,Far (Related),discard,discard,discard,discard,Child (6 item),discard,Child (Bracket),Child (Bracket),discard,discard,discard,Human Child,discard,discard,discard,discard,discard,discard,discard,discard,discard,discard,discard,discard,discard,discard,discard,discard,discard,discard,Child (2 Dimensions),High Load,Far (Same),Far,discard,discard,discard,discard,discard,discard,discard,discard,2 Dimensions
90,700,3749,6,Child,round_4,65,3,bracket,far,same,yes,yes,0.25,0,0.13,0.63,high,0.5,0.4,2D,2D,stack,iterate,stack,0.66,0.08,0.26,NA,NA,NA,NA,NA,NA,NA,0.79,0.21,0.45,0.11,0.44,0.79,0.35,1,0.79,0.45,1.24,0.3,bracket,far,mix,pure,learn_gen,bracket_bracket,5,8,13,6.5,0.65,0.13,Tail-recursive,0.25,0,0,0,0.79,0.21,0.11,0.44,0.79,0.21,0.44,0.11,0.79,0.53,Center-embedded,0.661,0.082,0.26,NA,0.79,0.21,0,0,0.4,0.4,1,Child_11,2D,F,0.6,-3,-0.2,yes,far_same,discard,Far (Related),discard,discard,discard,discard,Child (6 item),discard,Child (Bracket),Child (Bracket),discard,discard,discard,Human Child,discard,discard,discard,discard,discard,discard,discard,discard,discard,discard,discard,discard,discard,discard,discard,discard,discard,discard,Child (2 Dimensions),High Load,Far (Same),Far,discard,discard,discard,discard,discard,discard,discard,discard,2 Dimensions
91,701,3758,6,Child,round_4,55,2,bracket,far,same,yes,yes,0,0.5,0,0.5,high,0.75,0.87,2D,2D,queue,seriate,queue,0.04,0.92,0.04,NA,NA,NA,NA,NA,NA,NA,0.91,0.09,0.02,0.96,0.02,0.96,0.07,2,0.91,0.96,1.87,0.06,bracket,far,mix,pure,learn_gen,bracket_bracket,3,3,6,3,0.93,0.5,Serial-crossed,0.5,0,0,0,0.91,0.09,0.96,0.02,0.91,0.09,0.02,0.96,0.96,0.9,Serial-crossed,0.042,0.916,0.04,NA,0.02,0.96,0.96,0.02,0.04,0.87,0,Child_12,2D,F,1,0,0,no,far_same,discard,Far (Related),discard,discard,discard,discard,Child (6 item),discard,Child (Bracket),Child (Bracket),discard,discard,discard,Human Child,discard,discard,discard,discard,discard,discard,discard,discard,discard,discard,discard,discard,discard,discard,discard,discard,discard,discard,Child (2 Dimensions),High Load,Far (Same),Far,discard,discard,discard,discard,discard,discard,discard,discard,2 Dimensions
92,702,3766,6,Child,round_4,52,2,bracket,far,same,yes,yes,0,0,0.22,0.78,low,0.375,0.73,2D,2D,pair,iterate,pair,0.09,0.09,0.82,NA,NA,NA,NA,NA,NA,NA,0.35,0.65,0.96,0.02,0.02,0.96,0.17,2,0.65,0.96,1.61,0.14,bracket,far,mix,pure,learn_gen,bracket_bracket,20,18,38,19,0.83,0.22,Tail-recursive,0.22,0,0,0,0.96,0.65,0.02,0.02,0.96,0.65,0.02,0.02,0.96,0.78,Tail-recursive,0.09,0.092,0.82,NA,0.96,0.02,0.02,0.02,0.09,0.73,0,Child_13,2D,F,1.1,2,0.1,no,far_same,discard,Far (Related),discard,discard,discard,discard,Child (6 item),discard,Child (Bracket),Child (Bracket),discard,discard,discard,Human Child,discard,discard,discard,discard,discard,discard,discard,discard,discard,discard,discard,discard,discard,discard,discard,discard,discard,discard,Child (2 Dimensions),High Load,Far (Same),Far,discard,discard,discard,discard,discard,discard,discard,discard,2 Dimensions
93,703,3776,6,Child,round_4,58,1,bracket,far,same,yes,yes,0,0,0,1,low,0,0,not 2D,1D,pair,iterate,iterate,0.33,0.33,0.34,NA,NA,NA,NA,NA,NA,NA,0.8,0.2,0.34,0.33,0.33,0.8,0.22,1,0.8,0.34,1.14,0.8,bracket,far,mix,pure,learn_gen,bracket_bracket,22,6,28,14,0.78,0,Serial-crossed,0,0,0,0,0.8,0.2,0.33,0.33,0.8,0.2,0.33,0.33,0.8,0.39,Center-embedded,0.331,0.334,0.34,NA,0.8,0.2,0,0,0,0.8,0,Child_14,iterate,F,3.7,16,0.6,no,far_same,discard,Far (Related),discard,discard,discard,discard,Child (6 item),discard,Child (Bracket),Child (Bracket),discard,discard,discard,Human Child,discard,discard,discard,discard,discard,discard,discard,discard,discard,discard,discard,discard,discard,discard,discard,discard,discard,discard,Child (2 Dimensions),High Load,Far (Same),Far,discard,discard,discard,discard,discard,discard,discard,discard,2 Dimensions
94,704,3778,6,Child,round_4,61,4,bracket,far,same,yes,yes,0,0,0,1,low,0.375,0.01,not 2D,1D,stack,iterate,iterate,0.34,0.33,0.33,NA,NA,NA,NA,NA,NA,NA,0.64,0.36,0.24,0.38,0.38,0.64,0.23,1,0.64,0.38,1.02,0.64,bracket,far,mix,pure,learn_gen,bracket_bracket,6,21,27,13.5,0.77,0,Serial-crossed,0,0,0,0,0.64,0.36,0.38,0.38,0.64,0.36,0.38,0.38,0.64,0.39,Center-embedded,0.342,0.326,0.33,NA,0.64,0.36,0,0,0.01,0.64,0,Child_15,iterate,M,0.3,-15,-0.6,no,far_same,discard,Far (Related),discard,discard,discard,discard,Child (6 item),discard,Child (Bracket),Child (Bracket),discard,discard,discard,Human Child,discard,discard,discard,discard,discard,discard,discard,discard,discard,discard,discard,discard,discard,discard,discard,discard,discard,discard,Child (2 Dimensions),High Load,Far (Same),Far,discard,discard,discard,discard,discard,discard,discard,discard,2 Dimensions
95,705,3780,6,Child,round_4,63,1,bracket,far,same,yes,yes,0.25,0,0,0.75,low,0.125,0.73,2D,2D,stack,iterate,stack,0.82,0.09,0.09,NA,NA,NA,NA,NA,NA,NA,0.84,0.16,0.09,0.09,0.83,0.84,0.17,1,0.84,0.83,1.66,0.13,bracket,far,mix,pure,learn_gen,bracket_bracket,19,18,37,18.5,0.83,0,Serial-crossed,0.25,0,0,0,0.84,0.16,0.09,0.83,0.84,0.16,0.83,0.09,0.84,0.78,Center-embedded,0.823,0.088,0.09,NA,0.84,0.16,0,0,0.73,0.73,1,Child_16,2D,F,1.1,1,0,yes,far_same,discard,Far (Related),discard,discard,discard,discard,Child (6 item),discard,Child (Bracket),Child (Bracket),discard,discard,discard,Human Child,discard,discard,discard,discard,discard,discard,discard,discard,discard,discard,discard,discard,discard,discard,discard,discard,discard,discard,Child (2 Dimensions),High Load,Far (Same),Far,discard,discard,discard,discard,discard,discard,discard,discard,2 Dimensions
96,706,3782,6,Child,round_4,46,1,bracket,far,same,yes,yes,0.11,0,0,0.89,low,0,0.43,2D,2D,stack,alternate,stack,0.62,0.19,0.19,NA,NA,NA,NA,NA,NA,NA,0.5,0.5,0.26,0.37,0.37,0.5,0.24,1,0.5,0.37,0.87,0.28,bracket,far,mix,pure,learn_gen,bracket_bracket,10,5,15,7.5,0.76,0,Serial-crossed,0.11,0,0,0,0.5,0.5,0.37,0.37,0.5,0.5,0.37,0.37,0.5,0.59,Center-embedded,0.62,0.19,0.19,NA,0.5,0.5,0,0,0.43,0.43,1,Child_17,2D,F,2,5,0.3,yes,far_same,discard,Far (Related),discard,discard,discard,discard,Child (6 item),discard,Child (Bracket),Child (Bracket),discard,discard,discard,Human Child,discard,discard,discard,discard,discard,discard,discard,discard,discard,discard,discard,discard,discard,discard,discard,discard,discard,discard,Child (2 Dimensions),High Load,Far (Same),Far,discard,discard,discard,discard,discard,discard,discard,discard,2 Dimensions
97,707,3795,6,Child,round_4,64,4,bracket,far,same,yes,yes,0.33,0,0,0.67,low,0.25,0.83,2D,2D,stack,iterate,stack,0.88,0.06,0.06,NA,NA,NA,NA,NA,NA,NA,0.98,0.02,0.1,0.1,0.8,0.98,0.1,1,0.98,0.8,1.78,0.09,bracket,far,mix,pure,learn_gen,bracket_bracket,12,5,17,8.5,0.9,0,Serial-crossed,0.33,0,0,0,0.98,0.02,0.1,0.8,0.98,0.02,0.8,0.1,0.98,0.86,Center-embedded,0.885,0.058,0.06,NA,0.98,0.02,0,0,0.83,0.83,1,Child_18,2D,M,2.4,7,0.4,yes,far_same,discard,Far (Related),discard,discard,discard,discard,Child (6 item),discard,Child (Bracket),Child (Bracket),discard,discard,discard,Human Child,discard,discard,discard,discard,discard,discard,discard,discard,discard,discard,discard,discard,discard,discard,discard,discard,discard,discard,Child (2 Dimensions),High Load,Far (Same),Far,discard,discard,discard,discard,discard,discard,discard,discard,2 Dimensions
98,708,3801,6,Child,round_4,51,1,bracket,far,same,yes,yes,0,0.25,0.5,0.25,low,0.25,0.39,2D,2D,pair,iterate,pair,0.07,0.27,0.66,NA,NA,NA,NA,NA,NA,NA,0.49,0.51,0.68,0.23,0.09,0.68,0.41,2,0.51,0.68,1.19,0.3,bracket,far,mix,pure,learn_gen,bracket_bracket,10,12,22,11,0.59,0.5,Tail-recursive,0.5,0,0,0,0.68,0.51,0.23,0.09,0.68,0.51,0.09,0.23,0.68,0.49,Tail-recursive,0.069,0.27,0.66,NA,0.68,0.23,0.23,0.09,0.07,0.39,0,Child_19,2D,F,0.8,-2,-0.1,no,far_same,discard,Far (Related),discard,discard,discard,discard,Child (6 item),discard,Child (Bracket),Child (Bracket),discard,discard,discard,Human Child,discard,discard,discard,discard,discard,discard,discard,discard,discard,discard,discard,discard,discard,discard,discard,discard,discard,discard,Child (2 Dimensions),High Load,Far (Same),Far,discard,discard,discard,discard,discard,discard,discard,discard,2 Dimensions
99,709,3803,6,Child,round_4,71,3,bracket,far,same,yes,yes,0.38,0,0,0.63,low,0.25,0.83,2D,2D,stack,iterate,stack,0.89,0.06,0.05,NA,NA,NA,NA,NA,NA,NA,0.98,0.02,0.09,0.09,0.83,0.98,0.11,1,0.98,0.83,1.8,0.08,bracket,far,mix,pure,learn_gen,bracket_bracket,41,21,62,31,0.89,0,Serial-crossed,0.38,0,0,0,0.98,0.02,0.09,0.83,0.98,0.02,0.83,0.09,0.98,0.86,Center-embedded,0.89,0.056,0.05,NA,0.98,0.02,0,0,0.83,0.83,1,Child_20,2D,M,2,20,0.3,yes,far_same,discard,Far (Related),discard,discard,discard,discard,Child (6 item),discard,Child (Bracket),Child (Bracket),discard,discard,discard,Human Child,discard,discard,discard,discard,discard,discard,discard,discard,discard,discard,discard,discard,discard,discard,discard,discard,discard,discard,Child (2 Dimensions),High Load,Far (Same),Far,discard,discard,discard,discard,discard,discard,discard,discard,2 Dimensions
100,710,3834,6,Child,round_4,55,3,bracket,far,same,yes,yes,0.11,0.11,0,0.78,low,0.125,0.01,not 2D,1D,stack,iterate,iterate,0.44,0.43,0.14,NA,NA,NA,NA,NA,NA,NA,0.96,0.04,0.26,0.36,0.38,0.96,0.35,1,0.96,0.38,1.34,0.96,bracket,far,mix,pure,learn_gen,bracket_bracket,10,3,13,6.5,0.65,0.11,Serial-crossed,0.11,0,0,0,0.96,0.04,0.36,0.38,0.96,0.04,0.38,0.36,0.96,0.33,Center-embedded,0.436,0.427,0.14,NA,0.96,0.04,0,0,0.01,0.96,0,Child_21,iterate,M,3.3,7,0.5,no,far_same,discard,Far (Related),discard,discard,discard,discard,Child (6 item),discard,Child (Bracket),Child (Bracket),discard,discard,discard,Human Child,discard,discard,discard,discard,discard,discard,discard,discard,discard,discard,discard,discard,discard,discard,discard,discard,discard,discard,Child (2 Dimensions),High Load,Far (Same),Far,discard,discard,discard,discard,discard,discard,discard,discard,2 Dimensions
101,711,3846,6,Child,round_4,53,4,bracket,far,same,yes,yes,0,0,0.38,0.63,low,0.125,0.84,2D,2D,pair,iterate,pair,0.06,0.05,0.89,NA,NA,NA,NA,NA,NA,NA,0.2,0.8,0.9,0.05,0.05,0.9,0.1,2,0.8,0.9,1.69,0.08,bracket,far,mix,pure,learn_gen,bracket_bracket,5,26,31,15.5,0.9,0.38,Tail-recursive,0.38,0,0,0,0.9,0.8,0.05,0.05,0.9,0.8,0.05,0.05,0.9,0.87,Tail-recursive,0.055,0.054,0.89,NA,0.9,0.05,0.05,0.05,0.06,0.84,0,Child_22,2D,M,0.2,-21,-0.7,no,far_same,discard,Far (Related),discard,discard,discard,discard,Child (6 item),discard,Child (Bracket),Child (Bracket),discard,discard,discard,Human Child,discard,discard,discard,discard,discard,discard,discard,discard,discard,discard,discard,discard,discard,discard,discard,discard,discard,discard,Child (2 Dimensions),High Load,Far (Same),Far,discard,discard,discard,discard,discard,discard,discard,discard,2 Dimensions
102,712,4323,6,Child,round_4,66,2,bracket,far,same,yes,yes,0.11,0.22,0,0.67,high,0.75,0.4,2D,2D,queue,iterate,queue,0.26,0.65,0.09,NA,NA,NA,NA,NA,NA,NA,0.9,0.1,0.25,0.51,0.25,0.9,0.34,1,0.9,0.51,1.41,0.3,bracket,far,mix,pure,learn_gen,bracket_bracket,17,5,22,11,0.66,0.22,Serial-crossed,0.22,0,0,0,0.9,0.1,0.51,0.25,0.9,0.1,0.25,0.51,0.9,0.53,Serial-crossed,0.26,0.655,0.09,NA,0.9,0.1,0,0,0.26,0.4,0,Child_23,2D,M,3.4,12,0.5,no,far_same,discard,Far (Related),discard,discard,discard,discard,Child (6 item),discard,Child (Bracket),Child (Bracket),discard,discard,discard,Human Child,discard,discard,discard,discard,discard,discard,discard,discard,discard,discard,discard,discard,discard,discard,discard,discard,discard,discard,Child (2 Dimensions),High Load,Far (Same),Far,discard,discard,discard,discard,discard,discard,discard,discard,2 Dimensions
103,713,4325,6,Child,round_4,66,4,bracket,far,same,yes,yes,0.11,0.11,0,0.78,high,0.5,0.02,not 2D,1D,queue,iterate,iterate,0.42,0.44,0.14,NA,NA,NA,NA,NA,NA,NA,0.81,0.19,0.34,0.32,0.34,0.81,0.35,1,0.81,0.34,1.15,0.81,bracket,far,mix,pure,learn_gen,bracket_bracket,15,14,29,14.5,0.65,0.11,Serial-crossed,0.11,0,0,0,0.81,0.19,0.32,0.34,0.81,0.19,0.34,0.32,0.81,0.33,Center-embedded,0.424,0.439,0.14,NA,0.81,0.19,0,0,0.02,0.81,0,Child_24,iterate,M,1.1,1,0,no,far_same,discard,Far (Related),discard,discard,discard,discard,Child (6 item),discard,Child (Bracket),Child (Bracket),discard,discard,discard,Human Child,discard,discard,discard,discard,discard,discard,discard,discard,discard,discard,discard,discard,discard,discard,discard,discard,discard,discard,Child (2 Dimensions),High Load,Far (Same),Far,discard,discard,discard,discard,discard,discard,discard,discard,2 Dimensions
104,714,4327,6,Child,round_4,52,3,bracket,far,same,yes,yes,0,0.13,0,0.88,low,0.25,0.45,2D,2D,queue,iterate,queue,0.18,0.63,0.18,NA,NA,NA,NA,NA,NA,NA,0.95,0.05,0.28,0.43,0.29,0.95,0.25,1,0.95,0.43,1.38,0.28,bracket,far,mix,pure,learn_gen,bracket_bracket,5,23,28,14,0.75,0.13,Serial-crossed,0.13,0,0,0,0.95,0.05,0.43,0.29,0.95,0.05,0.29,0.43,0.95,0.6,Serial-crossed,0.184,0.633,0.18,NA,0.95,0.05,0,0,0.18,0.45,0,Child_25,2D,M,0.2,-18,-0.6,no,far_same,discard,Far (Related),discard,discard,discard,discard,Child (6 item),discard,Child (Bracket),Child (Bracket),discard,discard,discard,Human Child,discard,discard,discard,discard,discard,discard,discard,discard,discard,discard,discard,discard,discard,discard,discard,discard,discard,discard,Child (2 Dimensions),High Load,Far (Same),Far,discard,discard,discard,discard,discard,discard,discard,discard,2 Dimensions
105,715,4329,6,Child,round_4,53,2,bracket,far,same,yes,yes,0,0.75,0,0.25,high,0.5,0.92,2D,2D,queue,iterate,queue,0.03,0.95,0.03,NA,NA,NA,NA,NA,NA,NA,0.99,0.01,0.03,0.94,0.03,0.99,0.04,1,0.99,0.94,1.93,0.04,bracket,far,mix,pure,learn_gen,bracket_bracket,7,5,12,6,0.96,0.75,Serial-crossed,0.75,0,0,0,0.99,0.01,0.94,0.03,0.99,0.01,0.03,0.94,0.99,0.94,Serial-crossed,0.027,0.948,0.03,NA,0.99,0.01,0,0,0.03,0.92,0,Child_26,2D,M,1.4,2,0.2,no,far_same,discard,Far (Related),discard,discard,discard,discard,Child (6 item),discard,Child (Bracket),Child (Bracket),discard,discard,discard,Human Child,discard,discard,discard,discard,discard,discard,discard,discard,discard,discard,discard,discard,discard,discard,discard,discard,discard,discard,Child (2 Dimensions),High Load,Far (Same),Far,discard,discard,discard,discard,discard,discard,discard,discard,2 Dimensions
106,716,4331,6,Child,round_4,52,1,bracket,far,same,yes,yes,0,0.11,0,0.89,high,0.5,0.42,2D,2D,queue,iterate,queue,0.2,0.62,0.19,NA,NA,NA,NA,NA,NA,NA,0.98,0.02,0.19,0.62,0.18,0.98,0.25,1,0.98,0.62,1.6,0.29,bracket,far,mix,pure,learn_gen,bracket_bracket,12,12,24,12,0.75,0.11,Serial-crossed,0.11,0,0,0,0.98,0.02,0.62,0.18,0.98,0.02,0.18,0.62,0.98,0.59,Serial-crossed,0.195,0.616,0.19,NA,0.98,0.02,0,0,0.2,0.42,0,Child_27,2D,F,1,0,0,no,far_same,discard,Far (Related),discard,discard,discard,discard,Child (6 item),discard,Child (Bracket),Child (Bracket),discard,discard,discard,Human Child,discard,discard,discard,discard,discard,discard,discard,discard,discard,discard,discard,discard,discard,discard,discard,discard,discard,discard,Child (2 Dimensions),High Load,Far (Same),Far,discard,discard,discard,discard,discard,discard,discard,discard,2 Dimensions
107,717,4333,6,Child,round_4,63,2,bracket,far,same,yes,yes,0.25,0.13,0.25,0.38,high,0.5,0.01,not 2D,1D,stack,iterate,iterate,0.41,0.19,0.4,NA,NA,NA,NA,NA,NA,NA,0.75,0.25,0.41,0.19,0.41,0.75,0.7,1,0.75,0.41,1.16,0.75,bracket,far,mix,pure,learn_gen,bracket_bracket,4,11,15,7.5,0.3,0.25,Tail-recursive,0.25,0,0,0,0.75,0.25,0.19,0.41,0.75,0.25,0.41,0.19,0.75,0.15,Center-embedded,0.41,0.191,0.4,NA,0.75,0.25,0,0,0.01,0.75,0,Child_28,iterate,M,0.4,-7,-0.5,no,far_same,discard,Far (Related),discard,discard,discard,discard,Child (6 item),discard,Child (Bracket),Child (Bracket),discard,discard,discard,Human Child,discard,discard,discard,discard,discard,discard,discard,discard,discard,discard,discard,discard,discard,discard,discard,discard,discard,discard,Child (2 Dimensions),High Load,Far (Same),Far,discard,discard,discard,discard,discard,discard,discard,discard,2 Dimensions
108,718,1_1,6,Child,round_4,71,4,bracket,far,same,yes,yes,0,0,0.13,0.88,low,0.125,0.44,2D,2D,pair,iterate,pair,0.19,0.18,0.63,NA,NA,NA,NA,NA,NA,NA,0.46,0.54,0.96,0.02,0.02,0.96,0.24,2,0.54,0.96,1.5,0.28,bracket,far,mix,pure,learn_gen,bracket_bracket,12,7,19,9.5,0.76,0.13,Tail-recursive,0.13,0,0,0,0.96,0.54,0.02,0.02,0.96,0.54,0.02,0.02,0.96,0.6,Tail-recursive,0.187,0.183,0.63,NA,0.96,0.02,0.02,0.02,0.19,0.44,0,Child_29,2D,F,1.7,5,0.3,no,far_same,discard,Far (Related),discard,discard,discard,discard,Child (6 item),discard,Child (Bracket),Child (Bracket),discard,discard,discard,Human Child,discard,discard,discard,discard,discard,discard,discard,discard,discard,discard,discard,discard,discard,discard,discard,discard,discard,discard,Child (2 Dimensions),High Load,Far (Same),Far,discard,discard,discard,discard,discard,discard,discard,discard,2 Dimensions
109,719,2_1,6,Child,round_4,76,4,bracket,far,same,yes,yes,0,0,0.38,0.63,low,0.25,0.83,2D,2D,pair,iterate,pair,0.06,0.06,0.89,NA,NA,NA,NA,NA,NA,NA,0.15,0.85,0.97,0.01,0.01,0.97,0.11,2,0.85,0.97,1.82,0.08,bracket,far,mix,pure,learn_gen,bracket_bracket,8,12,20,10,0.89,0.38,Tail-recursive,0.38,0,0,0,0.97,0.85,0.01,0.01,0.97,0.85,0.01,0.01,0.97,0.86,Tail-recursive,0.056,0.055,0.89,NA,0.97,0.01,0.01,0.01,0.06,0.83,0,Child_30,2D,M,0.7,-4,-0.2,no,far_same,discard,Far (Related),discard,discard,discard,discard,Child (6 item),discard,Child (Bracket),Child (Bracket),discard,discard,discard,Human Child,discard,discard,discard,discard,discard,discard,discard,discard,discard,discard,discard,discard,discard,discard,discard,discard,discard,discard,Child (2 Dimensions),High Load,Far (Same),Far,discard,discard,discard,discard,discard,discard,discard,discard,2 Dimensions
110,720,4_1,6,Child,round_4,74,2,bracket,far,same,yes,yes,0,0,0.25,0.75,low,0.125,0.74,2D,2D,pair,iterate,pair,0.09,0.09,0.82,NA,NA,NA,NA,NA,NA,NA,0.32,0.68,0.96,0.02,0.02,0.96,0.17,2,0.68,0.96,1.64,0.13,bracket,far,mix,pure,learn_gen,bracket_bracket,11,4,15,7.5,0.83,0.25,Tail-recursive,0.25,0,0,0,0.96,0.68,0.02,0.02,0.96,0.68,0.02,0.02,0.96,0.78,Tail-recursive,0.089,0.087,0.82,NA,0.96,0.02,0.02,0.02,0.09,0.74,0,Child_31,2D,F,2.8,7,0.5,no,far_same,discard,Far (Related),discard,discard,discard,discard,Child (6 item),discard,Child (Bracket),Child (Bracket),discard,discard,discard,Human Child,discard,discard,discard,discard,discard,discard,discard,discard,discard,discard,discard,discard,discard,discard,discard,discard,discard,discard,Child (2 Dimensions),High Load,Far (Same),Far,discard,discard,discard,discard,discard,discard,discard,discard,2 Dimensions
111,721,5_1,6,Child,round_4,69,4,bracket,far,same,yes,yes,0,0,0.11,0.89,low,0.375,0.43,2D,2D,pair,iterate,pair,0.19,0.19,0.62,NA,NA,NA,NA,NA,NA,NA,0.49,0.51,0.96,0.02,0.02,0.96,0.24,2,0.51,0.96,1.47,0.28,bracket,far,mix,pure,learn_gen,bracket_bracket,22,25,47,23.5,0.76,0.11,Tail-recursive,0.11,0,0,0,0.96,0.51,0.02,0.02,0.96,0.51,0.02,0.02,0.96,0.59,Tail-recursive,0.191,0.187,0.62,NA,0.96,0.02,0.02,0.02,0.19,0.43,0,Child_32,2D,M,0.9,-3,-0.1,no,far_same,discard,Far (Related),discard,discard,discard,discard,Child (6 item),discard,Child (Bracket),Child (Bracket),discard,discard,discard,Human Child,discard,discard,discard,discard,discard,discard,discard,discard,discard,discard,discard,discard,discard,discard,discard,discard,discard,discard,Child (2 Dimensions),High Load,Far (Same),Far,discard,discard,discard,discard,discard,discard,discard,discard,2 Dimensions
112,722,6_1,6,Child,round_4,68,2,bracket,far,same,yes,yes,0,0.13,0,0.88,low,0.125,0.45,2D,2D,queue,iterate,queue,0.18,0.63,0.19,NA,NA,NA,NA,NA,NA,NA,0.64,0.36,0.28,0.43,0.29,0.64,0.24,1,0.64,0.43,1.07,0.28,bracket,far,mix,pure,learn_gen,bracket_bracket,29,10,39,19.5,0.76,0.13,Serial-crossed,0.13,0,0,0,0.64,0.36,0.43,0.29,0.64,0.36,0.29,0.43,0.64,0.6,Serial-crossed,0.184,0.631,0.19,NA,0.64,0.36,0,0,0.18,0.45,0,Child_33,2D,F,2.9,19,0.5,no,far_same,discard,Far (Related),discard,discard,discard,discard,Child (6 item),discard,Child (Bracket),Child (Bracket),discard,discard,discard,Human Child,discard,discard,discard,discard,discard,discard,discard,discard,discard,discard,discard,discard,discard,discard,discard,discard,discard,discard,Child (2 Dimensions),High Load,Far (Same),Far,discard,discard,discard,discard,discard,discard,discard,discard,2 Dimensions
113,723,7_1,6,Child,round_4,68,2,bracket,far,same,yes,yes,0,0,0.22,0.78,high,0.625,0.73,2D,2D,pair,iterate,pair,0.09,0.08,0.83,NA,NA,NA,NA,NA,NA,NA,0.35,0.65,0.95,0.02,0.02,0.95,0.18,2,0.65,0.95,1.6,0.13,bracket,far,mix,pure,learn_gen,bracket_bracket,4,6,10,5,0.82,0.22,Tail-recursive,0.22,0,0,0,0.95,0.65,0.02,0.02,0.95,0.65,0.02,0.02,0.95,0.78,Tail-recursive,0.091,0.083,0.83,NA,0.95,0.02,0.02,0.02,0.09,0.73,0,Child_34,2D,M,0.7,-2,-0.2,no,far_same,discard,Far (Related),discard,discard,discard,discard,Child (6 item),discard,Child (Bracket),Child (Bracket),discard,discard,discard,Human Child,discard,discard,discard,discard,discard,discard,discard,discard,discard,discard,discard,discard,discard,discard,discard,discard,discard,discard,Child (2 Dimensions),High Load,Far (Same),Far,discard,discard,discard,discard,discard,discard,discard,discard,2 Dimensions
114,724,8_1,6,Child,round_4,68,4,bracket,far,same,yes,yes,0,0.11,0.11,0.78,high,0.875,0,not 2D,1D,pair,iterate,iterate,0.15,0.42,0.43,NA,NA,NA,NA,NA,NA,NA,0.63,0.37,0.37,0.37,0.26,0.63,0.35,1,0.63,0.37,1,0.63,bracket,far,mix,pure,learn_gen,bracket_bracket,3,3,6,3,0.65,0.11,Serial-crossed,0.11,0,0,0,0.63,0.37,0.37,0.26,0.63,0.37,0.26,0.37,0.63,0.32,Serial-crossed,0.147,0.424,0.43,NA,0.63,0.37,0,0,0.15,0.63,0,Child_35,iterate,M,1,0,0,no,far_same,discard,Far (Related),discard,discard,discard,discard,Child (6 item),discard,Child (Bracket),Child (Bracket),discard,discard,discard,Human Child,discard,discard,discard,discard,discard,discard,discard,discard,discard,discard,discard,discard,discard,discard,discard,discard,discard,discard,Child (2 Dimensions),High Load,Far (Same),Far,discard,discard,discard,discard,discard,discard,discard,discard,2 Dimensions
115,725,9_1,6,Child,round_4,68,3,bracket,far,same,yes,yes,0.22,0.33,0,0.44,low,0.25,0.23,not 2D,1D,queue,iterate,iterate,0.36,0.59,0.05,NA,NA,NA,NA,NA,NA,NA,0.98,0.02,0.08,0.62,0.31,0.98,0.36,1,0.98,0.62,1.6,0.98,bracket,far,mix,pure,learn_gen,bracket_bracket,10,4,14,7,0.64,0.33,Serial-crossed,0.33,0,0,0,0.98,0.02,0.62,0.31,0.98,0.02,0.31,0.62,0.98,0.43,Serial-crossed,0.363,0.59,0.05,NA,0.98,0.02,0,0,0.23,0.98,0,Child_36,iterate,M,2.5,6,0.4,no,far_same,discard,Far (Related),discard,discard,discard,discard,Child (6 item),discard,Child (Bracket),Child (Bracket),discard,discard,discard,Human Child,discard,discard,discard,discard,discard,discard,discard,discard,discard,discard,discard,discard,discard,discard,discard,discard,discard,discard,Child (2 Dimensions),High Load,Far (Same),Far,discard,discard,discard,discard,discard,discard,discard,discard,2 Dimensions
116,726,10_1,6,Child,round_4,66,2,bracket,far,same,yes,yes,0,0,0.11,0.89,low,0.375,0.43,2D,2D,pair,iterate,pair,0.19,0.18,0.63,NA,NA,NA,NA,NA,NA,NA,0.49,0.51,0.8,0.1,0.1,0.8,0.24,2,0.51,0.8,1.31,0.28,bracket,far,mix,pure,learn_gen,bracket_bracket,12,13,25,12.5,0.76,0.11,Tail-recursive,0.11,0,0,0,0.8,0.51,0.1,0.1,0.8,0.51,0.1,0.1,0.8,0.6,Tail-recursive,0.192,0.181,0.63,NA,0.8,0.1,0.1,0.1,0.19,0.43,0,Child_37,2D,F,0.9,-1,0,no,far_same,discard,Far (Related),discard,discard,discard,discard,Child (6 item),discard,Child (Bracket),Child (Bracket),discard,discard,discard,Human Child,discard,discard,discard,discard,discard,discard,discard,discard,discard,discard,discard,discard,discard,discard,discard,discard,discard,discard,Child (2 Dimensions),High Load,Far (Same),Far,discard,discard,discard,discard,discard,discard,discard,discard,2 Dimensions
117,727,11_1,6,Child,round_4,66,4,bracket,far,same,yes,yes,0,0,0,1,low,0.25,0.01,not 2D,1D,stack,iterate,iterate,0.34,0.32,0.34,NA,NA,NA,NA,NA,NA,NA,0.5,0.5,0.98,0.01,0.01,0.98,0.23,2,0.5,0.98,1.48,0.98,bracket,far,mix,pure,learn_gen,bracket_bracket,8,13,21,10.5,0.77,0,Serial-crossed,0,0,0,0,0.98,0.5,0.01,0.01,0.98,0.5,0.01,0.01,0.98,0.39,Center-embedded,0.342,0.323,0.34,NA,0.98,0.01,0.01,0.01,0.01,0.98,0,Child_38,iterate,M,0.6,-5,-0.2,no,far_same,discard,Far (Related),discard,discard,discard,discard,Child (6 item),discard,Child (Bracket),Child (Bracket),discard,discard,discard,Human Child,discard,discard,discard,discard,discard,discard,discard,discard,discard,discard,discard,discard,discard,discard,discard,discard,discard,discard,Child (2 Dimensions),High Load,Far (Same),Far,discard,discard,discard,discard,discard,discard,discard,discard,2 Dimensions
118,728,12_1,6,Child,round_4,66,3,bracket,far,same,yes,yes,0.11,0.22,0,0.67,high,0.5,0.39,2D,2D,queue,iterate,queue,0.26,0.65,0.08,NA,NA,NA,NA,NA,NA,NA,0.81,0.19,0.17,0.56,0.26,0.81,0.34,1,0.81,0.56,1.37,0.31,bracket,far,mix,pure,learn_gen,bracket_bracket,16,4,20,10,0.66,0.22,Serial-crossed,0.22,0,0,0,0.81,0.19,0.56,0.26,0.81,0.19,0.26,0.56,0.81,0.52,Serial-crossed,0.264,0.651,0.08,NA,0.81,0.19,0,0,0.26,0.39,0,Child_39,2D,M,4,12,0.6,no,far_same,discard,Far (Related),discard,discard,discard,discard,Child (6 item),discard,Child (Bracket),Child (Bracket),discard,discard,discard,Human Child,discard,discard,discard,discard,discard,discard,discard,discard,discard,discard,discard,discard,discard,discard,discard,discard,discard,discard,Child (2 Dimensions),High Load,Far (Same),Far,discard,discard,discard,discard,discard,discard,discard,discard,2 Dimensions
119,729,13_1,6,Child,round_4,66,4,bracket,far,same,yes,yes,0,0.13,0.25,0.63,high,0.625,0.4,2D,2D,pair,iterate,pair,0.08,0.26,0.66,NA,NA,NA,NA,NA,NA,NA,0.35,0.65,0.84,0.11,0.05,0.84,0.35,2,0.65,0.84,1.5,0.3,bracket,far,mix,pure,learn_gen,bracket_bracket,3,7,10,5,0.65,0.25,Tail-recursive,0.25,0,0,0,0.84,0.65,0.11,0.05,0.84,0.65,0.05,0.11,0.84,0.53,Tail-recursive,0.084,0.256,0.66,NA,0.84,0.11,0.11,0.05,0.08,0.4,0,Child_40,2D,M,0.4,-4,-0.4,no,far_same,discard,Far (Related),discard,discard,discard,discard,Child (6 item),discard,Child (Bracket),Child (Bracket),discard,discard,discard,Human Child,discard,discard,discard,discard,discard,discard,discard,discard,discard,discard,discard,discard,discard,discard,discard,discard,discard,discard,Child (2 Dimensions),High Load,Far (Same),Far,discard,discard,discard,discard,discard,discard,discard,discard,2 Dimensions
120,730,15_1,6,Child,round_4,64,3,bracket,far,same,yes,yes,0,0,0.22,0.78,low,0.25,0.73,2D,2D,pair,iterate,pair,0.09,0.09,0.82,NA,NA,NA,NA,NA,NA,NA,0.35,0.65,0.96,0.02,0.02,0.96,0.17,2,0.65,0.96,1.61,0.14,bracket,far,mix,pure,learn_gen,bracket_bracket,6,4,10,5,0.83,0.22,Tail-recursive,0.22,0,0,0,0.96,0.65,0.02,0.02,0.96,0.65,0.02,0.02,0.96,0.78,Tail-recursive,0.093,0.088,0.82,NA,0.96,0.02,0.02,0.02,0.09,0.73,0,Child_41,2D,M,1.5,2,0.2,no,far_same,discard,Far (Related),discard,discard,discard,discard,Child (6 item),discard,Child (Bracket),Child (Bracket),discard,discard,discard,Human Child,discard,discard,discard,discard,discard,discard,discard,discard,discard,discard,discard,discard,discard,discard,discard,discard,discard,discard,Child (2 Dimensions),High Load,Far (Same),Far,discard,discard,discard,discard,discard,discard,discard,discard,2 Dimensions
121,731,16_1,6,Child,round_4,66,4,bracket,far,same,yes,yes,0,0,0.13,0.88,low,0.375,0.45,2D,2D,pair,iterate,pair,0.18,0.18,0.64,NA,NA,NA,NA,NA,NA,NA,0.48,0.52,0.89,0.05,0.05,0.89,0.24,2,0.52,0.89,1.42,0.27,bracket,far,mix,pure,learn_gen,bracket_bracket,3,4,7,3.5,0.76,0.13,Tail-recursive,0.13,0,0,0,0.89,0.52,0.05,0.05,0.89,0.52,0.05,0.05,0.89,0.61,Tail-recursive,0.183,0.18,0.64,NA,0.89,0.05,0.05,0.05,0.18,0.45,0,Child_42,2D,F,0.8,-1,-0.1,no,far_same,discard,Far (Related),discard,discard,discard,discard,Child (6 item),discard,Child (Bracket),Child (Bracket),discard,discard,discard,Human Child,discard,discard,discard,discard,discard,discard,discard,discard,discard,discard,discard,discard,discard,discard,discard,discard,discard,discard,Child (2 Dimensions),High Load,Far (Same),Far,discard,discard,discard,discard,discard,discard,discard,discard,2 Dimensions
122,732,17_1,6,Child,round_4,66,4,bracket,far,same,yes,yes,0,1,0,0,high,0.875,0.96,2D,2D,queue,iterate,queue,0.01,0.98,0.01,NA,NA,NA,NA,NA,NA,NA,0.99,0.01,0.01,0.97,0.01,0.99,0.02,1,0.99,0.97,1.96,0.02,bracket,far,mix,pure,learn_gen,bracket_bracket,4,4,8,4,0.98,1,Serial-crossed,1,0,0,0,0.99,0.01,0.97,0.01,0.99,0.01,0.01,0.97,0.99,0.97,Serial-crossed,0.012,0.975,0.01,NA,0.99,0.01,0,0,0.01,0.96,0,Child_43,2D,F,1,0,0,no,far_same,discard,Far (Related),discard,discard,discard,discard,Child (6 item),discard,Child (Bracket),Child (Bracket),discard,discard,discard,Human Child,discard,discard,discard,discard,discard,discard,discard,discard,discard,discard,discard,discard,discard,discard,discard,discard,discard,discard,Child (2 Dimensions),High Load,Far (Same),Far,discard,discard,discard,discard,discard,discard,discard,discard,2 Dimensions
123,733,18_1,6,Child,round_4,65,4,bracket,far,same,yes,yes,0.56,0.11,0,0.33,high,0.75,0.72,2D,2D,stack,iterate,stack,0.85,0.12,0.03,NA,NA,NA,NA,NA,NA,NA,0.99,0.01,0.04,0.08,0.88,0.99,0.14,1,0.99,0.88,1.87,0.14,bracket,far,mix,pure,learn_gen,bracket_bracket,9,4,13,6.5,0.86,0.11,Serial-crossed,0.56,0,0,0,0.99,0.01,0.08,0.88,0.99,0.01,0.88,0.08,0.99,0.79,Center-embedded,0.846,0.123,0.03,NA,0.99,0.01,0,0,0.72,0.72,1,Child_44,2D,M,2.3,5,0.4,yes,far_same,discard,Far (Related),discard,discard,discard,discard,Child (6 item),discard,Child (Bracket),Child (Bracket),discard,discard,discard,Human Child,discard,discard,discard,discard,discard,discard,discard,discard,discard,discard,discard,discard,discard,discard,discard,discard,discard,discard,Child (2 Dimensions),High Load,Far (Same),Far,discard,discard,discard,discard,discard,discard,discard,discard,2 Dimensions
124,734,19_1,6,Child,round_4,65,3,bracket,far,same,yes,yes,0,0,0,1,high,1,0.01,not 2D,1D,stack,iterate,iterate,0.34,0.33,0.33,NA,NA,NA,NA,NA,NA,NA,0.47,0.53,0.94,0.03,0.03,0.94,0.23,2,0.53,0.94,1.47,0.94,bracket,far,mix,pure,learn_gen,bracket_bracket,3,4,7,3.5,0.77,0,Serial-crossed,0,0,0,0,0.94,0.53,0.03,0.03,0.94,0.53,0.03,0.03,0.94,0.39,Center-embedded,0.342,0.327,0.33,NA,0.94,0.03,0.03,0.03,0.01,0.94,0,Child_45,iterate,M,0.8,-1,-0.1,no,far_same,discard,Far (Related),discard,discard,discard,discard,Child (6 item),discard,Child (Bracket),Child (Bracket),discard,discard,discard,Human Child,discard,discard,discard,discard,discard,discard,discard,discard,discard,discard,discard,discard,discard,discard,discard,discard,discard,discard,Child (2 Dimensions),High Load,Far (Same),Far,discard,discard,discard,discard,discard,discard,discard,discard,2 Dimensions
125,735,20_1,6,Child,round_4,66,4,bracket,far,same,yes,yes,0.22,0.11,0,0.67,high,0.5,0.4,2D,2D,stack,iterate,stack,0.66,0.25,0.09,NA,NA,NA,NA,NA,NA,NA,0.98,0.02,0.24,0.24,0.52,0.98,0.34,1,0.98,0.52,1.5,0.3,bracket,far,mix,pure,learn_gen,bracket_bracket,8,3,11,5.5,0.66,0.11,Serial-crossed,0.22,0,0,0,0.98,0.02,0.24,0.52,0.98,0.02,0.52,0.24,0.98,0.53,Center-embedded,0.658,0.254,0.09,NA,0.98,0.02,0,0,0.4,0.4,1,Child_46,2D,M,2.7,5,0.5,yes,far_same,discard,Far (Related),discard,discard,discard,discard,Child (6 item),discard,Child (Bracket),Child (Bracket),discard,discard,discard,Human Child,discard,discard,discard,discard,discard,discard,discard,discard,discard,discard,discard,discard,discard,discard,discard,discard,discard,discard,Child (2 Dimensions),High Load,Far (Same),Far,discard,discard,discard,discard,discard,discard,discard,discard,2 Dimensions
126,838,6539,6,Adult,NA,NA,NA,bracket,far,same,yes,yes,0.88,0,0,0.13,high,0.875,0.94,2D,2D,stack,iterate,stack,0.96,0.02,0.02,NA,NA,NA,NA,NA,NA,NA,0.99,0.01,0.02,0.02,0.96,0.99,0.03,1,0.99,0.96,1.95,0.03,bracket,far,mix,pure,learn_gen,bracket_bracket,3,4,7,3.5,0.97,0,Serial-crossed,0.88,0,0,0,0.99,0.01,0.02,0.96,0.99,0.01,0.96,0.02,0.99,0.96,Center-embedded,0.962,0.019,0.02,NA,0.99,0.01,0,0,0.94,0.94,1,NA,2D,NA,0.8,-1,-0.1,yes,far_same,discard,Far (Related),discard,discard,discard,discard,Adult (6 item),discard,Adult (Bracket),Adult (Bracket),discard,discard,discard,Human Adult,discard,discard,discard,discard,discard,discard,discard,discard,discard,discard,discard,discard,discard,discard,discard,discard,discard,discard,Adult (2 Dimensions),High Load,Far (Same),Far,discard,discard,discard,discard,discard,discard,discard,discard,2 Dimensions
127,839,6540,6,Adult,NA,NA,NA,bracket,far,same,yes,yes,0.13,0,0,0.88,high,0.625,0.45,2D,2D,stack,iterate,stack,0.63,0.19,0.18,NA,NA,NA,NA,NA,NA,NA,0.99,0.01,0.28,0.28,0.44,0.99,0.24,1,0.99,0.44,1.43,0.28,bracket,far,mix,pure,learn_gen,bracket_bracket,4,3,7,3.5,0.76,0,Serial-crossed,0.13,0,0,0,0.99,0.01,0.28,0.44,0.99,0.01,0.44,0.28,0.99,0.6,Center-embedded,0.635,0.185,0.18,NA,0.99,0.01,0,0,0.45,0.45,1,NA,2D,NA,1.3,1,0.1,yes,far_same,discard,Far (Related),discard,discard,discard,discard,Adult (6 item),discard,Adult (Bracket),Adult (Bracket),discard,discard,discard,Human Adult,discard,discard,discard,discard,discard,discard,discard,discard,discard,discard,discard,discard,discard,discard,discard,discard,discard,discard,Adult (2 Dimensions),High Load,Far (Same),Far,discard,discard,discard,discard,discard,discard,discard,discard,2 Dimensions
128,840,6541,6,Adult,NA,NA,NA,bracket,far,same,yes,yes,0.89,0,0,0.11,high,1,0.95,2D,2D,stack,iterate,stack,0.97,0.02,0.02,NA,NA,NA,NA,NA,NA,NA,0.99,0.01,0.02,0.02,0.96,0.99,0.02,1,0.99,0.96,1.95,0.03,bracket,far,mix,pure,learn_gen,bracket_bracket,4,3,7,3.5,0.98,0,Serial-crossed,0.89,0,0,0,0.99,0.01,0.02,0.96,0.99,0.01,0.96,0.02,0.99,0.96,Center-embedded,0.967,0.017,0.02,NA,0.99,0.01,0,0,0.95,0.95,1,NA,2D,NA,1.3,1,0.1,yes,far_same,discard,Far (Related),discard,discard,discard,discard,Adult (6 item),discard,Adult (Bracket),Adult (Bracket),discard,discard,discard,Human Adult,discard,discard,discard,discard,discard,discard,discard,discard,discard,discard,discard,discard,discard,discard,discard,discard,discard,discard,Adult (2 Dimensions),High Load,Far (Same),Far,discard,discard,discard,discard,discard,discard,discard,discard,2 Dimensions
129,841,6542,6,Adult,NA,NA,NA,bracket,far,same,yes,yes,0.89,0,0,0.11,high,1,0.95,2D,2D,stack,iterate,stack,0.97,0.02,0.02,NA,NA,NA,NA,NA,NA,NA,0.98,0.02,0.02,0.02,0.96,0.98,0.02,1,0.98,0.96,1.94,0.02,bracket,far,mix,pure,learn_gen,bracket_bracket,3,3,6,3,0.98,0,Serial-crossed,0.89,0,0,0,0.98,0.02,0.02,0.96,0.98,0.02,0.96,0.02,0.98,0.96,Center-embedded,0.967,0.016,0.02,NA,0.98,0.02,0,0,0.95,0.95,1,NA,2D,NA,1,0,0,yes,far_same,discard,Far (Related),discard,discard,discard,discard,Adult (6 item),discard,Adult (Bracket),Adult (Bracket),discard,discard,discard,Human Adult,discard,discard,discard,discard,discard,discard,discard,discard,discard,discard,discard,discard,discard,discard,discard,discard,discard,discard,Adult (2 Dimensions),High Load,Far (Same),Far,discard,discard,discard,discard,discard,discard,discard,discard,2 Dimensions
130,842,6543,6,Adult,NA,NA,NA,bracket,far,same,yes,yes,0.63,0,0,0.38,high,0.75,0.9,2D,2D,stack,iterate,stack,0.93,0.03,0.03,NA,NA,NA,NA,NA,NA,NA,0.97,0.03,0.04,0.08,0.88,0.97,0.05,1,0.97,0.88,1.85,0.05,bracket,far,mix,pure,learn_gen,bracket_bracket,3,10,13,6.5,0.95,0,Serial-crossed,0.63,0,0,0,0.97,0.03,0.08,0.88,0.97,0.03,0.88,0.08,0.97,0.93,Center-embedded,0.934,0.033,0.03,NA,0.97,0.03,0,0,0.9,0.9,1,NA,2D,NA,0.3,-7,-0.5,yes,far_same,discard,Far (Related),discard,discard,discard,discard,Adult (6 item),discard,Adult (Bracket),Adult (Bracket),discard,discard,discard,Human Adult,discard,discard,discard,discard,discard,discard,discard,discard,discard,discard,discard,discard,discard,discard,discard,discard,discard,discard,Adult (2 Dimensions),High Load,Far (Same),Far,discard,discard,discard,discard,discard,discard,discard,discard,2 Dimensions
131,843,6544,6,Adult,NA,NA,NA,bracket,far,same,yes,yes,1,0,0,0,high,1,0.96,2D,2D,stack,iterate,stack,0.98,0.01,0.01,NA,NA,NA,NA,NA,NA,NA,0.99,0.01,0.01,0.01,0.97,0.99,0.02,1,0.99,0.97,1.96,0.02,bracket,far,mix,pure,learn_gen,bracket_bracket,4,3,7,3.5,0.98,0,Serial-crossed,1,0,0,0,0.99,0.01,0.01,0.97,0.99,0.01,0.97,0.01,0.99,0.97,Center-embedded,0.975,0.012,0.01,NA,0.99,0.01,0,0,0.96,0.96,1,NA,2D,NA,1.3,1,0.1,yes,far_same,discard,Far (Related),discard,discard,discard,discard,Adult (6 item),discard,Adult (Bracket),Adult (Bracket),discard,discard,discard,Human Adult,discard,discard,discard,discard,discard,discard,discard,discard,discard,discard,discard,discard,discard,discard,discard,discard,discard,discard,Adult (2 Dimensions),High Load,Far (Same),Far,discard,discard,discard,discard,discard,discard,discard,discard,2 Dimensions
132,844,6545,6,Adult,NA,NA,NA,bracket,far,same,yes,yes,1,0,0,0,high,0.875,0.97,2D,2D,stack,iterate,stack,0.98,0.01,0.01,NA,NA,NA,NA,NA,NA,NA,0.99,0.01,0.01,0.01,0.98,0.99,0.01,1,0.99,0.98,1.97,0.02,bracket,far,mix,pure,learn_gen,bracket_bracket,4,3,7,3.5,0.99,0,Serial-crossed,1,0,0,0,0.99,0.01,0.01,0.98,0.99,0.01,0.98,0.01,0.99,0.98,Center-embedded,0.978,0.011,0.01,NA,0.99,0.01,0,0,0.97,0.97,1,NA,2D,NA,1.3,1,0.1,yes,far_same,discard,Far (Related),discard,discard,discard,discard,Adult (6 item),discard,Adult (Bracket),Adult (Bracket),discard,discard,discard,Human Adult,discard,discard,discard,discard,discard,discard,discard,discard,discard,discard,discard,discard,discard,discard,discard,discard,discard,discard,Adult (2 Dimensions),High Load,Far (Same),Far,discard,discard,discard,discard,discard,discard,discard,discard,2 Dimensions
133,845,6546,6,Adult,NA,NA,NA,bracket,far,same,yes,yes,1,0,0,0,high,1,0.97,2D,2D,stack,iterate,stack,0.98,0.01,0.01,NA,NA,NA,NA,NA,NA,NA,0.99,0.01,0.01,0.01,0.98,0.99,0.01,1,0.99,0.98,1.96,0.02,bracket,far,mix,pure,learn_gen,bracket_bracket,3,3,6,3,0.99,0,Serial-crossed,1,0,0,0,0.99,0.01,0.01,0.98,0.99,0.01,0.98,0.01,0.99,0.98,Center-embedded,0.978,0.011,0.01,NA,0.99,0.01,0,0,0.97,0.97,1,NA,2D,NA,1,0,0,yes,far_same,discard,Far (Related),discard,discard,discard,discard,Adult (6 item),discard,Adult (Bracket),Adult (Bracket),discard,discard,discard,Human Adult,discard,discard,discard,discard,discard,discard,discard,discard,discard,discard,discard,discard,discard,discard,discard,discard,discard,discard,Adult (2 Dimensions),High Load,Far (Same),Far,discard,discard,discard,discard,discard,discard,discard,discard,2 Dimensions
134,846,6547,6,Adult,NA,NA,NA,bracket,far,same,yes,yes,0.56,0,0,0.44,high,0.875,0.9,2D,2D,stack,iterate,stack,0.93,0.03,0.03,NA,NA,NA,NA,NA,NA,NA,0.99,0.01,0.04,0.04,0.92,0.99,0.05,1,0.99,0.92,1.91,0.05,bracket,far,mix,pure,learn_gen,bracket_bracket,4,3,7,3.5,0.95,0,Serial-crossed,0.56,0,0,0,0.99,0.01,0.04,0.92,0.99,0.01,0.92,0.04,0.99,0.92,Center-embedded,0.931,0.035,0.03,NA,0.99,0.01,0,0,0.9,0.9,1,NA,2D,NA,1.3,1,0.1,yes,far_same,discard,Far (Related),discard,discard,discard,discard,Adult (6 item),discard,Adult (Bracket),Adult (Bracket),discard,discard,discard,Human Adult,discard,discard,discard,discard,discard,discard,discard,discard,discard,discard,discard,discard,discard,discard,discard,discard,discard,discard,Adult (2 Dimensions),High Load,Far (Same),Far,discard,discard,discard,discard,discard,discard,discard,discard,2 Dimensions
135,847,6548,6,Adult,NA,NA,NA,bracket,far,same,yes,yes,1,0,0,0,high,1,0.96,2D,2D,stack,iterate,stack,0.98,0.01,0.01,NA,NA,NA,NA,NA,NA,NA,0.99,0.01,0.01,0.01,0.98,0.99,0.02,1,0.99,0.98,1.96,0.02,bracket,far,mix,pure,learn_gen,bracket_bracket,8,9,17,8.5,0.98,0,Serial-crossed,1,0,0,0,0.99,0.01,0.01,0.98,0.99,0.01,0.98,0.01,0.99,0.97,Center-embedded,0.976,0.012,0.01,NA,0.99,0.01,0,0,0.96,0.96,1,NA,2D,NA,0.9,-1,-0.1,yes,far_same,discard,Far (Related),discard,discard,discard,discard,Adult (6 item),discard,Adult (Bracket),Adult (Bracket),discard,discard,discard,Human Adult,discard,discard,discard,discard,discard,discard,discard,discard,discard,discard,discard,discard,discard,discard,discard,discard,discard,discard,Adult (2 Dimensions),High Load,Far (Same),Far,discard,discard,discard,discard,discard,discard,discard,discard,2 Dimensions
136,848,6549,6,Adult,NA,NA,NA,bracket,far,same,yes,yes,0.13,0.5,0,0.38,high,0.875,0.66,2D,2D,queue,iterate,queue,0.15,0.81,0.04,NA,NA,NA,NA,NA,NA,NA,0.99,0.01,0.05,0.84,0.11,0.99,0.19,1,0.99,0.84,1.82,0.17,bracket,far,mix,pure,learn_gen,bracket_bracket,3,4,7,3.5,0.81,0.5,Serial-crossed,0.5,0,0,0,0.99,0.01,0.84,0.11,0.99,0.01,0.11,0.84,0.99,0.73,Serial-crossed,0.152,0.809,0.04,NA,0.99,0.01,0,0,0.15,0.66,0,NA,2D,NA,0.8,-1,-0.1,no,far_same,discard,Far (Related),discard,discard,discard,discard,Adult (6 item),discard,Adult (Bracket),Adult (Bracket),discard,discard,discard,Human Adult,discard,discard,discard,discard,discard,discard,discard,discard,discard,discard,discard,discard,discard,discard,discard,discard,discard,discard,Adult (2 Dimensions),High Load,Far (Same),Far,discard,discard,discard,discard,discard,discard,discard,discard,2 Dimensions
137,849,6550,6,Adult,NA,NA,NA,bracket,far,same,yes,yes,0.44,0,0,0.56,high,0.875,0.87,2D,2D,stack,iterate,stack,0.91,0.04,0.04,NA,NA,NA,NA,NA,NA,NA,0.99,0.01,0.06,0.06,0.88,0.99,0.07,1,0.99,0.88,1.87,0.07,bracket,far,mix,pure,learn_gen,bracket_bracket,3,4,7,3.5,0.93,0,Serial-crossed,0.44,0,0,0,0.99,0.01,0.06,0.88,0.99,0.01,0.88,0.06,0.99,0.9,Center-embedded,0.912,0.044,0.04,NA,0.99,0.01,0,0,0.87,0.87,1,NA,2D,NA,0.8,-1,-0.1,yes,far_same,discard,Far (Related),discard,discard,discard,discard,Adult (6 item),discard,Adult (Bracket),Adult (Bracket),discard,discard,discard,Human Adult,discard,discard,discard,discard,discard,discard,discard,discard,discard,discard,discard,discard,discard,discard,discard,discard,discard,discard,Adult (2 Dimensions),High Load,Far (Same),Far,discard,discard,discard,discard,discard,discard,discard,discard,2 Dimensions
138,850,6551,6,Adult,NA,NA,NA,bracket,far,same,yes,yes,1,0,0,0,high,1,0.97,2D,2D,stack,iterate,stack,0.98,0.01,0.01,NA,NA,NA,NA,NA,NA,NA,0.99,0.01,0.01,0.01,0.98,0.99,0.01,1,0.99,0.98,1.97,0.02,bracket,far,mix,pure,learn_gen,bracket_bracket,3,3,6,3,0.99,0,Serial-crossed,1,0,0,0,0.99,0.01,0.01,0.98,0.99,0.01,0.98,0.01,0.99,0.98,Center-embedded,0.978,0.011,0.01,NA,0.99,0.01,0,0,0.97,0.97,1,NA,2D,NA,1,0,0,yes,far_same,discard,Far (Related),discard,discard,discard,discard,Adult (6 item),discard,Adult (Bracket),Adult (Bracket),discard,discard,discard,Human Adult,discard,discard,discard,discard,discard,discard,discard,discard,discard,discard,discard,discard,discard,discard,discard,discard,discard,discard,Adult (2 Dimensions),High Load,Far (Same),Far,discard,discard,discard,discard,discard,discard,discard,discard,2 Dimensions
139,851,6552,6,Adult,NA,NA,NA,bracket,far,same,yes,yes,0.25,0,0,0.75,high,0.75,0.74,2D,2D,stack,iterate,stack,0.83,0.09,0.08,NA,NA,NA,NA,NA,NA,NA,0.98,0.02,0.17,0.17,0.66,0.98,0.17,1,0.98,0.66,1.64,0.13,bracket,far,mix,pure,learn_gen,bracket_bracket,82,4,86,43,0.83,0,Serial-crossed,0.25,0,0,0,0.98,0.02,0.17,0.66,0.98,0.02,0.66,0.17,0.98,0.79,Center-embedded,0.829,0.086,0.08,NA,0.98,0.02,0,0,0.74,0.74,1,NA,2D,NA,20.5,78,0.9,yes,far_same,discard,Far (Related),discard,discard,discard,discard,Adult (6 item),discard,Adult (Bracket),Adult (Bracket),discard,discard,discard,Human Adult,discard,discard,discard,discard,discard,discard,discard,discard,discard,discard,discard,discard,discard,discard,discard,discard,discard,discard,Adult (2 Dimensions),High Load,Far (Same),Far,discard,discard,discard,discard,discard,discard,discard,discard,2 Dimensions
140,852,6553,6,Adult,NA,NA,NA,bracket,far,same,yes,yes,1,0,0,0,high,0.75,0.97,2D,2D,stack,iterate,stack,0.98,0.01,0.01,NA,NA,NA,NA,NA,NA,NA,0.99,0.01,0.01,0.01,0.98,0.99,0.01,1,0.99,0.98,1.97,0.02,bracket,far,mix,pure,learn_gen,bracket_bracket,4,3,7,3.5,0.99,0,Serial-crossed,1,0,0,0,0.99,0.01,0.01,0.98,0.99,0.01,0.98,0.01,0.99,0.98,Center-embedded,0.979,0.011,0.01,NA,0.99,0.01,0,0,0.97,0.97,1,NA,2D,NA,1.3,1,0.1,yes,far_same,discard,Far (Related),discard,discard,discard,discard,Adult (6 item),discard,Adult (Bracket),Adult (Bracket),discard,discard,discard,Human Adult,discard,discard,discard,discard,discard,discard,discard,discard,discard,discard,discard,discard,discard,discard,discard,discard,discard,discard,Adult (2 Dimensions),High Load,Far (Same),Far,discard,discard,discard,discard,discard,discard,discard,discard,2 Dimensions
141,853,6554,6,Adult,NA,NA,NA,bracket,far,same,yes,yes,1,0,0,0,high,1,0.97,2D,2D,stack,iterate,stack,0.98,0.01,0.01,NA,NA,NA,NA,NA,NA,NA,0.99,0.01,0.01,0.01,0.98,0.99,0.01,1,0.99,0.98,1.97,0.02,bracket,far,mix,pure,learn_gen,bracket_bracket,3,3,6,3,0.99,0,Serial-crossed,1,0,0,0,0.99,0.01,0.01,0.98,0.99,0.01,0.98,0.01,0.99,0.98,Center-embedded,0.978,0.011,0.01,NA,0.99,0.01,0,0,0.97,0.97,1,NA,2D,NA,1,0,0,yes,far_same,discard,Far (Related),discard,discard,discard,discard,Adult (6 item),discard,Adult (Bracket),Adult (Bracket),discard,discard,discard,Human Adult,discard,discard,discard,discard,discard,discard,discard,discard,discard,discard,discard,discard,discard,discard,discard,discard,discard,discard,Adult (2 Dimensions),High Load,Far (Same),Far,discard,discard,discard,discard,discard,discard,discard,discard,2 Dimensions
142,854,6555,6,Adult,NA,NA,NA,bracket,far,same,yes,yes,1,0,0,0,high,0.875,0.96,2D,2D,stack,iterate,stack,0.98,0.01,0.01,NA,NA,NA,NA,NA,NA,NA,0.99,0.01,0.01,0.01,0.98,0.99,0.02,1,0.99,0.98,1.96,0.02,bracket,far,mix,pure,learn_gen,bracket_bracket,4,4,8,4,0.98,0,Serial-crossed,1,0,0,0,0.99,0.01,0.01,0.98,0.99,0.01,0.98,0.01,0.99,0.97,Center-embedded,0.976,0.012,0.01,NA,0.99,0.01,0,0,0.96,0.96,1,NA,2D,NA,1,0,0,yes,far_same,discard,Far (Related),discard,discard,discard,discard,Adult (6 item),discard,Adult (Bracket),Adult (Bracket),discard,discard,discard,Human Adult,discard,discard,discard,discard,discard,discard,discard,discard,discard,discard,discard,discard,discard,discard,discard,discard,discard,discard,Adult (2 Dimensions),High Load,Far (Same),Far,discard,discard,discard,discard,discard,discard,discard,discard,2 Dimensions
143,855,6556,6,Adult,NA,NA,NA,bracket,far,same,yes,yes,0.56,0,0,0.44,high,0.625,0.89,2D,2D,stack,iterate,stack,0.93,0.04,0.03,NA,NA,NA,NA,NA,NA,NA,0.99,0.01,0.04,0.04,0.92,0.99,0.05,1,0.99,0.92,1.91,0.05,bracket,far,mix,pure,learn_gen,bracket_bracket,10,3,13,6.5,0.95,0,Serial-crossed,0.56,0,0,0,0.99,0.01,0.04,0.92,0.99,0.01,0.92,0.04,0.99,0.92,Center-embedded,0.93,0.035,0.03,NA,0.99,0.01,0,0,0.89,0.89,1,NA,2D,NA,3.3,7,0.5,yes,far_same,discard,Far (Related),discard,discard,discard,discard,Adult (6 item),discard,Adult (Bracket),Adult (Bracket),discard,discard,discard,Human Adult,discard,discard,discard,discard,discard,discard,discard,discard,discard,discard,discard,discard,discard,discard,discard,discard,discard,discard,Adult (2 Dimensions),High Load,Far (Same),Far,discard,discard,discard,discard,discard,discard,discard,discard,2 Dimensions
144,856,6558,6,Adult,NA,NA,NA,bracket,far,same,yes,yes,0.67,0.11,0,0.22,high,1,0.76,2D,2D,stack,iterate,stack,0.87,0.11,0.02,NA,NA,NA,NA,NA,NA,NA,0.99,0.01,0.03,0.07,0.9,0.99,0.1,1,0.99,0.9,1.89,0.12,bracket,far,mix,pure,learn_gen,bracket_bracket,5,3,8,4,0.9,0.11,Serial-crossed,0.67,0,0,0,0.99,0.01,0.07,0.9,0.99,0.01,0.9,0.07,0.99,0.83,Center-embedded,0.87,0.107,0.02,NA,0.99,0.01,0,0,0.76,0.76,1,NA,2D,NA,1.7,2,0.3,yes,far_same,discard,Far (Related),discard,discard,discard,discard,Adult (6 item),discard,Adult (Bracket),Adult (Bracket),discard,discard,discard,Human Adult,discard,discard,discard,discard,discard,discard,discard,discard,discard,discard,discard,discard,discard,discard,discard,discard,discard,discard,Adult (2 Dimensions),High Load,Far (Same),Far,discard,discard,discard,discard,discard,discard,discard,discard,2 Dimensions
145,857,6559,6,Adult,NA,NA,NA,bracket,far,same,yes,yes,1,0,0,0,high,0.875,0.96,2D,2D,stack,iterate,stack,0.98,0.01,0.01,NA,NA,NA,NA,NA,NA,NA,0.99,0.01,0.01,0.01,0.97,0.99,0.02,1,0.99,0.97,1.96,0.02,bracket,far,mix,pure,learn_gen,bracket_bracket,9,3,12,6,0.98,0,Serial-crossed,1,0,0,0,0.99,0.01,0.01,0.97,0.99,0.01,0.97,0.01,0.99,0.97,Center-embedded,0.975,0.012,0.01,NA,0.99,0.01,0,0,0.96,0.96,1,NA,2D,NA,3,6,0.5,yes,far_same,discard,Far (Related),discard,discard,discard,discard,Adult (6 item),discard,Adult (Bracket),Adult (Bracket),discard,discard,discard,Human Adult,discard,discard,discard,discard,discard,discard,discard,discard,discard,discard,discard,discard,discard,discard,discard,discard,discard,discard,Adult (2 Dimensions),High Load,Far (Same),Far,discard,discard,discard,discard,discard,discard,discard,discard,2 Dimensions
146,858,6560,6,Adult,NA,NA,NA,bracket,far,same,yes,yes,0.5,0,0,0.5,high,1,0.87,2D,2D,stack,iterate,stack,0.92,0.04,0.04,NA,NA,NA,NA,NA,NA,NA,0.99,0.01,0.05,0.05,0.9,0.99,0.07,1,0.99,0.9,1.88,0.06,bracket,far,mix,pure,learn_gen,bracket_bracket,3,3,6,3,0.93,0,Serial-crossed,0.5,0,0,0,0.99,0.01,0.05,0.9,0.99,0.01,0.9,0.05,0.99,0.9,Center-embedded,0.915,0.042,0.04,NA,0.99,0.01,0,0,0.87,0.87,1,NA,2D,NA,1,0,0,yes,far_same,discard,Far (Related),discard,discard,discard,discard,Adult (6 item),discard,Adult (Bracket),Adult (Bracket),discard,discard,discard,Human Adult,discard,discard,discard,discard,discard,discard,discard,discard,discard,discard,discard,discard,discard,discard,discard,discard,discard,discard,Adult (2 Dimensions),High Load,Far (Same),Far,discard,discard,discard,discard,discard,discard,discard,discard,2 Dimensions
147,859,6561,6,Adult,NA,NA,NA,bracket,far,same,yes,yes,0.67,0,0,0.33,high,1,0.92,2D,2D,stack,iterate,stack,0.95,0.03,0.03,NA,NA,NA,NA,NA,NA,NA,0.98,0.02,0.03,0.03,0.94,0.98,0.04,1,0.98,0.94,1.92,0.04,bracket,far,mix,pure,learn_gen,bracket_bracket,4,4,8,4,0.96,0,Serial-crossed,0.67,0,0,0,0.98,0.02,0.03,0.94,0.98,0.02,0.94,0.03,0.98,0.94,Center-embedded,0.945,0.027,0.03,NA,0.98,0.02,0,0,0.92,0.92,1,NA,2D,NA,1,0,0,yes,far_same,discard,Far (Related),discard,discard,discard,discard,Adult (6 item),discard,Adult (Bracket),Adult (Bracket),discard,discard,discard,Human Adult,discard,discard,discard,discard,discard,discard,discard,discard,discard,discard,discard,discard,discard,discard,discard,discard,discard,discard,Adult (2 Dimensions),High Load,Far (Same),Far,discard,discard,discard,discard,discard,discard,discard,discard,2 Dimensions
148,860,6562,6,Adult,NA,NA,NA,bracket,far,same,yes,yes,0.89,0,0,0.11,high,1,0.95,2D,2D,stack,iterate,stack,0.97,0.02,0.02,NA,NA,NA,NA,NA,NA,NA,0.99,0.01,0.02,0.02,0.96,0.99,0.02,1,0.99,0.96,1.95,0.03,bracket,far,mix,pure,learn_gen,bracket_bracket,3,4,7,3.5,0.98,0,Serial-crossed,0.89,0,0,0,0.99,0.01,0.02,0.96,0.99,0.01,0.96,0.02,0.99,0.96,Center-embedded,0.967,0.017,0.02,NA,0.99,0.01,0,0,0.95,0.95,1,NA,2D,NA,0.8,-1,-0.1,yes,far_same,discard,Far (Related),discard,discard,discard,discard,Adult (6 item),discard,Adult (Bracket),Adult (Bracket),discard,discard,discard,Human Adult,discard,discard,discard,discard,discard,discard,discard,discard,discard,discard,discard,discard,discard,discard,discard,discard,discard,discard,Adult (2 Dimensions),High Load,Far (Same),Far,discard,discard,discard,discard,discard,discard,discard,discard,2 Dimensions
149,861,6563,6,Adult,NA,NA,NA,bracket,far,same,yes,yes,1,0,0,0,high,1,0.96,2D,2D,stack,iterate,stack,0.98,0.01,0.01,NA,NA,NA,NA,NA,NA,NA,0.99,0.01,0.01,0.01,0.97,0.99,0.02,1,0.99,0.97,1.96,0.02,bracket,far,mix,pure,learn_gen,bracket_bracket,3,3,6,3,0.98,0,Serial-crossed,1,0,0,0,0.99,0.01,0.01,0.97,0.99,0.01,0.97,0.01,0.99,0.97,Center-embedded,0.976,0.012,0.01,NA,0.99,0.01,0,0,0.96,0.96,1,NA,2D,NA,1,0,0,yes,far_same,discard,Far (Related),discard,discard,discard,discard,Adult (6 item),discard,Adult (Bracket),Adult (Bracket),discard,discard,discard,Human Adult,discard,discard,discard,discard,discard,discard,discard,discard,discard,discard,discard,discard,discard,discard,discard,discard,discard,discard,Adult (2 Dimensions),High Load,Far (Same),Far,discard,discard,discard,discard,discard,discard,discard,discard,2 Dimensions
150,862,6564,6,Adult,NA,NA,NA,bracket,far,same,yes,yes,0.22,0.22,0,0.56,high,0.75,0,not 2D,1D,stack,iterate,iterate,0.47,0.47,0.07,NA,NA,NA,NA,NA,NA,NA,0.99,0.01,0.13,0.43,0.44,0.99,0.4,1,0.99,0.44,1.43,0.99,bracket,far,mix,pure,learn_gen,bracket_bracket,4,17,21,10.5,0.6,0.22,Serial-crossed,0.22,0,0,0,0.99,0.01,0.43,0.44,0.99,0.01,0.44,0.43,0.99,0.3,Center-embedded,0.468,0.466,0.07,NA,0.99,0.01,0,0,0,0.99,0,NA,iterate,NA,0.2,-13,-0.6,no,far_same,discard,Far (Related),discard,discard,discard,discard,Adult (6 item),discard,Adult (Bracket),Adult (Bracket),discard,discard,discard,Human Adult,discard,discard,discard,discard,discard,discard,discard,discard,discard,discard,discard,discard,discard,discard,discard,discard,discard,discard,Adult (2 Dimensions),High Load,Far (Same),Far,discard,discard,discard,discard,discard,discard,discard,discard,2 Dimensions
151,863,6566,6,Adult,NA,NA,NA,bracket,far,same,yes,yes,0.5,0,0,0.5,high,1,0.87,2D,2D,stack,iterate,stack,0.92,0.04,0.04,NA,NA,NA,NA,NA,NA,NA,0.99,0.01,0.05,0.05,0.89,0.99,0.07,1,0.99,0.89,1.88,0.06,bracket,far,mix,pure,learn_gen,bracket_bracket,3,3,6,3,0.93,0,Serial-crossed,0.5,0,0,0,0.99,0.01,0.05,0.89,0.99,0.01,0.89,0.05,0.99,0.9,Center-embedded,0.916,0.042,0.04,NA,0.99,0.01,0,0,0.87,0.87,1,NA,2D,NA,1,0,0,yes,far_same,discard,Far (Related),discard,discard,discard,discard,Adult (6 item),discard,Adult (Bracket),Adult (Bracket),discard,discard,discard,Human Adult,discard,discard,discard,discard,discard,discard,discard,discard,discard,discard,discard,discard,discard,discard,discard,discard,discard,discard,Adult (2 Dimensions),High Load,Far (Same),Far,discard,discard,discard,discard,discard,discard,discard,discard,2 Dimensions
152,864,6567,6,Adult,NA,NA,NA,bracket,far,same,yes,yes,0.78,0,0,0.22,high,1,0.93,2D,2D,stack,iterate,stack,0.96,0.02,0.02,NA,NA,NA,NA,NA,NA,NA,0.99,0.01,0.02,0.02,0.95,0.99,0.03,1,0.99,0.95,1.94,0.03,bracket,far,mix,pure,learn_gen,bracket_bracket,3,3,6,3,0.97,0,Serial-crossed,0.78,0,0,0,0.99,0.01,0.02,0.95,0.99,0.01,0.95,0.02,0.99,0.95,Center-embedded,0.956,0.022,0.02,NA,0.99,0.01,0,0,0.93,0.93,1,NA,2D,NA,1,0,0,yes,far_same,discard,Far (Related),discard,discard,discard,discard,Adult (6 item),discard,Adult (Bracket),Adult (Bracket),discard,discard,discard,Human Adult,discard,discard,discard,discard,discard,discard,discard,discard,discard,discard,discard,discard,discard,discard,discard,discard,discard,discard,Adult (2 Dimensions),High Load,Far (Same),Far,discard,discard,discard,discard,discard,discard,discard,discard,2 Dimensions
153,865,6568,6,Adult,NA,NA,NA,bracket,far,same,yes,yes,0.5,0,0,0.5,high,1,0.88,2D,2D,stack,iterate,stack,0.92,0.04,0.04,NA,NA,NA,NA,NA,NA,NA,0.99,0.01,0.05,0.05,0.9,0.99,0.07,1,0.99,0.9,1.88,0.06,bracket,far,mix,pure,learn_gen,bracket_bracket,3,4,7,3.5,0.93,0,Serial-crossed,0.5,0,0,0,0.99,0.01,0.05,0.9,0.99,0.01,0.9,0.05,0.99,0.9,Center-embedded,0.918,0.041,0.04,NA,0.99,0.01,0,0,0.88,0.88,1,NA,2D,NA,0.8,-1,-0.1,yes,far_same,discard,Far (Related),discard,discard,discard,discard,Adult (6 item),discard,Adult (Bracket),Adult (Bracket),discard,discard,discard,Human Adult,discard,discard,discard,discard,discard,discard,discard,discard,discard,discard,discard,discard,discard,discard,discard,discard,discard,discard,Adult (2 Dimensions),High Load,Far (Same),Far,discard,discard,discard,discard,discard,discard,discard,discard,2 Dimensions
154,866,6569,6,Adult,NA,NA,NA,bracket,far,same,yes,yes,0.67,0,0,0.33,high,0.875,0.92,2D,2D,stack,iterate,stack,0.94,0.03,0.03,NA,NA,NA,NA,NA,NA,NA,0.99,0.01,0.03,0.03,0.94,0.99,0.04,1,0.99,0.94,1.92,0.04,bracket,far,mix,pure,learn_gen,bracket_bracket,3,3,6,3,0.96,0,Serial-crossed,0.67,0,0,0,0.99,0.01,0.03,0.94,0.99,0.01,0.94,0.03,0.99,0.94,Center-embedded,0.944,0.027,0.03,NA,0.99,0.01,0,0,0.92,0.92,1,NA,2D,NA,1,0,0,yes,far_same,discard,Far (Related),discard,discard,discard,discard,Adult (6 item),discard,Adult (Bracket),Adult (Bracket),discard,discard,discard,Human Adult,discard,discard,discard,discard,discard,discard,discard,discard,discard,discard,discard,discard,discard,discard,discard,discard,discard,discard,Adult (2 Dimensions),High Load,Far (Same),Far,discard,discard,discard,discard,discard,discard,discard,discard,2 Dimensions
155,867,6570,6,Adult,NA,NA,NA,bracket,far,same,yes,yes,0.56,0,0.33,0.11,low,0.375,0.27,not 2D,1D,stack,iterate,iterate,0.63,0.02,0.35,NA,NA,NA,NA,NA,NA,NA,0.68,0.32,0.33,0.02,0.65,0.68,0.27,1,0.68,0.65,1.33,0.68,bracket,far,mix,pure,learn_gen,bracket_bracket,9,6,15,7.5,0.73,0.33,Tail-recursive,0.56,0,0,0,0.68,0.32,0.02,0.65,0.68,0.32,0.65,0.02,0.68,0.5,Center-embedded,0.626,0.021,0.35,NA,0.68,0.32,0,0,0.27,0.68,0,NA,iterate,NA,1.5,3,0.2,no,far_same,discard,Far (Related),discard,discard,discard,discard,Adult (6 item),discard,Adult (Bracket),Adult (Bracket),discard,discard,discard,Human Adult,discard,discard,discard,discard,discard,discard,discard,discard,discard,discard,discard,discard,discard,discard,discard,discard,discard,discard,Adult (2 Dimensions),High Load,Far (Same),Far,discard,discard,discard,discard,discard,discard,discard,discard,2 Dimensions