,num,sub,num_item,young_old,session_info,age,memory,stimulus,transfer_type,relational_domain,staircase_learning,box,center_embedded,serial_crossed,tail_recursive,other,accuracy_type,accuracy,p_hierarchical,twoD_or_not,dimension,type_2D,type_1D,type,stack,queue,pair,associative,iterate_1_4,alternate_1_4,palindrome_1_4,iterate_2_4,alternate_2_4,palindrome_2_4,iterate_1_6,alternate_1_6,iterate_2_6,seriate_2_6,palindrome_2_6,max_one_dim,noise,sensitivity,p_dim1,p_dim2,p_dimsum,p_linear,stimulus_full_name,extrapolation_type,X46_mix,domain_mix,order_condition,order_identity,trials_one,trials_two,total_trials,avg_trials,strength,second_largest,second_behavior_type,max_behavior,iterate_4,alternate_4,palindrome_4,iterate_6,alternate_6,seriate_6,palindrome_6,iterate,alternate,palindrome,seriate,max_linear,complexity,max_behavior_type,stack_raw,queue_raw,pair_raw,associative_raw,iterate_raw,alternate_raw,seriate_raw,palindrome_raw,tree_stack,p_mechanism,nested_tree,Unique_ID,twoD,gender,trial_ratio,trial_delta,relative_trial_delta,is_stack,generalization_type,g4_names,g9_names,g10_names,g11_names,graph_1,graph_2,graph_3,graph_4,graph_5,graph_6,graph_7,graph_8,graph_9,graph_10,graph_11,graph_12,graph_13,graph_14,graph_15,graph_16,graph_17,graph_18,g12_names,graph_19,g19_names,graph_20,g20_names,graph_21,g21_names,graph_22,g22_names,g22_transfer,graph_23,g23_names,g23_transfer,g23_1_transfer,graph_24,graph_25,graph_26,g26_names,graph_21_new,g20_names_new,graph_20_new,graph_20_newer,graph_23_new
1,137,3699,4,Child,round_4,64,3,bracket,near,same,yes,yes,0.88,0,0.13,0,high,0.75,0.91,2D,2D,stack,palindrome,stack,0.98,0.02,NA,0.04,0.93,0.04,0.03,0.04,0.03,0.93,NA,NA,NA,NA,NA,0.93,0.06,2,0.93,0.93,1.85,0.04,bracket,near,mix,pure,learn_gen,bracket_bracket,3,4,7,3.5,0.94,0.13,Tail-recursive,0.88,0.93,0.04,0.93,NA,NA,NA,NA,0.93,0.04,0.93,NA,0.93,0.93,Center-embedded,0.936,0.022,NA,0.04,0.04,0.03,0,0.93,0.89,0.91,1,Child_01,2D,F,0.8,-1,-0.1,yes,near,discard,Near,discard,discard,discard,discard,discard,discard,discard,Child (Bracket),discard,discard,discard,discard,discard,discard,discard,discard,discard,discard,discard,discard,discard,discard,discard,discard,discard,discard,discard,discard,discard,discard,Child (2 Dimensions),High Load,Near,Near,discard,discard,discard,discard,discard,discard,discard,discard,2 Dimensions
2,138,3701,4,Child,round_4,67,3,bracket,near,same,yes,yes,0.5,0.25,0.25,0,high,0.75,0.48,2D,2D,stack,iterate,stack,0.79,0.21,NA,0.18,0.83,0.1,0.07,0.22,0.21,0.57,NA,NA,NA,NA,NA,0.83,0.7,1,0.83,0.57,1.4,0.26,bracket,near,mix,pure,learn_gen,bracket_bracket,13,4,17,8.5,0.3,0.25,Serial-crossed,0.5,0.83,0.21,0.57,NA,NA,NA,NA,0.83,0.21,0.57,NA,0.83,0.39,Center-embedded,0.649,0.173,NA,0.18,0.83,0.1,0,0.07,0.47,0.48,1,Child_02,2D,F,3.3,9,0.5,yes,near,discard,Near,discard,discard,discard,discard,discard,discard,discard,Child (Bracket),discard,discard,discard,discard,discard,discard,discard,discard,discard,discard,discard,discard,discard,discard,discard,discard,discard,discard,discard,discard,discard,discard,Child (2 Dimensions),High Load,Near,Near,discard,discard,discard,discard,discard,discard,discard,discard,2 Dimensions
3,139,3703,4,Child,round_4,67,3,bracket,near,same,yes,yes,0.25,0.63,0.13,0,high,0.625,0.67,2D,2D,queue,iterate,queue,0.14,0.86,NA,0.07,0.93,0.04,0.03,0.12,0.74,0.14,NA,NA,NA,NA,NA,0.93,0.46,1,0.93,0.74,1.67,0.17,bracket,near,mix,pure,learn_gen,bracket_bracket,4,3,7,3.5,0.54,0.63,Serial-crossed,0.63,0.93,0.74,0.14,NA,NA,NA,NA,0.93,0.74,0.14,NA,0.93,0.6,Serial-crossed,0.134,0.799,NA,0.07,0.93,0.04,0,0.03,0.13,0.67,0,Child_03,2D,F,1.3,1,0.1,no,near,discard,Near,discard,discard,discard,discard,discard,discard,discard,Child (Bracket),discard,discard,discard,discard,discard,discard,discard,discard,discard,discard,discard,discard,discard,discard,discard,discard,discard,discard,discard,discard,discard,discard,Child (2 Dimensions),High Load,Near,Near,discard,discard,discard,discard,discard,discard,discard,discard,2 Dimensions
4,140,3705,4,Child,round_4,60,3,bracket,near,same,yes,yes,0.75,0.25,0,0,high,0.75,0.73,2D,2D,stack,iterate,stack,0.88,0.12,NA,0.03,0.97,0.02,0.02,0.07,0.1,0.83,NA,NA,NA,NA,NA,0.97,0.15,1,0.97,0.83,1.8,0.14,bracket,near,mix,pure,learn_gen,bracket_bracket,4,5,9,4.5,0.85,0.25,Serial-crossed,0.75,0.97,0.1,0.83,NA,NA,NA,NA,0.97,0.1,0.83,NA,0.97,0.79,Center-embedded,0.851,0.121,NA,0.03,0.97,0.02,0,0.02,0.73,0.73,1,Child_04,2D,F,0.8,-1,-0.1,yes,near,discard,Near,discard,discard,discard,discard,discard,discard,discard,Child (Bracket),discard,discard,discard,discard,discard,discard,discard,discard,discard,discard,discard,discard,discard,discard,discard,discard,discard,discard,discard,discard,discard,discard,Child (2 Dimensions),High Load,Near,Near,discard,discard,discard,discard,discard,discard,discard,discard,2 Dimensions
5,141,3707,4,Child,round_4,56,4,bracket,near,same,yes,yes,0.57,0,0.43,0,high,0.875,0.56,2D,2D,stack,palindrome,stack,0.93,0.07,NA,0.35,0.53,0.29,0.18,0.29,0.18,0.54,NA,NA,NA,NA,NA,0.54,0.33,2,0.53,0.54,1.07,0.22,bracket,near,mix,pure,learn_gen,bracket_bracket,9,3,12,6,0.67,0.43,Tail-recursive,0.57,0.53,0.29,0.54,NA,NA,NA,NA,0.53,0.29,0.54,NA,0.54,0.62,Center-embedded,0.607,0.048,NA,0.35,0.29,0.18,0,0.54,0.26,0.56,1,Child_05,2D,F,3,6,0.5,yes,near,discard,Near,discard,discard,discard,discard,discard,discard,discard,Child (Bracket),discard,discard,discard,discard,discard,discard,discard,discard,discard,discard,discard,discard,discard,discard,discard,discard,discard,discard,discard,discard,discard,discard,Child (2 Dimensions),High Load,Near,Near,discard,discard,discard,discard,discard,discard,discard,discard,2 Dimensions
6,142,3709,4,Child,round_4,43,2,bracket,near,same,yes,yes,1,0,0,0,low,0.375,0.96,2D,2D,stack,palindrome,stack,0.99,0.01,NA,0.01,0.97,0.02,0.02,0.02,0.02,0.97,NA,NA,NA,NA,NA,0.97,0.02,2,0.97,0.97,1.94,0.02,bracket,near,mix,pure,learn_gen,bracket_bracket,5,8,13,6.5,0.98,0,Serial-crossed,1,0.97,0.02,0.97,NA,NA,NA,NA,0.97,0.02,0.97,NA,0.97,0.97,Center-embedded,0.972,0.014,NA,0.01,0.02,0.02,0,0.97,0.96,0.96,1,Child_06,2D,M,0.6,-3,-0.2,yes,near,discard,Near,discard,discard,discard,discard,discard,discard,discard,Child (Bracket),discard,discard,discard,discard,discard,discard,discard,discard,discard,discard,discard,discard,discard,discard,discard,discard,discard,discard,discard,discard,discard,discard,Child (2 Dimensions),High Load,Near,Near,discard,discard,discard,discard,discard,discard,discard,discard,2 Dimensions
7,143,3711,4,Child,round_4,42,3,bracket,near,same,yes,yes,0,0.5,0,0.5,low,0.25,0.58,2D,2D,queue,alternate,queue,0.16,0.84,NA,0.14,0.52,0.19,0.3,0.07,0.87,0.07,NA,NA,NA,NA,NA,0.87,0.12,2,0.52,0.87,1.38,0.21,bracket,near,mix,pure,learn_gen,bracket_bracket,21,5,26,13,0.88,0.5,Serial-crossed,0.5,0.52,0.87,0.3,NA,NA,NA,NA,0.52,0.87,0.3,NA,0.87,0.73,Serial-crossed,0.141,0.721,NA,0.14,0.07,0.87,0,0.07,0.14,0.58,0,Child_07,2D,F,4.2,16,0.6,no,near,discard,Near,discard,discard,discard,discard,discard,discard,discard,Child (Bracket),discard,discard,discard,discard,discard,discard,discard,discard,discard,discard,discard,discard,discard,discard,discard,discard,discard,discard,discard,discard,discard,discard,Child (2 Dimensions),High Load,Near,Near,discard,discard,discard,discard,discard,discard,discard,discard,2 Dimensions
8,144,3737,4,Child,round_4,63,2,bracket,near,same,yes,yes,0.63,0.38,0,0,high,0.625,0.41,2D,2D,stack,iterate,stack,0.71,0.29,NA,0.03,0.97,0.02,0.02,0.14,0.21,0.65,NA,NA,NA,NA,NA,0.97,0.32,1,0.97,0.65,1.61,0.29,bracket,near,mix,pure,learn_gen,bracket_bracket,4,6,10,5,0.68,0.38,Serial-crossed,0.63,0.97,0.21,0.65,NA,NA,NA,NA,0.97,0.21,0.65,NA,0.97,0.55,Center-embedded,0.69,0.276,NA,0.03,0.97,0.02,0,0.02,0.41,0.41,1,Child_08,2D,F,0.7,-2,-0.2,yes,near,discard,Near,discard,discard,discard,discard,discard,discard,discard,Child (Bracket),discard,discard,discard,discard,discard,discard,discard,discard,discard,discard,discard,discard,discard,discard,discard,discard,discard,discard,discard,discard,discard,discard,Child (2 Dimensions),High Load,Near,Near,discard,discard,discard,discard,discard,discard,discard,discard,2 Dimensions
9,145,3745,4,Child,round_4,58,3,bracket,near,same,yes,yes,0.13,0.88,0,0,high,0.875,0.89,2D,2D,queue,iterate,queue,0.04,0.96,NA,0.02,0.97,0.02,0.02,0.03,0.93,0.04,NA,NA,NA,NA,NA,0.97,0.05,1,0.97,0.93,1.89,0.05,bracket,near,mix,pure,learn_gen,bracket_bracket,6,3,9,4.5,0.95,0.88,Serial-crossed,0.88,0.97,0.93,0.04,NA,NA,NA,NA,0.97,0.93,0.04,NA,0.97,0.92,Serial-crossed,0.043,0.935,NA,0.02,0.97,0.02,0,0.02,0.04,0.89,0,Child_09,2D,M,2,3,0.3,no,near,discard,Near,discard,discard,discard,discard,discard,discard,discard,Child (Bracket),discard,discard,discard,discard,discard,discard,discard,discard,discard,discard,discard,discard,discard,discard,discard,discard,discard,discard,discard,discard,discard,discard,Child (2 Dimensions),High Load,Near,Near,discard,discard,discard,discard,discard,discard,discard,discard,2 Dimensions
10,146,3747,4,Child,round_4,69,3,bracket,near,same,yes,yes,0.63,0.25,0,0.13,high,0.5,0.67,2D,2D,stack,iterate,stack,0.86,0.14,NA,0.06,0.93,0.04,0.03,0.06,0.1,0.84,NA,NA,NA,NA,NA,0.93,0.19,1,0.93,0.84,1.76,0.16,bracket,near,mix,pure,learn_gen,bracket_bracket,4,8,12,6,0.81,0.25,Serial-crossed,0.63,0.93,0.1,0.84,NA,NA,NA,NA,0.93,0.1,0.84,NA,0.93,0.74,Center-embedded,0.808,0.137,NA,0.06,0.93,0.04,0,0.03,0.67,0.67,1,Child_10,2D,F,0.5,-4,-0.3,yes,near,discard,Near,discard,discard,discard,discard,discard,discard,discard,Child (Bracket),discard,discard,discard,discard,discard,discard,discard,discard,discard,discard,discard,discard,discard,discard,discard,discard,discard,discard,discard,discard,discard,discard,Child (2 Dimensions),High Load,Near,Near,discard,discard,discard,discard,discard,discard,discard,discard,2 Dimensions
11,147,3749,4,Child,round_4,65,3,bracket,near,same,yes,yes,0.38,0.25,0,0.38,high,0.5,0.24,not 2D,1D,stack,iterate,iterate,0.65,0.35,NA,0.22,0.74,0.11,0.14,0.19,0.29,0.52,NA,NA,NA,NA,NA,0.74,0.25,1,0.74,0.52,1.26,0.74,bracket,near,mix,pure,learn_gen,bracket_bracket,5,8,13,6.5,0.75,0.25,Serial-crossed,0.38,0.74,0.29,0.52,NA,NA,NA,NA,0.74,0.29,0.52,NA,0.74,0.49,Center-embedded,0.507,0.271,NA,0.22,0.74,0.11,0,0.14,0.24,0.74,0,Child_11,iterate,F,0.6,-3,-0.2,no,near,discard,Near,discard,discard,discard,discard,discard,discard,discard,Child (Bracket),discard,discard,discard,discard,discard,discard,discard,discard,discard,discard,discard,discard,discard,discard,discard,discard,discard,discard,discard,discard,discard,discard,Child (2 Dimensions),High Load,Near,Near,discard,discard,discard,discard,discard,discard,discard,discard,2 Dimensions
12,148,3758,4,Child,round_4,55,2,bracket,near,same,yes,yes,0.38,0.13,0.13,0.38,high,0.75,0.35,2D,2D,stack,palindrome,stack,0.72,0.28,NA,0.21,0.56,0.21,0.23,0.22,0.22,0.57,NA,NA,NA,NA,NA,0.57,0.29,2,0.56,0.57,1.13,0.33,bracket,near,mix,pure,learn_gen,bracket_bracket,3,3,6,3,0.71,0.13,Serial-crossed,0.38,0.56,0.22,0.57,NA,NA,NA,NA,0.56,0.22,0.57,NA,0.57,0.53,Center-embedded,0.567,0.218,NA,0.21,0.22,0.22,0,0.57,0.35,0.35,1,Child_12,2D,F,1,0,0,yes,near,discard,Near,discard,discard,discard,discard,discard,discard,discard,Child (Bracket),discard,discard,discard,discard,discard,discard,discard,discard,discard,discard,discard,discard,discard,discard,discard,discard,discard,discard,discard,discard,discard,discard,Child (2 Dimensions),High Load,Near,Near,discard,discard,discard,discard,discard,discard,discard,discard,2 Dimensions
13,149,3766,4,Child,round_4,52,2,bracket,near,same,yes,yes,0.25,0.25,0.5,0,low,0.375,0,not 2D,associative,stack,iterate,associative,0.5,0.5,NA,0.65,0.41,0.4,0.18,0.57,0.22,0.22,NA,NA,NA,NA,NA,0.57,0.7,2,0.41,0.57,0.98,0.5,bracket,near,mix,pure,learn_gen,bracket_bracket,20,18,38,19,0.3,0.5,Tail-recursive,0.5,0.57,0.4,0.22,NA,NA,NA,NA,0.57,0.4,0.22,NA,0.65,0.15,Tail-recursive,0.178,0.176,NA,0.65,0.57,0.22,0,0.22,0.18,0.65,0,Child_13,associative,F,1.1,2,0.1,no,near,discard,Near,discard,discard,discard,discard,discard,discard,discard,Child (Bracket),discard,discard,discard,discard,discard,discard,discard,discard,discard,discard,discard,discard,discard,discard,discard,discard,discard,discard,discard,discard,discard,discard,Child (2 Dimensions),High Load,Near,Near,discard,discard,discard,discard,discard,discard,discard,discard,2 Dimensions
14,150,3776,4,Child,round_4,58,1,bracket,near,same,yes,yes,0.38,0.5,0.13,0,low,0,0.27,not 2D,1D,queue,iterate,iterate,0.35,0.65,NA,0.09,0.93,0.04,0.03,0.19,0.51,0.3,NA,NA,NA,NA,NA,0.93,0.66,1,0.93,0.51,1.44,0.93,bracket,near,mix,pure,learn_gen,bracket_bracket,22,6,28,14,0.34,0.5,Serial-crossed,0.5,0.93,0.51,0.3,NA,NA,NA,NA,0.93,0.51,0.3,NA,0.93,0.31,Serial-crossed,0.32,0.591,NA,0.09,0.93,0.04,0,0.03,0.27,0.93,0,Child_14,iterate,F,3.7,16,0.6,no,near,discard,Near,discard,discard,discard,discard,discard,discard,discard,Child (Bracket),discard,discard,discard,discard,discard,discard,discard,discard,discard,discard,discard,discard,discard,discard,discard,discard,discard,discard,discard,discard,discard,discard,Child (2 Dimensions),High Load,Near,Near,discard,discard,discard,discard,discard,discard,discard,discard,2 Dimensions
15,151,3778,4,Child,round_4,61,4,bracket,near,same,yes,yes,0.38,0.5,0.13,0,low,0.375,0.27,not 2D,1D,queue,iterate,iterate,0.35,0.65,NA,0.09,0.93,0.04,0.03,0.19,0.52,0.29,NA,NA,NA,NA,NA,0.93,0.66,1,0.93,0.52,1.44,0.93,bracket,near,mix,pure,learn_gen,bracket_bracket,6,21,27,13.5,0.34,0.5,Serial-crossed,0.5,0.93,0.52,0.29,NA,NA,NA,NA,0.93,0.52,0.29,NA,0.93,0.3,Serial-crossed,0.323,0.591,NA,0.09,0.93,0.04,0,0.03,0.27,0.93,0,Child_15,iterate,M,0.3,-15,-0.6,no,near,discard,Near,discard,discard,discard,discard,discard,discard,discard,Child (Bracket),discard,discard,discard,discard,discard,discard,discard,discard,discard,discard,discard,discard,discard,discard,discard,discard,discard,discard,discard,discard,discard,discard,Child (2 Dimensions),High Load,Near,Near,discard,discard,discard,discard,discard,discard,discard,discard,2 Dimensions
16,152,3780,4,Child,round_4,63,1,bracket,near,same,yes,yes,0.63,0.25,0,0.13,low,0.125,0.67,2D,2D,stack,iterate,stack,0.86,0.14,NA,0.05,0.93,0.04,0.03,0.07,0.1,0.84,NA,NA,NA,NA,NA,0.93,0.19,1,0.93,0.84,1.76,0.16,bracket,near,mix,pure,learn_gen,bracket_bracket,19,18,37,18.5,0.81,0.25,Serial-crossed,0.63,0.93,0.1,0.84,NA,NA,NA,NA,0.93,0.1,0.84,NA,0.93,0.74,Center-embedded,0.809,0.137,NA,0.05,0.93,0.04,0,0.03,0.67,0.67,1,Child_16,2D,F,1.1,1,0,yes,near,discard,Near,discard,discard,discard,discard,discard,discard,discard,Child (Bracket),discard,discard,discard,discard,discard,discard,discard,discard,discard,discard,discard,discard,discard,discard,discard,discard,discard,discard,discard,discard,discard,discard,Child (2 Dimensions),High Load,Near,Near,discard,discard,discard,discard,discard,discard,discard,discard,2 Dimensions
17,153,3782,4,Child,round_4,46,1,bracket,near,same,yes,yes,0.5,0.13,0,0.38,low,0,0.6,2D,2D,stack,iterate,stack,0.85,0.15,NA,0.14,0.74,0.12,0.15,0.13,0.22,0.65,NA,NA,NA,NA,NA,0.74,0.16,1,0.74,0.65,1.39,0.2,bracket,near,mix,pure,learn_gen,bracket_bracket,10,5,15,7.5,0.84,0.13,Serial-crossed,0.5,0.74,0.22,0.65,NA,NA,NA,NA,0.74,0.22,0.65,NA,0.74,0.72,Center-embedded,0.731,0.127,NA,0.14,0.74,0.12,0,0.15,0.59,0.6,1,Child_17,2D,F,2,5,0.3,yes,near,discard,Near,discard,discard,discard,discard,discard,discard,discard,Child (Bracket),discard,discard,discard,discard,discard,discard,discard,discard,discard,discard,discard,discard,discard,discard,discard,discard,discard,discard,discard,discard,discard,discard,Child (2 Dimensions),High Load,Near,Near,discard,discard,discard,discard,discard,discard,discard,discard,2 Dimensions
18,154,3795,4,Child,round_4,64,4,bracket,near,same,yes,yes,0.38,0.5,0,0.13,low,0.25,0.27,not 2D,1D,queue,iterate,iterate,0.35,0.65,NA,0.08,0.92,0.03,0.04,0.19,0.51,0.3,NA,NA,NA,NA,NA,0.92,0.33,1,0.92,0.51,1.43,0.92,bracket,near,mix,pure,learn_gen,bracket_bracket,12,5,17,8.5,0.67,0.5,Serial-crossed,0.5,0.92,0.51,0.3,NA,NA,NA,NA,0.92,0.51,0.3,NA,0.92,0.47,Serial-crossed,0.323,0.597,NA,0.08,0.92,0.03,0,0.04,0.27,0.92,0,Child_18,iterate,M,2.4,7,0.4,no,near,discard,Near,discard,discard,discard,discard,discard,discard,discard,Child (Bracket),discard,discard,discard,discard,discard,discard,discard,discard,discard,discard,discard,discard,discard,discard,discard,discard,discard,discard,discard,discard,discard,discard,Child (2 Dimensions),High Load,Near,Near,discard,discard,discard,discard,discard,discard,discard,discard,2 Dimensions
19,155,3801,4,Child,round_4,51,1,bracket,near,same,yes,yes,0.25,0.75,0,0,low,0.25,0.73,2D,2D,queue,iterate,queue,0.12,0.88,NA,0.03,0.97,0.02,0.02,0.07,0.83,0.1,NA,NA,NA,NA,NA,0.97,0.15,1,0.97,0.83,1.8,0.13,bracket,near,mix,pure,learn_gen,bracket_bracket,10,12,22,11,0.85,0.75,Serial-crossed,0.75,0.97,0.83,0.1,NA,NA,NA,NA,0.97,0.83,0.1,NA,0.97,0.79,Serial-crossed,0.12,0.851,NA,0.03,0.97,0.02,0,0.02,0.12,0.73,0,Child_19,2D,F,0.8,-2,-0.1,no,near,discard,Near,discard,discard,discard,discard,discard,discard,discard,Child (Bracket),discard,discard,discard,discard,discard,discard,discard,discard,discard,discard,discard,discard,discard,discard,discard,discard,discard,discard,discard,discard,discard,discard,Child (2 Dimensions),High Load,Near,Near,discard,discard,discard,discard,discard,discard,discard,discard,2 Dimensions
20,156,3803,4,Child,round_4,71,3,bracket,near,same,yes,yes,0.38,0.38,0.25,0,low,0.25,0,not 2D,1D,stack,iterate,iterate,0.5,0.5,NA,0.21,0.83,0.1,0.07,0.26,0.36,0.38,NA,NA,NA,NA,NA,0.83,0.78,1,0.83,0.38,1.21,0.83,bracket,near,mix,pure,learn_gen,bracket_bracket,41,21,62,31,0.22,0.38,Serial-crossed,0.38,0.83,0.36,0.38,NA,NA,NA,NA,0.83,0.36,0.38,NA,0.83,0.11,Center-embedded,0.396,0.395,NA,0.21,0.83,0.1,0,0.07,0,0.83,0,Child_20,iterate,M,2,20,0.3,no,near,discard,Near,discard,discard,discard,discard,discard,discard,discard,Child (Bracket),discard,discard,discard,discard,discard,discard,discard,discard,discard,discard,discard,discard,discard,discard,discard,discard,discard,discard,discard,discard,discard,discard,Child (2 Dimensions),High Load,Near,Near,discard,discard,discard,discard,discard,discard,discard,discard,2 Dimensions
21,157,3834,4,Child,round_4,55,3,bracket,near,same,yes,yes,0.14,0.57,0.14,0.14,low,0.125,0.67,2D,2D,queue,iterate,queue,0.12,0.88,NA,0.11,0.82,0.09,0.09,0.09,0.82,0.09,NA,NA,NA,NA,NA,0.82,0.27,1,0.82,0.82,1.64,0.17,bracket,near,mix,pure,learn_gen,bracket_bracket,10,3,13,6.5,0.73,0.57,Serial-crossed,0.57,0.82,0.82,0.09,NA,NA,NA,NA,0.82,0.82,0.09,NA,0.82,0.7,Serial-crossed,0.11,0.78,NA,0.11,0.82,0.09,0,0.09,0.11,0.67,0,Child_21,2D,M,3.3,7,0.5,no,near,discard,Near,discard,discard,discard,discard,discard,discard,discard,Child (Bracket),discard,discard,discard,discard,discard,discard,discard,discard,discard,discard,discard,discard,discard,discard,discard,discard,discard,discard,discard,discard,discard,discard,Child (2 Dimensions),High Load,Near,Near,discard,discard,discard,discard,discard,discard,discard,discard,2 Dimensions
22,158,3846,4,Child,round_4,53,4,bracket,near,same,yes,yes,0.5,0.5,0,0,low,0.125,0,not 2D,1D,queue,iterate,iterate,0.5,0.5,NA,0.04,0.97,0.02,0.02,0.18,0.4,0.41,NA,NA,NA,NA,NA,0.97,0.39,1,0.97,0.41,1.38,0.97,bracket,near,mix,pure,learn_gen,bracket_bracket,5,26,31,15.5,0.61,0.5,Serial-crossed,0.5,0.97,0.4,0.41,NA,NA,NA,NA,0.97,0.4,0.41,NA,0.97,0.3,Center-embedded,0.481,0.482,NA,0.04,0.97,0.02,0,0.02,0,0.97,0,Child_22,iterate,M,0.2,-21,-0.7,no,near,discard,Near,discard,discard,discard,discard,discard,discard,discard,Child (Bracket),discard,discard,discard,discard,discard,discard,discard,discard,discard,discard,discard,discard,discard,discard,discard,discard,discard,discard,discard,discard,discard,discard,Child (2 Dimensions),High Load,Near,Near,discard,discard,discard,discard,discard,discard,discard,discard,2 Dimensions
23,159,4323,4,Child,round_4,66,2,bracket,near,same,yes,yes,0.5,0.5,0,0,high,0.75,0,not 2D,1D,stack,iterate,iterate,0.5,0.5,NA,0.04,0.97,0.02,0.02,0.18,0.41,0.41,NA,NA,NA,NA,NA,0.97,0.4,1,0.97,0.41,1.38,0.97,bracket,near,mix,pure,learn_gen,bracket_bracket,17,5,22,11,0.6,0.5,Serial-crossed,0.5,0.97,0.41,0.41,NA,NA,NA,NA,0.97,0.41,0.41,NA,0.97,0.3,Center-embedded,0.481,0.481,NA,0.04,0.97,0.02,0,0.02,0,0.97,0,Child_23,iterate,M,3.4,12,0.5,no,near,discard,Near,discard,discard,discard,discard,discard,discard,discard,Child (Bracket),discard,discard,discard,discard,discard,discard,discard,discard,discard,discard,discard,discard,discard,discard,discard,discard,discard,discard,discard,discard,discard,discard,Child (2 Dimensions),High Load,Near,Near,discard,discard,discard,discard,discard,discard,discard,discard,2 Dimensions
24,160,4325,4,Child,round_4,66,4,bracket,near,same,yes,yes,0.5,0.13,0,0.38,high,0.5,0.61,2D,2D,stack,iterate,stack,0.85,0.15,NA,0.14,0.65,0.13,0.22,0.18,0.41,0.41,NA,NA,NA,NA,NA,0.65,0.17,1,0.65,0.41,1.06,0.2,bracket,near,mix,pure,learn_gen,bracket_bracket,15,14,29,14.5,0.83,0.13,Serial-crossed,0.5,0.65,0.41,0.41,NA,NA,NA,NA,0.65,0.41,0.41,NA,0.65,0.72,Center-embedded,0.734,0.127,NA,0.14,0.65,0.13,0,0.22,0.59,0.61,1,Child_24,2D,M,1.1,1,0,yes,near,discard,Near,discard,discard,discard,discard,discard,discard,discard,Child (Bracket),discard,discard,discard,discard,discard,discard,discard,discard,discard,discard,discard,discard,discard,discard,discard,discard,discard,discard,discard,discard,discard,discard,Child (2 Dimensions),High Load,Near,Near,discard,discard,discard,discard,discard,discard,discard,discard,2 Dimensions
25,161,4327,4,Child,round_4,52,3,bracket,near,same,yes,yes,0.63,0.38,0,0,low,0.25,0.42,2D,2D,stack,iterate,stack,0.72,0.28,NA,0.04,0.97,0.02,0.02,0.14,0.21,0.65,NA,NA,NA,NA,NA,0.97,0.32,1,0.97,0.65,1.62,0.29,bracket,near,mix,pure,learn_gen,bracket_bracket,5,23,28,14,0.68,0.38,Serial-crossed,0.63,0.97,0.21,0.65,NA,NA,NA,NA,0.97,0.21,0.65,NA,0.97,0.55,Center-embedded,0.694,0.271,NA,0.04,0.97,0.02,0,0.02,0.42,0.42,1,Child_25,2D,M,0.2,-18,-0.6,yes,near,discard,Near,discard,discard,discard,discard,discard,discard,discard,Child (Bracket),discard,discard,discard,discard,discard,discard,discard,discard,discard,discard,discard,discard,discard,discard,discard,discard,discard,discard,discard,discard,discard,discard,Child (2 Dimensions),High Load,Near,Near,discard,discard,discard,discard,discard,discard,discard,discard,2 Dimensions
26,162,4329,4,Child,round_4,53,2,bracket,near,same,yes,yes,0.25,0.75,0,0,high,0.5,0.73,2D,2D,queue,iterate,queue,0.12,0.88,NA,0.03,0.97,0.02,0.02,0.07,0.83,0.1,NA,NA,NA,NA,NA,0.97,0.16,1,0.97,0.83,1.8,0.13,bracket,near,mix,pure,learn_gen,bracket_bracket,7,5,12,6,0.84,0.75,Serial-crossed,0.75,0.97,0.83,0.1,NA,NA,NA,NA,0.97,0.83,0.1,NA,0.97,0.79,Serial-crossed,0.119,0.853,NA,0.03,0.97,0.02,0,0.02,0.12,0.73,0,Child_26,2D,M,1.4,2,0.2,no,near,discard,Near,discard,discard,discard,discard,discard,discard,discard,Child (Bracket),discard,discard,discard,discard,discard,discard,discard,discard,discard,discard,discard,discard,discard,discard,discard,discard,discard,discard,discard,discard,discard,discard,Child (2 Dimensions),High Load,Near,Near,discard,discard,discard,discard,discard,discard,discard,discard,2 Dimensions
27,163,4331,4,Child,round_4,52,1,bracket,near,same,yes,yes,0.38,0.5,0,0.13,high,0.5,0.27,not 2D,1D,queue,iterate,iterate,0.35,0.65,NA,0.08,0.93,0.03,0.04,0.19,0.52,0.3,NA,NA,NA,NA,NA,0.93,0.33,1,0.93,0.52,1.44,0.93,bracket,near,mix,pure,learn_gen,bracket_bracket,12,12,24,12,0.67,0.5,Serial-crossed,0.5,0.93,0.52,0.3,NA,NA,NA,NA,0.93,0.52,0.3,NA,0.93,0.47,Serial-crossed,0.326,0.594,NA,0.08,0.93,0.03,0,0.04,0.27,0.93,0,Child_27,iterate,F,1,0,0,no,near,discard,Near,discard,discard,discard,discard,discard,discard,discard,Child (Bracket),discard,discard,discard,discard,discard,discard,discard,discard,discard,discard,discard,discard,discard,discard,discard,discard,discard,discard,discard,discard,discard,discard,Child (2 Dimensions),High Load,Near,Near,discard,discard,discard,discard,discard,discard,discard,discard,2 Dimensions
28,164,4333,4,Child,round_4,63,2,bracket,near,same,yes,yes,0.86,0,0.14,0,high,0.5,0.9,2D,2D,stack,iterate,stack,0.97,0.03,NA,0.05,0.91,0.05,0.04,0.05,0.04,0.91,NA,NA,NA,NA,NA,0.91,0.07,1,0.91,0.91,1.82,0.05,bracket,near,mix,pure,learn_gen,bracket_bracket,4,11,15,7.5,0.93,0.14,Tail-recursive,0.86,0.91,0.05,0.91,NA,NA,NA,NA,0.91,0.05,0.91,NA,0.91,0.91,Center-embedded,0.923,0.026,NA,0.05,0.91,0.05,0,0.04,0.87,0.9,1,Child_28,2D,M,0.4,-7,-0.5,yes,near,discard,Near,discard,discard,discard,discard,discard,discard,discard,Child (Bracket),discard,discard,discard,discard,discard,discard,discard,discard,discard,discard,discard,discard,discard,discard,discard,discard,discard,discard,discard,discard,discard,discard,Child (2 Dimensions),High Load,Near,Near,discard,discard,discard,discard,discard,discard,discard,discard,2 Dimensions
29,165,1_1,4,Child,round_4,71,4,bracket,near,same,yes,yes,0,0,0.5,0.5,low,0.125,0,not 2D,1D,stack,iterate,iterate,0.5,0.5,NA,0.64,0.23,0.38,0.39,0.91,0.05,0.05,NA,NA,NA,NA,NA,0.91,0.14,2,0.39,0.91,1.3,0.91,bracket,near,mix,pure,learn_gen,bracket_bracket,12,7,19,9.5,0.86,0.5,Tail-recursive,0.5,0.91,0.38,0.39,NA,NA,NA,NA,0.91,0.38,0.39,NA,0.91,0.43,Tail-recursive,0.179,0.178,NA,0.64,0.91,0.05,0,0.05,0.18,0.91,0,Child_29,iterate,F,1.7,5,0.3,no,near,discard,Near,discard,discard,discard,discard,discard,discard,discard,Child (Bracket),discard,discard,discard,discard,discard,discard,discard,discard,discard,discard,discard,discard,discard,discard,discard,discard,discard,discard,discard,discard,discard,discard,Child (2 Dimensions),High Load,Near,Near,discard,discard,discard,discard,discard,discard,discard,discard,2 Dimensions
30,166,2_1,4,Child,round_4,76,4,bracket,near,same,yes,yes,0.63,0.38,0,0,low,0.25,0.43,2D,2D,stack,iterate,stack,0.72,0.28,NA,0.03,0.97,0.02,0.02,0.14,0.22,0.64,NA,NA,NA,NA,NA,0.97,0.32,1,0.97,0.64,1.61,0.28,bracket,near,mix,pure,learn_gen,bracket_bracket,8,12,20,10,0.68,0.38,Serial-crossed,0.63,0.97,0.22,0.64,NA,NA,NA,NA,0.97,0.22,0.64,NA,0.97,0.55,Center-embedded,0.698,0.268,NA,0.03,0.97,0.02,0,0.02,0.43,0.43,1,Child_30,2D,M,0.7,-4,-0.2,yes,near,discard,Near,discard,discard,discard,discard,discard,discard,discard,Child (Bracket),discard,discard,discard,discard,discard,discard,discard,discard,discard,discard,discard,discard,discard,discard,discard,discard,discard,discard,discard,discard,discard,discard,Child (2 Dimensions),High Load,Near,Near,discard,discard,discard,discard,discard,discard,discard,discard,2 Dimensions
31,167,4_1,4,Child,round_4,73,2,bracket,near,same,yes,yes,0.5,0.33,0.17,0,low,0.125,0.32,not 2D,1D,stack,iterate,iterate,0.69,0.31,NA,0.14,0.87,0.07,0.06,0.22,0.27,0.51,NA,NA,NA,NA,NA,0.87,0.41,1,0.87,0.51,1.38,0.87,bracket,near,mix,pure,learn_gen,bracket_bracket,11,4,15,7.5,0.59,0.33,Serial-crossed,0.5,0.87,0.27,0.51,NA,NA,NA,NA,0.87,0.27,0.51,NA,0.87,0.46,Center-embedded,0.588,0.269,NA,0.14,0.87,0.07,0,0.06,0.32,0.87,0,Child_31,iterate,F,2.8,7,0.5,no,near,discard,Near,discard,discard,discard,discard,discard,discard,discard,Child (Bracket),discard,discard,discard,discard,discard,discard,discard,discard,discard,discard,discard,discard,discard,discard,discard,discard,discard,discard,discard,discard,discard,discard,Child (2 Dimensions),High Load,Near,Near,discard,discard,discard,discard,discard,discard,discard,discard,2 Dimensions
32,168,5_1,4,Child,round_4,68,4,bracket,near,same,yes,yes,0.38,0.38,0.13,0.13,low,0.375,0.02,not 2D,1D,stack,iterate,iterate,0.51,0.49,NA,0.15,0.87,0.06,0.07,0.26,0.37,0.37,NA,NA,NA,NA,NA,0.87,0.54,1,0.87,0.37,1.24,0.87,bracket,near,mix,pure,learn_gen,bracket_bracket,22,25,47,23.5,0.46,0.38,Serial-crossed,0.38,0.87,0.37,0.37,NA,NA,NA,NA,0.87,0.37,0.37,NA,0.87,0.24,Center-embedded,0.433,0.417,NA,0.15,0.87,0.06,0,0.07,0.02,0.87,0,Child_32,iterate,M,0.9,-3,-0.1,no,near,discard,Near,discard,discard,discard,discard,discard,discard,discard,Child (Bracket),discard,discard,discard,discard,discard,discard,discard,discard,discard,discard,discard,discard,discard,discard,discard,discard,discard,discard,discard,discard,discard,discard,Child (2 Dimensions),High Load,Near,Near,discard,discard,discard,discard,discard,discard,discard,discard,2 Dimensions
33,169,6_1,4,Child,round_4,67,2,bracket,near,same,yes,yes,0.29,0,0,0.71,low,0.125,0.11,not 2D,1D,stack,palindrome,palindrome,0.58,0.42,NA,0.29,0.27,0.44,0.29,0.13,0.1,0.78,NA,NA,NA,NA,NA,0.78,0.14,2,0.44,0.78,1.22,0.78,bracket,near,mix,pure,learn_gen,bracket_bracket,29,10,39,19.5,0.86,0,Serial-crossed,0.29,0.27,0.44,0.78,NA,NA,NA,NA,0.27,0.44,0.78,NA,0.78,0.48,Center-embedded,0.41,0.296,NA,0.29,0.13,0.1,0,0.78,0.11,0.78,0,Child_33,palindrome,F,2.9,19,0.5,no,near,discard,Near,discard,discard,discard,discard,discard,discard,discard,Child (Bracket),discard,discard,discard,discard,discard,discard,discard,discard,discard,discard,discard,discard,discard,discard,discard,discard,discard,discard,discard,discard,discard,discard,Child (2 Dimensions),High Load,Near,Near,discard,discard,discard,discard,discard,discard,discard,discard,2 Dimensions
34,170,7_1,4,Child,round_4,68,2,bracket,near,same,yes,yes,0.71,0.14,0,0.14,high,0.625,0.82,2D,2D,stack,iterate,stack,0.93,0.07,NA,0.05,0.91,0.04,0.05,0.1,0.13,0.77,NA,NA,NA,NA,NA,0.91,0.11,1,0.91,0.77,1.68,0.09,bracket,near,mix,pure,learn_gen,bracket_bracket,4,6,10,5,0.89,0.14,Serial-crossed,0.71,0.91,0.13,0.77,NA,NA,NA,NA,0.91,0.13,0.77,NA,0.91,0.85,Center-embedded,0.885,0.069,NA,0.05,0.91,0.04,0,0.05,0.82,0.82,1,Child_34,2D,M,0.7,-2,-0.2,yes,near,discard,Near,discard,discard,discard,discard,discard,discard,discard,Child (Bracket),discard,discard,discard,discard,discard,discard,discard,discard,discard,discard,discard,discard,discard,discard,discard,discard,discard,discard,discard,discard,discard,discard,Child (2 Dimensions),High Load,Near,Near,discard,discard,discard,discard,discard,discard,discard,discard,2 Dimensions
35,171,8_1,4,Child,round_4,67,4,bracket,near,same,yes,yes,0.5,0.13,0.13,0.25,high,0.875,0.62,2D,2D,stack,palindrome,stack,0.85,0.15,NA,0.13,0.74,0.14,0.12,0.14,0.12,0.74,NA,NA,NA,NA,NA,0.74,0.26,2,0.74,0.74,1.48,0.19,bracket,near,mix,pure,learn_gen,bracket_bracket,3,3,6,3,0.74,0.13,Serial-crossed,0.5,0.74,0.14,0.74,NA,NA,NA,NA,0.74,0.14,0.74,NA,0.74,0.68,Center-embedded,0.745,0.129,NA,0.13,0.14,0.12,0,0.74,0.62,0.62,1,Child_35,2D,M,1,0,0,yes,near,discard,Near,discard,discard,discard,discard,discard,discard,discard,Child (Bracket),discard,discard,discard,discard,discard,discard,discard,discard,discard,discard,discard,discard,discard,discard,discard,discard,discard,discard,discard,discard,discard,discard,Child (2 Dimensions),High Load,Near,Near,discard,discard,discard,discard,discard,discard,discard,discard,2 Dimensions
36,172,9_1,4,Child,round_4,68,3,bracket,near,same,yes,yes,0.25,0.38,0.38,0,low,0.25,0.18,not 2D,1D,queue,iterate,iterate,0.35,0.65,NA,0.39,0.65,0.21,0.14,0.37,0.36,0.27,NA,NA,NA,NA,NA,0.65,0.78,1,0.65,0.37,1.02,0.65,bracket,near,mix,pure,learn_gen,bracket_bracket,10,4,14,7,0.22,0.38,Serial-crossed,0.38,0.65,0.36,0.27,NA,NA,NA,NA,0.65,0.36,0.27,NA,0.65,0.2,Serial-crossed,0.213,0.392,NA,0.39,0.65,0.21,0,0.14,0.18,0.65,0,Child_36,iterate,M,2.5,6,0.4,no,near,discard,Near,discard,discard,discard,discard,discard,discard,discard,Child (Bracket),discard,discard,discard,discard,discard,discard,discard,discard,discard,discard,discard,discard,discard,discard,discard,discard,discard,discard,discard,discard,discard,discard,Child (2 Dimensions),High Load,Near,Near,discard,discard,discard,discard,discard,discard,discard,discard,2 Dimensions
37,173,10_1,4,Child,round_4,66,2,bracket,near,same,yes,yes,0.43,0.29,0.29,0,low,0.375,0.26,not 2D,1D,stack,iterate,iterate,0.67,0.33,NA,0.24,0.77,0.13,0.11,0.28,0.28,0.45,NA,NA,NA,NA,NA,0.77,0.59,1,0.77,0.45,1.21,0.77,bracket,near,mix,pure,learn_gen,bracket_bracket,12,13,25,12.5,0.41,0.29,Serial-crossed,0.43,0.77,0.28,0.45,NA,NA,NA,NA,0.77,0.28,0.45,NA,0.77,0.33,Center-embedded,0.507,0.249,NA,0.24,0.77,0.13,0,0.11,0.26,0.77,0,Child_37,iterate,F,0.9,-1,0,no,near,discard,Near,discard,discard,discard,discard,discard,discard,discard,Child (Bracket),discard,discard,discard,discard,discard,discard,discard,discard,discard,discard,discard,discard,discard,discard,discard,discard,discard,discard,discard,discard,discard,discard,Child (2 Dimensions),High Load,Near,Near,discard,discard,discard,discard,discard,discard,discard,discard,2 Dimensions
38,174,11_1,4,Child,round_4,66,4,bracket,near,same,yes,yes,0.71,0.29,0,0,low,0.25,0.67,2D,2D,stack,iterate,stack,0.85,0.15,NA,0.04,0.96,0.02,0.02,0.1,0.13,0.77,NA,NA,NA,NA,NA,0.96,0.19,1,0.96,0.77,1.74,0.16,bracket,near,mix,pure,learn_gen,bracket_bracket,8,13,21,10.5,0.81,0.29,Serial-crossed,0.71,0.96,0.13,0.77,NA,NA,NA,NA,0.96,0.13,0.77,NA,0.96,0.74,Center-embedded,0.816,0.145,NA,0.04,0.96,0.02,0,0.02,0.67,0.67,1,Child_38,2D,M,0.6,-5,-0.2,yes,near,discard,Near,discard,discard,discard,discard,discard,discard,discard,Child (Bracket),discard,discard,discard,discard,discard,discard,discard,discard,discard,discard,discard,discard,discard,discard,discard,discard,discard,discard,discard,discard,discard,discard,Child (2 Dimensions),High Load,Near,Near,discard,discard,discard,discard,discard,discard,discard,discard,2 Dimensions
39,175,12_1,4,Child,round_4,66,3,bracket,near,same,yes,yes,0.29,0.57,0,0.14,high,0.5,0.55,2D,2D,queue,iterate,queue,0.2,0.8,NA,0.08,0.91,0.05,0.04,0.18,0.53,0.29,NA,NA,NA,NA,NA,0.91,0.24,1,0.91,0.53,1.43,0.22,bracket,near,mix,pure,learn_gen,bracket_bracket,16,4,20,10,0.76,0.57,Serial-crossed,0.57,0.91,0.53,0.29,NA,NA,NA,NA,0.91,0.53,0.29,NA,0.91,0.66,Serial-crossed,0.184,0.734,NA,0.08,0.91,0.05,0,0.04,0.18,0.55,0,Child_39,2D,M,4,12,0.6,no,near,discard,Near,discard,discard,discard,discard,discard,discard,discard,Child (Bracket),discard,discard,discard,discard,discard,discard,discard,discard,discard,discard,discard,discard,discard,discard,discard,discard,discard,discard,discard,discard,discard,discard,Child (2 Dimensions),High Load,Near,Near,discard,discard,discard,discard,discard,discard,discard,discard,2 Dimensions
40,176,13_1,4,Child,round_4,66,4,bracket,near,same,yes,yes,0.75,0.13,0,0.13,high,0.625,0.86,2D,2D,stack,iterate,stack,0.95,0.05,NA,0.03,0.93,0.03,0.04,0.07,0.06,0.87,NA,NA,NA,NA,NA,0.93,0.08,1,0.93,0.87,1.8,0.07,bracket,near,mix,pure,learn_gen,bracket_bracket,3,7,10,5,0.92,0.13,Serial-crossed,0.75,0.93,0.06,0.87,NA,NA,NA,NA,0.93,0.06,0.87,NA,0.93,0.89,Center-embedded,0.914,0.053,NA,0.03,0.93,0.03,0,0.04,0.86,0.86,1,Child_40,2D,M,0.4,-4,-0.4,yes,near,discard,Near,discard,discard,discard,discard,discard,discard,discard,Child (Bracket),discard,discard,discard,discard,discard,discard,discard,discard,discard,discard,discard,discard,discard,discard,discard,discard,discard,discard,discard,discard,discard,discard,Child (2 Dimensions),High Load,Near,Near,discard,discard,discard,discard,discard,discard,discard,discard,2 Dimensions
41,177,15_1,4,Child,round_4,64,3,bracket,near,same,yes,yes,0.33,0,0.67,0,low,0.25,0.14,not 2D,associative,stack,iterate,associative,0.79,0.21,NA,0.75,0.18,0.67,0.15,0.67,0.15,0.18,NA,NA,NA,NA,NA,0.67,0.24,2,0.67,0.67,1.34,0.43,bracket,near,mix,pure,learn_gen,bracket_bracket,6,4,10,5,0.76,0.67,Tail-recursive,0.67,0.67,0.67,0.18,NA,NA,NA,NA,0.67,0.67,0.18,NA,0.75,0.45,Tail-recursive,0.193,0.053,NA,0.75,0.67,0.15,0,0.18,0.19,0.75,0,Child_41,associative,M,1.5,2,0.2,no,near,discard,Near,discard,discard,discard,discard,discard,discard,discard,Child (Bracket),discard,discard,discard,discard,discard,discard,discard,discard,discard,discard,discard,discard,discard,discard,discard,discard,discard,discard,discard,discard,discard,discard,Child (2 Dimensions),High Load,Near,Near,discard,discard,discard,discard,discard,discard,discard,discard,2 Dimensions
42,178,16_1,4,Child,round_4,66,4,bracket,near,same,yes,yes,0.5,0.38,0,0.13,low,0.375,0.28,not 2D,1D,stack,iterate,iterate,0.65,0.35,NA,0.08,0.93,0.03,0.04,0.19,0.3,0.51,NA,NA,NA,NA,NA,0.93,0.33,1,0.93,0.51,1.44,0.93,bracket,near,mix,pure,learn_gen,bracket_bracket,3,4,7,3.5,0.67,0.38,Serial-crossed,0.5,0.93,0.3,0.51,NA,NA,NA,NA,0.93,0.3,0.51,NA,0.93,0.47,Center-embedded,0.599,0.322,NA,0.08,0.93,0.03,0,0.04,0.28,0.93,0,Child_42,iterate,F,0.8,-1,-0.1,no,near,discard,Near,discard,discard,discard,discard,discard,discard,discard,Child (Bracket),discard,discard,discard,discard,discard,discard,discard,discard,discard,discard,discard,discard,discard,discard,discard,discard,discard,discard,discard,discard,discard,discard,Child (2 Dimensions),High Load,Near,Near,discard,discard,discard,discard,discard,discard,discard,discard,2 Dimensions
43,179,17_1,4,Child,round_4,65,4,bracket,near,same,yes,yes,0.88,0.13,0,0,high,0.875,0.89,2D,2D,stack,iterate,stack,0.96,0.04,NA,0.02,0.97,0.02,0.02,0.03,0.04,0.93,NA,NA,NA,NA,NA,0.97,0.05,1,0.97,0.93,1.89,0.05,bracket,near,mix,pure,learn_gen,bracket_bracket,4,4,8,4,0.95,0.13,Serial-crossed,0.88,0.97,0.04,0.93,NA,NA,NA,NA,0.97,0.04,0.93,NA,0.97,0.92,Center-embedded,0.935,0.043,NA,0.02,0.97,0.02,0,0.02,0.89,0.89,1,Child_43,2D,F,1,0,0,yes,near,discard,Near,discard,discard,discard,discard,discard,discard,discard,Child (Bracket),discard,discard,discard,discard,discard,discard,discard,discard,discard,discard,discard,discard,discard,discard,discard,discard,discard,discard,discard,discard,discard,discard,Child (2 Dimensions),High Load,Near,Near,discard,discard,discard,discard,discard,discard,discard,discard,2 Dimensions
44,180,18_1,4,Child,round_4,65,4,bracket,near,same,yes,yes,0.63,0.38,0,0,high,0.75,0.42,2D,2D,stack,iterate,stack,0.72,0.28,NA,0.03,0.97,0.02,0.02,0.14,0.22,0.65,NA,NA,NA,NA,NA,0.97,0.31,1,0.97,0.65,1.61,0.29,bracket,near,mix,pure,learn_gen,bracket_bracket,9,4,13,6.5,0.69,0.38,Serial-crossed,0.63,0.97,0.22,0.65,NA,NA,NA,NA,0.97,0.22,0.65,NA,0.97,0.55,Center-embedded,0.692,0.274,NA,0.03,0.97,0.02,0,0.02,0.42,0.42,1,Child_44,2D,M,2.3,5,0.4,yes,near,discard,Near,discard,discard,discard,discard,discard,discard,discard,Child (Bracket),discard,discard,discard,discard,discard,discard,discard,discard,discard,discard,discard,discard,discard,discard,discard,discard,discard,discard,discard,discard,discard,discard,Child (2 Dimensions),High Load,Near,Near,discard,discard,discard,discard,discard,discard,discard,discard,2 Dimensions
45,181,19_1,4,Child,round_4,64,3,bracket,near,same,yes,yes,0.38,0.5,0,0.13,high,1,0.27,not 2D,1D,queue,iterate,iterate,0.35,0.65,NA,0.08,0.93,0.04,0.03,0.19,0.41,0.41,NA,NA,NA,NA,NA,0.93,0.33,1,0.93,0.41,1.34,0.93,bracket,near,mix,pure,learn_gen,bracket_bracket,3,4,7,3.5,0.67,0.5,Serial-crossed,0.5,0.93,0.41,0.41,NA,NA,NA,NA,0.93,0.41,0.41,NA,0.93,0.47,Serial-crossed,0.323,0.596,NA,0.08,0.93,0.04,0,0.03,0.27,0.93,0,Child_45,iterate,M,0.8,-1,-0.1,no,near,discard,Near,discard,discard,discard,discard,discard,discard,discard,Child (Bracket),discard,discard,discard,discard,discard,discard,discard,discard,discard,discard,discard,discard,discard,discard,discard,discard,discard,discard,discard,discard,discard,discard,Child (2 Dimensions),High Load,Near,Near,discard,discard,discard,discard,discard,discard,discard,discard,2 Dimensions
46,182,20_1,4,Child,round_4,65,4,bracket,near,same,yes,yes,0.88,0,0,0.13,high,0.5,0.93,2D,2D,stack,palindrome,stack,0.98,0.02,NA,0.02,0.93,0.03,0.04,0.04,0.03,0.93,NA,NA,NA,NA,NA,0.93,0.03,2,0.93,0.93,1.85,0.03,bracket,near,mix,pure,learn_gen,bracket_bracket,8,3,11,5.5,0.97,0,Serial-crossed,0.88,0.93,0.03,0.93,NA,NA,NA,NA,0.93,0.03,0.93,NA,0.93,0.95,Center-embedded,0.956,0.022,NA,0.02,0.04,0.03,0,0.93,0.93,0.93,1,Child_46,2D,M,2.7,5,0.5,yes,near,discard,Near,discard,discard,discard,discard,discard,discard,discard,Child (Bracket),discard,discard,discard,discard,discard,discard,discard,discard,discard,discard,discard,discard,discard,discard,discard,discard,discard,discard,discard,discard,discard,discard,Child (2 Dimensions),High Load,Near,Near,discard,discard,discard,discard,discard,discard,discard,discard,2 Dimensions
47,243,6539,4,Adult,NA,NA,NA,bracket,near,same,yes,yes,0.75,0.25,0,0,high,0.875,0.73,2D,2D,stack,iterate,stack,0.88,0.12,NA,0.03,0.97,0.02,0.02,0.07,0.1,0.84,NA,NA,NA,NA,NA,0.97,0.15,1,0.97,0.84,1.8,0.13,bracket,near,mix,pure,learn_gen,bracket_bracket,3,4,7,3.5,0.85,0.25,Serial-crossed,0.75,0.97,0.1,0.84,NA,NA,NA,NA,0.97,0.1,0.84,NA,0.97,0.79,Center-embedded,0.851,0.119,NA,0.03,0.97,0.02,0,0.02,0.73,0.73,1,NA,2D,NA,0.8,-1,-0.1,yes,near,discard,Near,discard,discard,discard,discard,discard,discard,discard,Adult (Bracket),discard,discard,discard,discard,discard,discard,discard,discard,discard,discard,discard,discard,discard,discard,discard,discard,discard,discard,discard,discard,discard,discard,Adult (2 Dimensions),High Load,Near,Near,discard,discard,discard,discard,discard,discard,discard,discard,2 Dimensions
48,244,6540,4,Adult,NA,NA,NA,bracket,near,same,yes,yes,0.88,0.13,0,0,high,0.625,0.89,2D,2D,stack,iterate,stack,0.96,0.04,NA,0.02,0.97,0.02,0.02,0.03,0.04,0.93,NA,NA,NA,NA,NA,0.97,0.05,1,0.97,0.93,1.89,0.05,bracket,near,mix,pure,learn_gen,bracket_bracket,4,3,7,3.5,0.95,0.13,Serial-crossed,0.88,0.97,0.04,0.93,NA,NA,NA,NA,0.97,0.04,0.93,NA,0.97,0.92,Center-embedded,0.935,0.043,NA,0.02,0.97,0.02,0,0.02,0.89,0.89,1,NA,2D,NA,1.3,1,0.1,yes,near,discard,Near,discard,discard,discard,discard,discard,discard,discard,Adult (Bracket),discard,discard,discard,discard,discard,discard,discard,discard,discard,discard,discard,discard,discard,discard,discard,discard,discard,discard,discard,discard,discard,discard,Adult (2 Dimensions),High Load,Near,Near,discard,discard,discard,discard,discard,discard,discard,discard,2 Dimensions
49,245,6541,4,Adult,NA,NA,NA,bracket,near,same,yes,yes,1,0,0,0,high,1,0.96,2D,2D,stack,palindrome,stack,0.99,0.01,NA,0.01,0.97,0.02,0.02,0.02,0.02,0.97,NA,NA,NA,NA,NA,0.97,0.02,2,0.97,0.97,1.94,0.02,bracket,near,mix,pure,learn_gen,bracket_bracket,4,3,7,3.5,0.98,0,Serial-crossed,1,0.97,0.02,0.97,NA,NA,NA,NA,0.97,0.02,0.97,NA,0.97,0.97,Center-embedded,0.972,0.014,NA,0.01,0.02,0.02,0,0.97,0.96,0.96,1,NA,2D,NA,1.3,1,0.1,yes,near,discard,Near,discard,discard,discard,discard,discard,discard,discard,Adult (Bracket),discard,discard,discard,discard,discard,discard,discard,discard,discard,discard,discard,discard,discard,discard,discard,discard,discard,discard,discard,discard,discard,discard,Adult (2 Dimensions),High Load,Near,Near,discard,discard,discard,discard,discard,discard,discard,discard,2 Dimensions
50,246,6542,4,Adult,NA,NA,NA,bracket,near,same,yes,yes,1,0,0,0,high,1,0.96,2D,2D,stack,palindrome,stack,0.99,0.01,NA,0.01,0.97,0.02,0.02,0.02,0.02,0.97,NA,NA,NA,NA,NA,0.97,0.02,2,0.97,0.97,1.94,0.02,bracket,near,mix,pure,learn_gen,bracket_bracket,3,3,6,3,0.98,0,Serial-crossed,1,0.97,0.02,0.97,NA,NA,NA,NA,0.97,0.02,0.97,NA,0.97,0.97,Center-embedded,0.972,0.014,NA,0.01,0.02,0.02,0,0.97,0.96,0.96,1,NA,2D,NA,1,0,0,yes,near,discard,Near,discard,discard,discard,discard,discard,discard,discard,Adult (Bracket),discard,discard,discard,discard,discard,discard,discard,discard,discard,discard,discard,discard,discard,discard,discard,discard,discard,discard,discard,discard,discard,discard,Adult (2 Dimensions),High Load,Near,Near,discard,discard,discard,discard,discard,discard,discard,discard,2 Dimensions
51,247,6543,4,Adult,NA,NA,NA,bracket,near,same,yes,yes,0.88,0.13,0,0,high,0.75,0.89,2D,2D,stack,iterate,stack,0.96,0.04,NA,0.02,0.97,0.02,0.02,0.03,0.04,0.93,NA,NA,NA,NA,NA,0.97,0.05,1,0.97,0.93,1.89,0.05,bracket,near,mix,pure,learn_gen,bracket_bracket,3,10,13,6.5,0.95,0.13,Serial-crossed,0.88,0.97,0.04,0.93,NA,NA,NA,NA,0.97,0.04,0.93,NA,0.97,0.92,Center-embedded,0.936,0.043,NA,0.02,0.97,0.02,0,0.02,0.89,0.89,1,NA,2D,NA,0.3,-7,-0.5,yes,near,discard,Near,discard,discard,discard,discard,discard,discard,discard,Adult (Bracket),discard,discard,discard,discard,discard,discard,discard,discard,discard,discard,discard,discard,discard,discard,discard,discard,discard,discard,discard,discard,discard,discard,Adult (2 Dimensions),High Load,Near,Near,discard,discard,discard,discard,discard,discard,discard,discard,2 Dimensions
52,248,6544,4,Adult,NA,NA,NA,bracket,near,same,yes,yes,1,0,0,0,high,1,0.96,2D,2D,stack,palindrome,stack,0.99,0.01,NA,0.01,0.97,0.02,0.02,0.02,0.02,0.97,NA,NA,NA,NA,NA,0.97,0.02,2,0.97,0.97,1.93,0.02,bracket,near,mix,pure,learn_gen,bracket_bracket,4,3,7,3.5,0.98,0,Serial-crossed,1,0.97,0.02,0.97,NA,NA,NA,NA,0.97,0.02,0.97,NA,0.97,0.97,Center-embedded,0.971,0.014,NA,0.01,0.02,0.02,0,0.97,0.96,0.96,1,NA,2D,NA,1.3,1,0.1,yes,near,discard,Near,discard,discard,discard,discard,discard,discard,discard,Adult (Bracket),discard,discard,discard,discard,discard,discard,discard,discard,discard,discard,discard,discard,discard,discard,discard,discard,discard,discard,discard,discard,discard,discard,Adult (2 Dimensions),High Load,Near,Near,discard,discard,discard,discard,discard,discard,discard,discard,2 Dimensions
53,249,6545,4,Adult,NA,NA,NA,bracket,near,same,yes,yes,1,0,0,0,high,0.875,0.96,2D,2D,stack,iterate,stack,0.99,0.01,NA,0.01,0.97,0.02,0.02,0.02,0.02,0.97,NA,NA,NA,NA,NA,0.97,0.02,1,0.97,0.97,1.94,0.02,bracket,near,mix,pure,learn_gen,bracket_bracket,4,3,7,3.5,0.98,0,Serial-crossed,1,0.97,0.02,0.97,NA,NA,NA,NA,0.97,0.02,0.97,NA,0.97,0.97,Center-embedded,0.972,0.014,NA,0.01,0.97,0.02,0,0.02,0.96,0.96,1,NA,2D,NA,1.3,1,0.1,yes,near,discard,Near,discard,discard,discard,discard,discard,discard,discard,Adult (Bracket),discard,discard,discard,discard,discard,discard,discard,discard,discard,discard,discard,discard,discard,discard,discard,discard,discard,discard,discard,discard,discard,discard,Adult (2 Dimensions),High Load,Near,Near,discard,discard,discard,discard,discard,discard,discard,discard,2 Dimensions
54,250,6546,4,Adult,NA,NA,NA,bracket,near,same,yes,yes,0.88,0.13,0,0,high,1,0.89,2D,2D,stack,iterate,stack,0.96,0.04,NA,0.02,0.97,0.02,0.02,0.03,0.04,0.93,NA,NA,NA,NA,NA,0.97,0.05,1,0.97,0.93,1.9,0.05,bracket,near,mix,pure,learn_gen,bracket_bracket,3,3,6,3,0.95,0.13,Serial-crossed,0.88,0.97,0.04,0.93,NA,NA,NA,NA,0.97,0.04,0.93,NA,0.97,0.92,Center-embedded,0.935,0.044,NA,0.02,0.97,0.02,0,0.02,0.89,0.89,1,NA,2D,NA,1,0,0,yes,near,discard,Near,discard,discard,discard,discard,discard,discard,discard,Adult (Bracket),discard,discard,discard,discard,discard,discard,discard,discard,discard,discard,discard,discard,discard,discard,discard,discard,discard,discard,discard,discard,discard,discard,Adult (2 Dimensions),High Load,Near,Near,discard,discard,discard,discard,discard,discard,discard,discard,2 Dimensions
55,251,6547,4,Adult,NA,NA,NA,bracket,near,same,yes,yes,0.38,0.5,0,0.13,high,0.875,0.27,not 2D,1D,queue,iterate,iterate,0.35,0.65,NA,0.08,0.93,0.03,0.04,0.19,0.52,0.29,NA,NA,NA,NA,NA,0.93,0.34,1,0.93,0.52,1.44,0.93,bracket,near,mix,pure,learn_gen,bracket_bracket,4,3,7,3.5,0.66,0.5,Serial-crossed,0.5,0.93,0.52,0.29,NA,NA,NA,NA,0.93,0.52,0.29,NA,0.93,0.47,Serial-crossed,0.324,0.596,NA,0.08,0.93,0.03,0,0.04,0.27,0.93,0,NA,iterate,NA,1.3,1,0.1,no,near,discard,Near,discard,discard,discard,discard,discard,discard,discard,Adult (Bracket),discard,discard,discard,discard,discard,discard,discard,discard,discard,discard,discard,discard,discard,discard,discard,discard,discard,discard,discard,discard,discard,discard,Adult (2 Dimensions),High Load,Near,Near,discard,discard,discard,discard,discard,discard,discard,discard,2 Dimensions
56,252,6548,4,Adult,NA,NA,NA,bracket,near,same,yes,yes,0.88,0.13,0,0,high,1,0.89,2D,2D,stack,iterate,stack,0.96,0.04,NA,0.02,0.97,0.02,0.02,0.03,0.04,0.93,NA,NA,NA,NA,NA,0.97,0.05,1,0.97,0.93,1.89,0.05,bracket,near,mix,pure,learn_gen,bracket_bracket,8,9,17,8.5,0.95,0.13,Serial-crossed,0.88,0.97,0.04,0.93,NA,NA,NA,NA,0.97,0.04,0.93,NA,0.97,0.92,Center-embedded,0.935,0.043,NA,0.02,0.97,0.02,0,0.02,0.89,0.89,1,NA,2D,NA,0.9,-1,-0.1,yes,near,discard,Near,discard,discard,discard,discard,discard,discard,discard,Adult (Bracket),discard,discard,discard,discard,discard,discard,discard,discard,discard,discard,discard,discard,discard,discard,discard,discard,discard,discard,discard,discard,discard,discard,Adult (2 Dimensions),High Load,Near,Near,discard,discard,discard,discard,discard,discard,discard,discard,2 Dimensions
57,253,6549,4,Adult,NA,NA,NA,bracket,near,same,yes,yes,0.63,0.38,0,0,high,0.875,0.42,2D,2D,stack,iterate,stack,0.72,0.28,NA,0.03,0.97,0.02,0.02,0.14,0.22,0.65,NA,NA,NA,NA,NA,0.97,0.32,1,0.97,0.65,1.62,0.29,bracket,near,mix,pure,learn_gen,bracket_bracket,3,4,7,3.5,0.68,0.38,Serial-crossed,0.63,0.97,0.22,0.65,NA,NA,NA,NA,0.97,0.22,0.65,NA,0.97,0.55,Center-embedded,0.693,0.273,NA,0.03,0.97,0.02,0,0.02,0.42,0.42,1,NA,2D,NA,0.8,-1,-0.1,yes,near,discard,Near,discard,discard,discard,discard,discard,discard,discard,Adult (Bracket),discard,discard,discard,discard,discard,discard,discard,discard,discard,discard,discard,discard,discard,discard,discard,discard,discard,discard,discard,discard,discard,discard,Adult (2 Dimensions),High Load,Near,Near,discard,discard,discard,discard,discard,discard,discard,discard,2 Dimensions
58,254,6550,4,Adult,NA,NA,NA,bracket,near,same,yes,yes,0.63,0.38,0,0,high,0.875,0.43,2D,2D,stack,iterate,stack,0.72,0.28,NA,0.03,0.97,0.02,0.02,0.14,0.22,0.64,NA,NA,NA,NA,NA,0.97,0.32,1,0.97,0.64,1.61,0.29,bracket,near,mix,pure,learn_gen,bracket_bracket,3,4,7,3.5,0.68,0.38,Serial-crossed,0.63,0.97,0.22,0.64,NA,NA,NA,NA,0.97,0.22,0.64,NA,0.97,0.55,Center-embedded,0.696,0.27,NA,0.03,0.97,0.02,0,0.02,0.43,0.43,1,NA,2D,NA,0.8,-1,-0.1,yes,near,discard,Near,discard,discard,discard,discard,discard,discard,discard,Adult (Bracket),discard,discard,discard,discard,discard,discard,discard,discard,discard,discard,discard,discard,discard,discard,discard,discard,discard,discard,discard,discard,discard,discard,Adult (2 Dimensions),High Load,Near,Near,discard,discard,discard,discard,discard,discard,discard,discard,2 Dimensions
59,255,6551,4,Adult,NA,NA,NA,bracket,near,same,yes,yes,1,0,0,0,high,1,0.96,2D,2D,stack,palindrome,stack,0.99,0.01,NA,0.01,0.97,0.02,0.02,0.02,0.02,0.97,NA,NA,NA,NA,NA,0.97,0.02,2,0.97,0.97,1.94,0.02,bracket,near,mix,pure,learn_gen,bracket_bracket,3,3,6,3,0.98,0,Serial-crossed,1,0.97,0.02,0.97,NA,NA,NA,NA,0.97,0.02,0.97,NA,0.97,0.97,Center-embedded,0.972,0.014,NA,0.01,0.02,0.02,0,0.97,0.96,0.96,1,NA,2D,NA,1,0,0,yes,near,discard,Near,discard,discard,discard,discard,discard,discard,discard,Adult (Bracket),discard,discard,discard,discard,discard,discard,discard,discard,discard,discard,discard,discard,discard,discard,discard,discard,discard,discard,discard,discard,discard,discard,Adult (2 Dimensions),High Load,Near,Near,discard,discard,discard,discard,discard,discard,discard,discard,2 Dimensions
60,256,6552,4,Adult,NA,NA,NA,bracket,near,same,yes,yes,0.5,0.5,0,0,high,0.75,0,not 2D,1D,stack,iterate,iterate,0.5,0.5,NA,0.04,0.97,0.02,0.02,0.19,0.4,0.42,NA,NA,NA,NA,NA,0.97,0.4,1,0.97,0.42,1.38,0.97,bracket,near,mix,pure,learn_gen,bracket_bracket,82,4,86,43,0.6,0.5,Serial-crossed,0.5,0.97,0.4,0.42,NA,NA,NA,NA,0.97,0.4,0.42,NA,0.97,0.3,Center-embedded,0.483,0.479,NA,0.04,0.97,0.02,0,0.02,0,0.97,0,NA,iterate,NA,20.5,78,0.9,no,near,discard,Near,discard,discard,discard,discard,discard,discard,discard,Adult (Bracket),discard,discard,discard,discard,discard,discard,discard,discard,discard,discard,discard,discard,discard,discard,discard,discard,discard,discard,discard,discard,discard,discard,Adult (2 Dimensions),High Load,Near,Near,discard,discard,discard,discard,discard,discard,discard,discard,2 Dimensions
61,257,6553,4,Adult,NA,NA,NA,bracket,near,same,yes,yes,0.88,0.13,0,0,high,0.75,0.89,2D,2D,stack,iterate,stack,0.96,0.04,NA,0.02,0.97,0.02,0.02,0.03,0.04,0.93,NA,NA,NA,NA,NA,0.97,0.06,1,0.97,0.93,1.89,0.05,bracket,near,mix,pure,learn_gen,bracket_bracket,4,3,7,3.5,0.94,0.13,Serial-crossed,0.88,0.97,0.04,0.93,NA,NA,NA,NA,0.97,0.04,0.93,NA,0.97,0.92,Center-embedded,0.935,0.043,NA,0.02,0.97,0.02,0,0.02,0.89,0.89,1,NA,2D,NA,1.3,1,0.1,yes,near,discard,Near,discard,discard,discard,discard,discard,discard,discard,Adult (Bracket),discard,discard,discard,discard,discard,discard,discard,discard,discard,discard,discard,discard,discard,discard,discard,discard,discard,discard,discard,discard,discard,discard,Adult (2 Dimensions),High Load,Near,Near,discard,discard,discard,discard,discard,discard,discard,discard,2 Dimensions
62,258,6554,4,Adult,NA,NA,NA,bracket,near,same,yes,yes,1,0,0,0,high,1,0.96,2D,2D,stack,iterate,stack,0.99,0.01,NA,0.01,0.97,0.02,0.02,0.02,0.02,0.97,NA,NA,NA,NA,NA,0.97,0.02,1,0.97,0.97,1.93,0.02,bracket,near,mix,pure,learn_gen,bracket_bracket,3,3,6,3,0.98,0,Serial-crossed,1,0.97,0.02,0.97,NA,NA,NA,NA,0.97,0.02,0.97,NA,0.97,0.97,Center-embedded,0.971,0.014,NA,0.01,0.97,0.02,0,0.02,0.96,0.96,1,NA,2D,NA,1,0,0,yes,near,discard,Near,discard,discard,discard,discard,discard,discard,discard,Adult (Bracket),discard,discard,discard,discard,discard,discard,discard,discard,discard,discard,discard,discard,discard,discard,discard,discard,discard,discard,discard,discard,discard,discard,Adult (2 Dimensions),High Load,Near,Near,discard,discard,discard,discard,discard,discard,discard,discard,2 Dimensions
63,259,6555,4,Adult,NA,NA,NA,bracket,near,same,yes,yes,1,0,0,0,high,0.875,0.96,2D,2D,stack,iterate,stack,0.99,0.01,NA,0.01,0.97,0.02,0.02,0.02,0.02,0.97,NA,NA,NA,NA,NA,0.97,0.02,1,0.97,0.97,1.94,0.02,bracket,near,mix,pure,learn_gen,bracket_bracket,4,4,8,4,0.98,0,Serial-crossed,1,0.97,0.02,0.97,NA,NA,NA,NA,0.97,0.02,0.97,NA,0.97,0.97,Center-embedded,0.972,0.014,NA,0.01,0.97,0.02,0,0.02,0.96,0.96,1,NA,2D,NA,1,0,0,yes,near,discard,Near,discard,discard,discard,discard,discard,discard,discard,Adult (Bracket),discard,discard,discard,discard,discard,discard,discard,discard,discard,discard,discard,discard,discard,discard,discard,discard,discard,discard,discard,discard,discard,discard,Adult (2 Dimensions),High Load,Near,Near,discard,discard,discard,discard,discard,discard,discard,discard,2 Dimensions
64,260,6556,4,Adult,NA,NA,NA,bracket,near,same,yes,yes,0.38,0.63,0,0,high,0.625,0.42,2D,2D,queue,iterate,queue,0.28,0.72,NA,0.03,0.97,0.02,0.02,0.14,0.65,0.21,NA,NA,NA,NA,NA,0.97,0.32,1,0.97,0.65,1.61,0.29,bracket,near,mix,pure,learn_gen,bracket_bracket,10,3,13,6.5,0.68,0.63,Serial-crossed,0.63,0.97,0.65,0.21,NA,NA,NA,NA,0.97,0.65,0.21,NA,0.97,0.55,Serial-crossed,0.273,0.692,NA,0.03,0.97,0.02,0,0.02,0.27,0.42,0,NA,2D,NA,3.3,7,0.5,no,near,discard,Near,discard,discard,discard,discard,discard,discard,discard,Adult (Bracket),discard,discard,discard,discard,discard,discard,discard,discard,discard,discard,discard,discard,discard,discard,discard,discard,discard,discard,discard,discard,discard,discard,Adult (2 Dimensions),High Load,Near,Near,discard,discard,discard,discard,discard,discard,discard,discard,2 Dimensions
65,261,6558,4,Adult,NA,NA,NA,bracket,near,same,yes,yes,0.75,0.25,0,0,high,1,0.73,2D,2D,stack,iterate,stack,0.88,0.12,NA,0.03,0.97,0.02,0.02,0.07,0.1,0.84,NA,NA,NA,NA,NA,0.97,0.15,1,0.97,0.84,1.8,0.13,bracket,near,mix,pure,learn_gen,bracket_bracket,5,3,8,4,0.85,0.25,Serial-crossed,0.75,0.97,0.1,0.84,NA,NA,NA,NA,0.97,0.1,0.84,NA,0.97,0.79,Center-embedded,0.851,0.12,NA,0.03,0.97,0.02,0,0.02,0.73,0.73,1,NA,2D,NA,1.7,2,0.3,yes,near,discard,Near,discard,discard,discard,discard,discard,discard,discard,Adult (Bracket),discard,discard,discard,discard,discard,discard,discard,discard,discard,discard,discard,discard,discard,discard,discard,discard,discard,discard,discard,discard,discard,discard,Adult (2 Dimensions),High Load,Near,Near,discard,discard,discard,discard,discard,discard,discard,discard,2 Dimensions
66,262,6559,4,Adult,NA,NA,NA,bracket,near,same,yes,yes,1,0,0,0,high,0.875,0.96,2D,2D,stack,palindrome,stack,0.99,0.01,NA,0.01,0.97,0.02,0.02,0.02,0.02,0.97,NA,NA,NA,NA,NA,0.97,0.02,2,0.97,0.97,1.94,0.02,bracket,near,mix,pure,learn_gen,bracket_bracket,9,3,12,6,0.98,0,Serial-crossed,1,0.97,0.02,0.97,NA,NA,NA,NA,0.97,0.02,0.97,NA,0.97,0.97,Center-embedded,0.972,0.014,NA,0.01,0.02,0.02,0,0.97,0.96,0.96,1,NA,2D,NA,3,6,0.5,yes,near,discard,Near,discard,discard,discard,discard,discard,discard,discard,Adult (Bracket),discard,discard,discard,discard,discard,discard,discard,discard,discard,discard,discard,discard,discard,discard,discard,discard,discard,discard,discard,discard,discard,discard,Adult (2 Dimensions),High Load,Near,Near,discard,discard,discard,discard,discard,discard,discard,discard,2 Dimensions
67,263,6560,4,Adult,NA,NA,NA,bracket,near,same,yes,yes,1,0,0,0,high,1,0.96,2D,2D,stack,iterate,stack,0.99,0.01,NA,0.01,0.97,0.02,0.02,0.02,0.02,0.97,NA,NA,NA,NA,NA,0.97,0.02,1,0.97,0.97,1.94,0.02,bracket,near,mix,pure,learn_gen,bracket_bracket,3,3,6,3,0.98,0,Serial-crossed,1,0.97,0.02,0.97,NA,NA,NA,NA,0.97,0.02,0.97,NA,0.97,0.97,Center-embedded,0.972,0.014,NA,0.01,0.97,0.02,0,0.02,0.96,0.96,1,NA,2D,NA,1,0,0,yes,near,discard,Near,discard,discard,discard,discard,discard,discard,discard,Adult (Bracket),discard,discard,discard,discard,discard,discard,discard,discard,discard,discard,discard,discard,discard,discard,discard,discard,discard,discard,discard,discard,discard,discard,Adult (2 Dimensions),High Load,Near,Near,discard,discard,discard,discard,discard,discard,discard,discard,2 Dimensions
68,264,6561,4,Adult,NA,NA,NA,bracket,near,same,yes,yes,1,0,0,0,high,1,0.96,2D,2D,stack,palindrome,stack,0.99,0.01,NA,0.01,0.97,0.02,0.02,0.02,0.02,0.97,NA,NA,NA,NA,NA,0.97,0.02,2,0.97,0.97,1.94,0.02,bracket,near,mix,pure,learn_gen,bracket_bracket,4,4,8,4,0.98,0,Serial-crossed,1,0.97,0.02,0.97,NA,NA,NA,NA,0.97,0.02,0.97,NA,0.97,0.97,Center-embedded,0.972,0.014,NA,0.01,0.02,0.02,0,0.97,0.96,0.96,1,NA,2D,NA,1,0,0,yes,near,discard,Near,discard,discard,discard,discard,discard,discard,discard,Adult (Bracket),discard,discard,discard,discard,discard,discard,discard,discard,discard,discard,discard,discard,discard,discard,discard,discard,discard,discard,discard,discard,discard,discard,Adult (2 Dimensions),High Load,Near,Near,discard,discard,discard,discard,discard,discard,discard,discard,2 Dimensions
69,265,6562,4,Adult,NA,NA,NA,bracket,near,same,yes,yes,1,0,0,0,high,1,0.96,2D,2D,stack,palindrome,stack,0.99,0.01,NA,0.01,0.97,0.02,0.02,0.02,0.02,0.97,NA,NA,NA,NA,NA,0.97,0.02,2,0.97,0.97,1.94,0.02,bracket,near,mix,pure,learn_gen,bracket_bracket,3,4,7,3.5,0.98,0,Serial-crossed,1,0.97,0.02,0.97,NA,NA,NA,NA,0.97,0.02,0.97,NA,0.97,0.97,Center-embedded,0.972,0.014,NA,0.01,0.02,0.02,0,0.97,0.96,0.96,1,NA,2D,NA,0.8,-1,-0.1,yes,near,discard,Near,discard,discard,discard,discard,discard,discard,discard,Adult (Bracket),discard,discard,discard,discard,discard,discard,discard,discard,discard,discard,discard,discard,discard,discard,discard,discard,discard,discard,discard,discard,discard,discard,Adult (2 Dimensions),High Load,Near,Near,discard,discard,discard,discard,discard,discard,discard,discard,2 Dimensions
70,266,6563,4,Adult,NA,NA,NA,bracket,near,same,yes,yes,1,0,0,0,high,1,0.96,2D,2D,stack,palindrome,stack,0.99,0.01,NA,0.01,0.97,0.02,0.02,0.02,0.02,0.97,NA,NA,NA,NA,NA,0.97,0.02,2,0.97,0.97,1.94,0.02,bracket,near,mix,pure,learn_gen,bracket_bracket,3,3,6,3,0.98,0,Serial-crossed,1,0.97,0.02,0.97,NA,NA,NA,NA,0.97,0.02,0.97,NA,0.97,0.97,Center-embedded,0.972,0.014,NA,0.01,0.02,0.02,0,0.97,0.96,0.96,1,NA,2D,NA,1,0,0,yes,near,discard,Near,discard,discard,discard,discard,discard,discard,discard,Adult (Bracket),discard,discard,discard,discard,discard,discard,discard,discard,discard,discard,discard,discard,discard,discard,discard,discard,discard,discard,discard,discard,discard,discard,Adult (2 Dimensions),High Load,Near,Near,discard,discard,discard,discard,discard,discard,discard,discard,2 Dimensions
71,267,6564,4,Adult,NA,NA,NA,bracket,near,same,yes,yes,0.75,0.25,0,0,high,0.75,0.73,2D,2D,stack,iterate,stack,0.88,0.12,NA,0.03,0.97,0.02,0.02,0.07,0.1,0.83,NA,NA,NA,NA,NA,0.97,0.15,1,0.97,0.83,1.8,0.13,bracket,near,mix,pure,learn_gen,bracket_bracket,4,17,21,10.5,0.85,0.25,Serial-crossed,0.75,0.97,0.1,0.83,NA,NA,NA,NA,0.97,0.1,0.83,NA,0.97,0.79,Center-embedded,0.852,0.12,NA,0.03,0.97,0.02,0,0.02,0.73,0.73,1,NA,2D,NA,0.2,-13,-0.6,yes,near,discard,Near,discard,discard,discard,discard,discard,discard,discard,Adult (Bracket),discard,discard,discard,discard,discard,discard,discard,discard,discard,discard,discard,discard,discard,discard,discard,discard,discard,discard,discard,discard,discard,discard,Adult (2 Dimensions),High Load,Near,Near,discard,discard,discard,discard,discard,discard,discard,discard,2 Dimensions
72,268,6566,4,Adult,NA,NA,NA,bracket,near,same,yes,yes,1,0,0,0,high,1,0.96,2D,2D,stack,palindrome,stack,0.99,0.01,NA,0.01,0.97,0.02,0.02,0.02,0.02,0.97,NA,NA,NA,NA,NA,0.97,0.02,2,0.97,0.97,1.94,0.02,bracket,near,mix,pure,learn_gen,bracket_bracket,3,3,6,3,0.98,0,Serial-crossed,1,0.97,0.02,0.97,NA,NA,NA,NA,0.97,0.02,0.97,NA,0.97,0.97,Center-embedded,0.971,0.014,NA,0.01,0.02,0.02,0,0.97,0.96,0.96,1,NA,2D,NA,1,0,0,yes,near,discard,Near,discard,discard,discard,discard,discard,discard,discard,Adult (Bracket),discard,discard,discard,discard,discard,discard,discard,discard,discard,discard,discard,discard,discard,discard,discard,discard,discard,discard,discard,discard,discard,discard,Adult (2 Dimensions),High Load,Near,Near,discard,discard,discard,discard,discard,discard,discard,discard,2 Dimensions
73,269,6567,4,Adult,NA,NA,NA,bracket,near,same,yes,yes,0.88,0.13,0,0,high,1,0.89,2D,2D,stack,iterate,stack,0.95,0.05,NA,0.02,0.97,0.02,0.02,0.03,0.04,0.92,NA,NA,NA,NA,NA,0.97,0.05,1,0.97,0.92,1.89,0.06,bracket,near,mix,pure,learn_gen,bracket_bracket,3,3,6,3,0.95,0.13,Serial-crossed,0.88,0.97,0.04,0.92,NA,NA,NA,NA,0.97,0.04,0.92,NA,0.97,0.92,Center-embedded,0.934,0.044,NA,0.02,0.97,0.02,0,0.02,0.89,0.89,1,NA,2D,NA,1,0,0,yes,near,discard,Near,discard,discard,discard,discard,discard,discard,discard,Adult (Bracket),discard,discard,discard,discard,discard,discard,discard,discard,discard,discard,discard,discard,discard,discard,discard,discard,discard,discard,discard,discard,discard,discard,Adult (2 Dimensions),High Load,Near,Near,discard,discard,discard,discard,discard,discard,discard,discard,2 Dimensions
74,270,6568,4,Adult,NA,NA,NA,bracket,near,same,yes,yes,0.88,0.13,0,0,high,1,0.89,2D,2D,stack,iterate,stack,0.96,0.04,NA,0.02,0.97,0.02,0.02,0.03,0.04,0.93,NA,NA,NA,NA,NA,0.97,0.05,1,0.97,0.93,1.89,0.05,bracket,near,mix,pure,learn_gen,bracket_bracket,3,4,7,3.5,0.95,0.13,Serial-crossed,0.88,0.97,0.04,0.93,NA,NA,NA,NA,0.97,0.04,0.93,NA,0.97,0.92,Center-embedded,0.934,0.044,NA,0.02,0.97,0.02,0,0.02,0.89,0.89,1,NA,2D,NA,0.8,-1,-0.1,yes,near,discard,Near,discard,discard,discard,discard,discard,discard,discard,Adult (Bracket),discard,discard,discard,discard,discard,discard,discard,discard,discard,discard,discard,discard,discard,discard,discard,discard,discard,discard,discard,discard,discard,discard,Adult (2 Dimensions),High Load,Near,Near,discard,discard,discard,discard,discard,discard,discard,discard,2 Dimensions
75,271,6569,4,Adult,NA,NA,NA,bracket,near,same,yes,yes,0.88,0.13,0,0,high,0.875,0.89,2D,2D,stack,iterate,stack,0.96,0.04,NA,0.02,0.97,0.02,0.02,0.03,0.04,0.93,NA,NA,NA,NA,NA,0.97,0.05,1,0.97,0.93,1.89,0.05,bracket,near,mix,pure,learn_gen,bracket_bracket,3,3,6,3,0.95,0.13,Serial-crossed,0.88,0.97,0.04,0.93,NA,NA,NA,NA,0.97,0.04,0.93,NA,0.97,0.92,Center-embedded,0.935,0.043,NA,0.02,0.97,0.02,0,0.02,0.89,0.89,1,NA,2D,NA,1,0,0,yes,near,discard,Near,discard,discard,discard,discard,discard,discard,discard,Adult (Bracket),discard,discard,discard,discard,discard,discard,discard,discard,discard,discard,discard,discard,discard,discard,discard,discard,discard,discard,discard,discard,discard,discard,Adult (2 Dimensions),High Load,Near,Near,discard,discard,discard,discard,discard,discard,discard,discard,2 Dimensions
76,272,6570,4,Adult,NA,NA,NA,bracket,near,same,yes,yes,0.88,0,0,0.13,low,0.375,0.93,2D,2D,stack,iterate,stack,0.98,0.02,NA,0.02,0.93,0.03,0.04,0.04,0.03,0.93,NA,NA,NA,NA,NA,0.93,0.03,1,0.93,0.93,1.85,0.03,bracket,near,mix,pure,learn_gen,bracket_bracket,9,6,15,7.5,0.97,0,Serial-crossed,0.88,0.93,0.03,0.93,NA,NA,NA,NA,0.93,0.03,0.93,NA,0.93,0.95,Center-embedded,0.955,0.022,NA,0.02,0.93,0.03,0,0.04,0.93,0.93,1,NA,2D,NA,1.5,3,0.2,yes,near,discard,Near,discard,discard,discard,discard,discard,discard,discard,Adult (Bracket),discard,discard,discard,discard,discard,discard,discard,discard,discard,discard,discard,discard,discard,discard,discard,discard,discard,discard,discard,discard,discard,discard,Adult (2 Dimensions),High Load,Near,Near,discard,discard,discard,discard,discard,discard,discard,discard,2 Dimensions
77,644,3699,6,Child,round_4,64,3,bracket,near,same,yes,yes,0.75,0,0,0.25,high,0.75,0.92,2D,2D,stack,iterate,stack,0.97,0.03,NA,0.03,NA,NA,NA,NA,NA,NA,0.99,0.01,0.03,0.03,0.94,0.99,0.03,1,0.99,0.94,1.93,0.04,bracket,near,mix,pure,learn_gen,bracket_bracket,3,4,7,3.5,0.97,0,Serial-crossed,0.75,0,0,0,0.99,0.01,0.03,0.94,0.99,0.01,0.94,0.03,0.99,0.94,Center-embedded,0.949,0.025,NA,0.03,0.99,0.01,0,0,0.92,0.92,1,Child_01,2D,F,0.8,-1,-0.1,yes,near,discard,Near,discard,discard,discard,discard,discard,discard,discard,Child (Bracket),discard,discard,discard,discard,discard,discard,discard,discard,discard,discard,discard,discard,discard,discard,discard,discard,discard,discard,discard,discard,discard,discard,Child (2 Dimensions),High Load,Near,Near,discard,discard,discard,discard,discard,discard,discard,discard,2 Dimensions
78,645,3701,6,Child,round_4,67,3,bracket,near,same,yes,yes,0,0.13,0.13,0.75,high,0.75,0.29,not 2D,1D,queue,iterate,iterate,0.24,0.76,NA,0.44,NA,NA,NA,NA,NA,NA,0.91,0.09,0.76,0.15,0.08,0.91,0.36,1,0.91,0.76,1.67,0.91,bracket,near,mix,pure,learn_gen,bracket_bracket,13,4,17,8.5,0.64,0.13,Serial-crossed,0.13,0,0,0,0.91,0.09,0.15,0.08,0.91,0.09,0.08,0.15,0.91,0.46,Serial-crossed,0.136,0.424,NA,0.44,0.91,0.09,0,0,0.14,0.91,0,Child_02,iterate,F,3.3,9,0.5,no,near,discard,Near,discard,discard,discard,discard,discard,discard,discard,Child (Bracket),discard,discard,discard,discard,discard,discard,discard,discard,discard,discard,discard,discard,discard,discard,discard,discard,discard,discard,discard,discard,discard,discard,Child (2 Dimensions),High Load,Near,Near,discard,discard,discard,discard,discard,discard,discard,discard,2 Dimensions
79,646,3703,6,Child,round_4,67,3,bracket,near,same,yes,yes,0.63,0,0.13,0.25,high,0.625,0.82,2D,2D,stack,iterate,stack,0.97,0.03,NA,0.12,NA,NA,NA,NA,NA,NA,0.94,0.06,0.09,0.03,0.88,0.94,0.14,1,0.94,0.88,1.82,0.09,bracket,near,mix,pure,learn_gen,bracket_bracket,4,3,7,3.5,0.86,0.13,Tail-recursive,0.63,0,0,0,0.94,0.06,0.03,0.88,0.94,0.06,0.88,0.03,0.94,0.84,Center-embedded,0.847,0.029,NA,0.12,0.94,0.06,0,0,0.72,0.82,1,Child_03,2D,F,1.3,1,0.1,yes,near,discard,Near,discard,discard,discard,discard,discard,discard,discard,Child (Bracket),discard,discard,discard,discard,discard,discard,discard,discard,discard,discard,discard,discard,discard,discard,discard,discard,discard,discard,discard,discard,discard,discard,Child (2 Dimensions),High Load,Near,Near,discard,discard,discard,discard,discard,discard,discard,discard,2 Dimensions
80,647,3705,6,Child,round_4,60,3,bracket,near,same,yes,yes,0,0,0,1,high,0.75,0,not 2D,1D,queue,alternate,alternate,0.5,0.5,NA,0.34,NA,NA,NA,NA,NA,NA,0.5,0.5,0.33,0.33,0.34,0.5,0.23,1,0.5,0.34,0.84,0.5,bracket,near,mix,pure,learn_gen,bracket_bracket,4,5,9,4.5,0.77,0,Serial-crossed,0,0,0,0,0.5,0.5,0.33,0.34,0.5,0.5,0.34,0.33,0.5,0.39,Center-embedded,0.332,0.332,NA,0.34,0.5,0.5,0,0,0,0.5,0,Child_04,alternate,F,0.8,-1,-0.1,no,near,discard,Near,discard,discard,discard,discard,discard,discard,discard,Child (Bracket),discard,discard,discard,discard,discard,discard,discard,discard,discard,discard,discard,discard,discard,discard,discard,discard,discard,discard,discard,discard,discard,discard,Child (2 Dimensions),High Load,Near,Near,discard,discard,discard,discard,discard,discard,discard,discard,2 Dimensions
81,648,3707,6,Child,round_4,56,4,bracket,near,same,yes,yes,0.38,0.13,0.13,0.38,high,0.875,0.5,2D,2D,stack,iterate,stack,0.8,0.2,NA,0.17,NA,NA,NA,NA,NA,NA,0.93,0.07,0.15,0.15,0.7,0.93,0.59,1,0.93,0.7,1.63,0.25,bracket,near,mix,pure,learn_gen,bracket_bracket,9,3,12,6,0.41,0.13,Serial-crossed,0.38,0,0,0,0.93,0.07,0.15,0.7,0.93,0.07,0.7,0.15,0.93,0.46,Center-embedded,0.668,0.164,NA,0.17,0.93,0.07,0,0,0.5,0.5,1,Child_05,2D,F,3,6,0.5,yes,near,discard,Near,discard,discard,discard,discard,discard,discard,discard,Child (Bracket),discard,discard,discard,discard,discard,discard,discard,discard,discard,discard,discard,discard,discard,discard,discard,discard,discard,discard,discard,discard,discard,discard,Child (2 Dimensions),High Load,Near,Near,discard,discard,discard,discard,discard,discard,discard,discard,2 Dimensions
82,649,3709,6,Child,round_4,43,2,bracket,near,same,yes,yes,0.25,0.13,0,0.63,low,0.375,0.41,2D,2D,stack,iterate,stack,0.72,0.28,NA,0.08,NA,NA,NA,NA,NA,NA,0.98,0.02,0.15,0.25,0.6,0.98,0.35,1,0.98,0.6,1.57,0.3,bracket,near,mix,pure,learn_gen,bracket_bracket,5,8,13,6.5,0.65,0.13,Serial-crossed,0.25,0,0,0,0.98,0.02,0.25,0.6,0.98,0.02,0.6,0.25,0.98,0.53,Center-embedded,0.662,0.256,NA,0.08,0.98,0.02,0,0,0.41,0.41,1,Child_06,2D,M,0.6,-3,-0.2,yes,near,discard,Near,discard,discard,discard,discard,discard,discard,discard,Child (Bracket),discard,discard,discard,discard,discard,discard,discard,discard,discard,discard,discard,discard,discard,discard,discard,discard,discard,discard,discard,discard,discard,discard,Child (2 Dimensions),High Load,Near,Near,discard,discard,discard,discard,discard,discard,discard,discard,2 Dimensions
83,650,3711,6,Child,round_4,42,3,bracket,near,same,yes,yes,0.25,0.13,0,0.63,low,0.25,0.41,2D,2D,stack,iterate,stack,0.72,0.28,NA,0.08,NA,NA,NA,NA,NA,NA,0.84,0.16,0.15,0.25,0.6,0.84,0.34,1,0.84,0.6,1.43,0.3,bracket,near,mix,pure,learn_gen,bracket_bracket,21,5,26,13,0.66,0.13,Serial-crossed,0.25,0,0,0,0.84,0.16,0.25,0.6,0.84,0.16,0.6,0.25,0.84,0.53,Center-embedded,0.663,0.256,NA,0.08,0.84,0.16,0,0,0.41,0.41,1,Child_07,2D,F,4.2,16,0.6,yes,near,discard,Near,discard,discard,discard,discard,discard,discard,discard,Child (Bracket),discard,discard,discard,discard,discard,discard,discard,discard,discard,discard,discard,discard,discard,discard,discard,discard,discard,discard,discard,discard,discard,discard,Child (2 Dimensions),High Load,Near,Near,discard,discard,discard,discard,discard,discard,discard,discard,2 Dimensions
84,651,3737,6,Child,round_4,63,2,bracket,near,same,yes,yes,0.5,0,0,0.5,high,0.625,0.87,2D,2D,stack,iterate,stack,0.96,0.04,NA,0.04,NA,NA,NA,NA,NA,NA,0.98,0.02,0.05,0.05,0.9,0.98,0.07,1,0.98,0.9,1.87,0.06,bracket,near,mix,pure,learn_gen,bracket_bracket,4,6,10,5,0.93,0,Serial-crossed,0.5,0,0,0,0.98,0.02,0.05,0.9,0.98,0.02,0.9,0.05,0.98,0.9,Center-embedded,0.916,0.042,NA,0.04,0.98,0.02,0,0,0.87,0.87,1,Child_08,2D,F,0.7,-2,-0.2,yes,near,discard,Near,discard,discard,discard,discard,discard,discard,discard,Child (Bracket),discard,discard,discard,discard,discard,discard,discard,discard,discard,discard,discard,discard,discard,discard,discard,discard,discard,discard,discard,discard,discard,discard,Child (2 Dimensions),High Load,Near,Near,discard,discard,discard,discard,discard,discard,discard,discard,2 Dimensions
85,652,3745,6,Child,round_4,58,3,bracket,near,same,yes,yes,0.5,0,0,0.5,high,0.875,0.87,2D,2D,stack,iterate,stack,0.96,0.04,NA,0.04,NA,NA,NA,NA,NA,NA,0.99,0.01,0.05,0.05,0.9,0.99,0.07,1,0.99,0.9,1.88,0.06,bracket,near,mix,pure,learn_gen,bracket_bracket,6,3,9,4.5,0.93,0,Serial-crossed,0.5,0,0,0,0.99,0.01,0.05,0.9,0.99,0.01,0.9,0.05,0.99,0.9,Center-embedded,0.917,0.042,NA,0.04,0.99,0.01,0,0,0.87,0.87,1,Child_09,2D,M,2,3,0.3,yes,near,discard,Near,discard,discard,discard,discard,discard,discard,discard,Child (Bracket),discard,discard,discard,discard,discard,discard,discard,discard,discard,discard,discard,discard,discard,discard,discard,discard,discard,discard,discard,discard,discard,discard,Child (2 Dimensions),High Load,Near,Near,discard,discard,discard,discard,discard,discard,discard,discard,2 Dimensions
86,653,3747,6,Child,round_4,69,3,bracket,near,same,yes,yes,0.38,0,0,0.63,high,0.5,0.83,2D,2D,stack,iterate,stack,0.94,0.06,NA,0.06,NA,NA,NA,NA,NA,NA,0.97,0.03,0.09,0.09,0.83,0.97,0.11,1,0.97,0.83,1.79,0.09,bracket,near,mix,pure,learn_gen,bracket_bracket,4,8,12,6,0.89,0,Serial-crossed,0.38,0,0,0,0.97,0.03,0.09,0.83,0.97,0.03,0.83,0.09,0.97,0.86,Center-embedded,0.884,0.057,NA,0.06,0.97,0.03,0,0,0.83,0.83,1,Child_10,2D,F,0.5,-4,-0.3,yes,near,discard,Near,discard,discard,discard,discard,discard,discard,discard,Child (Bracket),discard,discard,discard,discard,discard,discard,discard,discard,discard,discard,discard,discard,discard,discard,discard,discard,discard,discard,discard,discard,discard,discard,Child (2 Dimensions),High Load,Near,Near,discard,discard,discard,discard,discard,discard,discard,discard,2 Dimensions
87,654,3749,6,Child,round_4,65,3,bracket,near,same,yes,yes,0.13,0.25,0,0.63,high,0.5,0.39,2D,2D,queue,iterate,queue,0.29,0.71,NA,0.08,NA,NA,NA,NA,NA,NA,0.99,0.01,0.16,0.59,0.26,0.99,0.35,1,0.99,0.59,1.57,0.31,bracket,near,mix,pure,learn_gen,bracket_bracket,5,8,13,6.5,0.65,0.25,Serial-crossed,0.25,0,0,0,0.99,0.01,0.59,0.26,0.99,0.01,0.26,0.59,0.99,0.52,Serial-crossed,0.265,0.654,NA,0.08,0.99,0.01,0,0,0.26,0.39,0,Child_11,2D,F,0.6,-3,-0.2,no,near,discard,Near,discard,discard,discard,discard,discard,discard,discard,Child (Bracket),discard,discard,discard,discard,discard,discard,discard,discard,discard,discard,discard,discard,discard,discard,discard,discard,discard,discard,discard,discard,discard,discard,Child (2 Dimensions),High Load,Near,Near,discard,discard,discard,discard,discard,discard,discard,discard,2 Dimensions
88,655,3758,6,Child,round_4,55,2,bracket,near,same,yes,yes,0.13,0,0,0.88,high,0.75,0.46,2D,2D,stack,iterate,stack,0.78,0.22,NA,0.18,NA,NA,NA,NA,NA,NA,0.64,0.36,0.28,0.28,0.44,0.64,0.24,1,0.64,0.44,1.08,0.27,bracket,near,mix,pure,learn_gen,bracket_bracket,3,3,6,3,0.76,0,Serial-crossed,0.13,0,0,0,0.64,0.36,0.28,0.44,0.64,0.36,0.44,0.28,0.64,0.61,Center-embedded,0.638,0.18,NA,0.18,0.64,0.36,0,0,0.46,0.46,1,Child_12,2D,F,1,0,0,yes,near,discard,Near,discard,discard,discard,discard,discard,discard,discard,Child (Bracket),discard,discard,discard,discard,discard,discard,discard,discard,discard,discard,discard,discard,discard,discard,discard,discard,discard,discard,discard,discard,discard,discard,Child (2 Dimensions),High Load,Near,Near,discard,discard,discard,discard,discard,discard,discard,discard,2 Dimensions
89,656,3766,6,Child,round_4,52,2,bracket,near,same,yes,yes,0,0,0,1,low,0.375,0.02,not 2D,1D,stack,palindrome,palindrome,0.51,0.49,NA,0.33,NA,NA,NA,NA,NA,NA,0.49,0.51,0.17,0.17,0.66,0.66,0.23,2,0.51,0.66,1.17,0.66,bracket,near,mix,pure,learn_gen,bracket_bracket,20,18,38,19,0.77,0,Serial-crossed,0,0,0,0,0.49,0.51,0.17,0.66,0.49,0.51,0.66,0.17,0.66,0.39,Center-embedded,0.343,0.326,NA,0.33,0.17,0.17,0.17,0.66,0.01,0.66,0,Child_13,palindrome,F,1.1,2,0.1,no,near,discard,Near,discard,discard,discard,discard,discard,discard,discard,Child (Bracket),discard,discard,discard,discard,discard,discard,discard,discard,discard,discard,discard,discard,discard,discard,discard,discard,discard,discard,discard,discard,discard,discard,Child (2 Dimensions),High Load,Near,Near,discard,discard,discard,discard,discard,discard,discard,discard,2 Dimensions
90,657,3776,6,Child,round_4,58,1,bracket,near,same,yes,yes,0,0,0,1,low,0,0.01,not 2D,1D,stack,iterate,iterate,0.5,0.5,NA,0.34,NA,NA,NA,NA,NA,NA,0.92,0.08,0.44,0.28,0.28,0.92,0.23,1,0.92,0.44,1.36,0.92,bracket,near,mix,pure,learn_gen,bracket_bracket,22,6,28,14,0.77,0,Serial-crossed,0,0,0,0,0.92,0.08,0.28,0.28,0.92,0.08,0.28,0.28,0.92,0.39,Center-embedded,0.334,0.329,NA,0.34,0.92,0.08,0,0,0,0.92,0,Child_14,iterate,F,3.7,16,0.6,no,near,discard,Near,discard,discard,discard,discard,discard,discard,discard,Child (Bracket),discard,discard,discard,discard,discard,discard,discard,discard,discard,discard,discard,discard,discard,discard,discard,discard,discard,discard,discard,discard,discard,discard,Child (2 Dimensions),High Load,Near,Near,discard,discard,discard,discard,discard,discard,discard,discard,2 Dimensions
91,658,3778,6,Child,round_4,61,4,bracket,near,same,yes,yes,0.38,0.13,0,0.5,low,0.375,0.57,2D,2D,stack,iterate,stack,0.8,0.2,NA,0.05,NA,NA,NA,NA,NA,NA,0.97,0.03,0.08,0.15,0.77,0.97,0.27,1,0.97,0.77,1.73,0.21,bracket,near,mix,pure,learn_gen,bracket_bracket,6,21,27,13.5,0.73,0.13,Serial-crossed,0.38,0,0,0,0.97,0.03,0.15,0.77,0.97,0.03,0.77,0.15,0.97,0.65,Center-embedded,0.76,0.186,NA,0.05,0.97,0.03,0,0,0.57,0.57,1,Child_15,2D,M,0.3,-15,-0.6,yes,near,discard,Near,discard,discard,discard,discard,discard,discard,discard,Child (Bracket),discard,discard,discard,discard,discard,discard,discard,discard,discard,discard,discard,discard,discard,discard,discard,discard,discard,discard,discard,discard,discard,discard,Child (2 Dimensions),High Load,Near,Near,discard,discard,discard,discard,discard,discard,discard,discard,2 Dimensions
92,659,3780,6,Child,round_4,63,1,bracket,near,same,yes,yes,0.25,0,0.13,0.63,low,0.125,0.58,2D,2D,stack,iterate,stack,0.89,0.11,NA,0.26,NA,NA,NA,NA,NA,NA,0.64,0.36,0.25,0.15,0.6,0.64,0.35,1,0.64,0.6,1.24,0.21,bracket,near,mix,pure,learn_gen,bracket_bracket,19,18,37,18.5,0.65,0.13,Tail-recursive,0.25,0,0,0,0.64,0.36,0.15,0.6,0.64,0.36,0.6,0.15,0.64,0.62,Center-embedded,0.665,0.08,NA,0.26,0.64,0.36,0,0,0.41,0.58,1,Child_16,2D,F,1.1,1,0,yes,near,discard,Near,discard,discard,discard,discard,discard,discard,discard,Child (Bracket),discard,discard,discard,discard,discard,discard,discard,discard,discard,discard,discard,discard,discard,discard,discard,discard,discard,discard,discard,discard,discard,discard,Child (2 Dimensions),High Load,Near,Near,discard,discard,discard,discard,discard,discard,discard,discard,2 Dimensions
93,660,3782,6,Child,round_4,46,1,bracket,near,same,yes,yes,0.25,0.13,0,0.63,low,0,0.4,2D,2D,stack,iterate,stack,0.72,0.28,NA,0.08,NA,NA,NA,NA,NA,NA,0.97,0.03,0.11,0.44,0.45,0.97,0.35,1,0.97,0.45,1.41,0.3,bracket,near,mix,pure,learn_gen,bracket_bracket,10,5,15,7.5,0.65,0.13,Serial-crossed,0.25,0,0,0,0.97,0.03,0.44,0.45,0.97,0.03,0.45,0.44,0.97,0.53,Center-embedded,0.66,0.256,NA,0.08,0.97,0.03,0,0,0.4,0.4,1,Child_17,2D,F,2,5,0.3,yes,near,discard,Near,discard,discard,discard,discard,discard,discard,discard,Child (Bracket),discard,discard,discard,discard,discard,discard,discard,discard,discard,discard,discard,discard,discard,discard,discard,discard,discard,discard,discard,discard,discard,discard,Child (2 Dimensions),High Load,Near,Near,discard,discard,discard,discard,discard,discard,discard,discard,2 Dimensions
94,661,3795,6,Child,round_4,64,4,bracket,near,same,yes,yes,0.13,0,0,0.88,low,0.25,0.46,2D,2D,stack,iterate,stack,0.78,0.22,NA,0.19,NA,NA,NA,NA,NA,NA,0.97,0.03,0.28,0.28,0.44,0.97,0.24,1,0.97,0.44,1.41,0.27,bracket,near,mix,pure,learn_gen,bracket_bracket,12,5,17,8.5,0.76,0,Serial-crossed,0.13,0,0,0,0.97,0.03,0.28,0.44,0.97,0.03,0.44,0.28,0.97,0.61,Center-embedded,0.634,0.179,NA,0.19,0.97,0.03,0,0,0.45,0.46,1,Child_18,2D,M,2.4,7,0.4,yes,near,discard,Near,discard,discard,discard,discard,discard,discard,discard,Child (Bracket),discard,discard,discard,discard,discard,discard,discard,discard,discard,discard,discard,discard,discard,discard,discard,discard,discard,discard,discard,discard,discard,discard,Child (2 Dimensions),High Load,Near,Near,discard,discard,discard,discard,discard,discard,discard,discard,2 Dimensions
95,662,3801,6,Child,round_4,51,1,bracket,near,same,yes,yes,0,0.38,0,0.63,low,0.25,0.83,2D,2D,queue,iterate,queue,0.06,0.94,NA,0.06,NA,NA,NA,NA,NA,NA,0.98,0.02,0.09,0.83,0.09,0.98,0.11,1,0.98,0.83,1.8,0.09,bracket,near,mix,pure,learn_gen,bracket_bracket,10,12,22,11,0.89,0.38,Serial-crossed,0.38,0,0,0,0.98,0.02,0.83,0.09,0.98,0.02,0.09,0.83,0.98,0.86,Serial-crossed,0.057,0.885,NA,0.06,0.98,0.02,0,0,0.06,0.83,0,Child_19,2D,F,0.8,-2,-0.1,no,near,discard,Near,discard,discard,discard,discard,discard,discard,discard,Child (Bracket),discard,discard,discard,discard,discard,discard,discard,discard,discard,discard,discard,discard,discard,discard,discard,discard,discard,discard,discard,discard,discard,discard,Child (2 Dimensions),High Load,Near,Near,discard,discard,discard,discard,discard,discard,discard,discard,2 Dimensions
96,663,3803,6,Child,round_4,71,3,bracket,near,same,yes,yes,0.38,0.13,0,0.5,low,0.25,0.57,2D,2D,stack,iterate,stack,0.8,0.2,NA,0.05,NA,NA,NA,NA,NA,NA,0.95,0.05,0.15,0.15,0.7,0.95,0.27,1,0.95,0.7,1.65,0.21,bracket,near,mix,pure,learn_gen,bracket_bracket,41,21,62,31,0.73,0.13,Serial-crossed,0.38,0,0,0,0.95,0.05,0.15,0.7,0.95,0.05,0.7,0.15,0.95,0.65,Center-embedded,0.758,0.188,NA,0.05,0.95,0.05,0,0,0.57,0.57,1,Child_20,2D,M,2,20,0.3,yes,near,discard,Near,discard,discard,discard,discard,discard,discard,discard,Child (Bracket),discard,discard,discard,discard,discard,discard,discard,discard,discard,discard,discard,discard,discard,discard,discard,discard,discard,discard,discard,discard,discard,discard,Child (2 Dimensions),High Load,Near,Near,discard,discard,discard,discard,discard,discard,discard,discard,2 Dimensions
97,664,3834,6,Child,round_4,55,3,bracket,near,same,yes,yes,0,0,0,1,low,0.125,0,not 2D,1D,stack,iterate,iterate,0.5,0.5,NA,0.33,NA,NA,NA,NA,NA,NA,0.92,0.08,0.44,0.28,0.29,0.92,0.23,1,0.92,0.44,1.36,0.92,bracket,near,mix,pure,learn_gen,bracket_bracket,10,3,13,6.5,0.77,0,Serial-crossed,0,0,0,0,0.92,0.08,0.28,0.29,0.92,0.08,0.29,0.28,0.92,0.39,Center-embedded,0.335,0.332,NA,0.33,0.92,0.08,0,0,0,0.92,0,Child_21,iterate,M,3.3,7,0.5,no,near,discard,Near,discard,discard,discard,discard,discard,discard,discard,Child (Bracket),discard,discard,discard,discard,discard,discard,discard,discard,discard,discard,discard,discard,discard,discard,discard,discard,discard,discard,discard,discard,discard,discard,Child (2 Dimensions),High Load,Near,Near,discard,discard,discard,discard,discard,discard,discard,discard,2 Dimensions
98,665,3846,6,Child,round_4,53,4,bracket,near,same,yes,yes,0.25,0.38,0,0.38,low,0.125,0.22,not 2D,1D,queue,iterate,iterate,0.38,0.62,NA,0.05,NA,NA,NA,NA,NA,NA,0.99,0.01,0.07,0.62,0.31,0.99,0.37,1,0.99,0.62,1.6,0.99,bracket,near,mix,pure,learn_gen,bracket_bracket,5,26,31,15.5,0.63,0.38,Serial-crossed,0.38,0,0,0,0.99,0.01,0.62,0.31,0.99,0.01,0.31,0.62,0.99,0.43,Serial-crossed,0.364,0.588,NA,0.05,0.99,0.01,0,0,0.22,0.99,0,Child_22,iterate,M,0.2,-21,-0.7,no,near,discard,Near,discard,discard,discard,discard,discard,discard,discard,Child (Bracket),discard,discard,discard,discard,discard,discard,discard,discard,discard,discard,discard,discard,discard,discard,discard,discard,discard,discard,discard,discard,discard,discard,Child (2 Dimensions),High Load,Near,Near,discard,discard,discard,discard,discard,discard,discard,discard,2 Dimensions
99,666,4323,6,Child,round_4,66,2,bracket,near,same,yes,yes,0.25,0,0,0.75,high,0.75,0.74,2D,2D,stack,iterate,stack,0.9,0.1,NA,0.09,NA,NA,NA,NA,NA,NA,0.97,0.03,0.17,0.17,0.65,0.97,0.17,1,0.97,0.65,1.62,0.13,bracket,near,mix,pure,learn_gen,bracket_bracket,17,5,22,11,0.83,0,Serial-crossed,0.25,0,0,0,0.97,0.03,0.17,0.65,0.97,0.03,0.65,0.17,0.97,0.78,Center-embedded,0.826,0.087,NA,0.09,0.97,0.03,0,0,0.74,0.74,1,Child_23,2D,M,3.4,12,0.5,yes,near,discard,Near,discard,discard,discard,discard,discard,discard,discard,Child (Bracket),discard,discard,discard,discard,discard,discard,discard,discard,discard,discard,discard,discard,discard,discard,discard,discard,discard,discard,discard,discard,discard,discard,Child (2 Dimensions),High Load,Near,Near,discard,discard,discard,discard,discard,discard,discard,discard,2 Dimensions
100,667,4325,6,Child,round_4,66,4,bracket,near,same,yes,yes,0,0.13,0,0.88,high,0.5,0.47,2D,2D,queue,iterate,queue,0.22,0.78,NA,0.18,NA,NA,NA,NA,NA,NA,0.98,0.02,0.28,0.43,0.29,0.98,0.24,1,0.98,0.43,1.41,0.27,bracket,near,mix,pure,learn_gen,bracket_bracket,15,14,29,14.5,0.76,0.13,Serial-crossed,0.13,0,0,0,0.98,0.02,0.43,0.29,0.98,0.02,0.29,0.43,0.98,0.61,Serial-crossed,0.178,0.645,NA,0.18,0.98,0.02,0,0,0.18,0.47,0,Child_24,2D,M,1.1,1,0,no,near,discard,Near,discard,discard,discard,discard,discard,discard,discard,Child (Bracket),discard,discard,discard,discard,discard,discard,discard,discard,discard,discard,discard,discard,discard,discard,discard,discard,discard,discard,discard,discard,discard,discard,Child (2 Dimensions),High Load,Near,Near,discard,discard,discard,discard,discard,discard,discard,discard,2 Dimensions
101,668,4327,6,Child,round_4,52,3,bracket,near,same,yes,yes,0,0.25,0,0.75,low,0.25,0.74,2D,2D,queue,iterate,queue,0.1,0.9,NA,0.09,NA,NA,NA,NA,NA,NA,0.95,0.05,0.16,0.59,0.25,0.95,0.17,1,0.95,0.59,1.54,0.13,bracket,near,mix,pure,learn_gen,bracket_bracket,5,23,28,14,0.83,0.25,Serial-crossed,0.25,0,0,0,0.95,0.05,0.59,0.25,0.95,0.05,0.25,0.59,0.95,0.78,Serial-crossed,0.087,0.826,NA,0.09,0.95,0.05,0,0,0.09,0.74,0,Child_25,2D,M,0.2,-18,-0.6,no,near,discard,Near,discard,discard,discard,discard,discard,discard,discard,Child (Bracket),discard,discard,discard,discard,discard,discard,discard,discard,discard,discard,discard,discard,discard,discard,discard,discard,discard,discard,discard,discard,discard,discard,Child (2 Dimensions),High Load,Near,Near,discard,discard,discard,discard,discard,discard,discard,discard,2 Dimensions
102,669,4329,6,Child,round_4,53,2,bracket,near,same,yes,yes,0.25,0.25,0.13,0.38,high,0.5,0,not 2D,1D,stack,iterate,iterate,0.5,0.5,NA,0.2,NA,NA,NA,NA,NA,NA,0.95,0.05,0.19,0.4,0.41,0.95,0.73,1,0.95,0.41,1.35,0.95,bracket,near,mix,pure,learn_gen,bracket_bracket,7,5,12,6,0.27,0.25,Serial-crossed,0.25,0,0,0,0.95,0.05,0.4,0.41,0.95,0.05,0.41,0.4,0.95,0.14,Center-embedded,0.402,0.398,NA,0.2,0.95,0.05,0,0,0,0.95,0,Child_26,iterate,M,1.4,2,0.2,no,near,discard,Near,discard,discard,discard,discard,discard,discard,discard,Child (Bracket),discard,discard,discard,discard,discard,discard,discard,discard,discard,discard,discard,discard,discard,discard,discard,discard,discard,discard,discard,discard,discard,discard,Child (2 Dimensions),High Load,Near,Near,discard,discard,discard,discard,discard,discard,discard,discard,2 Dimensions
103,670,4331,6,Child,round_4,52,1,bracket,near,same,yes,yes,0.25,0.13,0,0.63,high,0.5,0.4,2D,2D,stack,iterate,stack,0.72,0.28,NA,0.08,NA,NA,NA,NA,NA,NA,0.99,0.01,0.15,0.25,0.6,0.99,0.34,1,0.99,0.6,1.58,0.3,bracket,near,mix,pure,learn_gen,bracket_bracket,12,12,24,12,0.66,0.13,Serial-crossed,0.25,0,0,0,0.99,0.01,0.25,0.6,0.99,0.01,0.6,0.25,0.99,0.53,Center-embedded,0.658,0.26,NA,0.08,0.99,0.01,0,0,0.4,0.4,1,Child_27,2D,F,1,0,0,yes,near,discard,Near,discard,discard,discard,discard,discard,discard,discard,Child (Bracket),discard,discard,discard,discard,discard,discard,discard,discard,discard,discard,discard,discard,discard,discard,discard,discard,discard,discard,discard,discard,discard,discard,Child (2 Dimensions),High Load,Near,Near,discard,discard,discard,discard,discard,discard,discard,discard,2 Dimensions
104,671,4333,6,Child,round_4,63,2,bracket,near,same,yes,yes,0.13,0,0,0.88,high,0.5,0.47,2D,2D,stack,iterate,stack,0.78,0.22,NA,0.18,NA,NA,NA,NA,NA,NA,0.67,0.33,0.28,0.28,0.44,0.67,0.24,1,0.67,0.44,1.12,0.27,bracket,near,mix,pure,learn_gen,bracket_bracket,4,11,15,7.5,0.76,0,Serial-crossed,0.13,0,0,0,0.67,0.33,0.28,0.44,0.67,0.33,0.44,0.28,0.67,0.61,Center-embedded,0.642,0.177,NA,0.18,0.67,0.33,0,0,0.46,0.47,1,Child_28,2D,M,0.4,-7,-0.5,yes,near,discard,Near,discard,discard,discard,discard,discard,discard,discard,Child (Bracket),discard,discard,discard,discard,discard,discard,discard,discard,discard,discard,discard,discard,discard,discard,discard,discard,discard,discard,discard,discard,discard,discard,Child (2 Dimensions),High Load,Near,Near,discard,discard,discard,discard,discard,discard,discard,discard,2 Dimensions
105,672,1_1,6,Child,round_4,71,4,bracket,near,same,yes,yes,0.13,0.13,0,0.75,low,0.125,0.01,not 2D,1D,stack,iterate,iterate,0.5,0.5,NA,0.13,NA,NA,NA,NA,NA,NA,0.79,0.21,0.79,0.1,0.11,0.79,0.36,1,0.79,0.79,1.59,0.79,bracket,near,mix,pure,learn_gen,bracket_bracket,12,7,19,9.5,0.64,0.13,Serial-crossed,0.13,0,0,0,0.79,0.21,0.1,0.11,0.79,0.21,0.11,0.1,0.79,0.32,Center-embedded,0.436,0.43,NA,0.13,0.79,0.21,0,0,0.01,0.79,0,Child_29,iterate,F,1.7,5,0.3,no,near,discard,Near,discard,discard,discard,discard,discard,discard,discard,Child (Bracket),discard,discard,discard,discard,discard,discard,discard,discard,discard,discard,discard,discard,discard,discard,discard,discard,discard,discard,discard,discard,discard,discard,Child (2 Dimensions),High Load,Near,Near,discard,discard,discard,discard,discard,discard,discard,discard,2 Dimensions
106,673,2_1,6,Child,round_4,76,4,bracket,near,same,yes,yes,0.38,0.13,0,0.5,low,0.25,0.57,2D,2D,stack,iterate,stack,0.8,0.2,NA,0.05,NA,NA,NA,NA,NA,NA,0.98,0.02,0.08,0.16,0.76,0.98,0.27,1,0.98,0.76,1.74,0.21,bracket,near,mix,pure,learn_gen,bracket_bracket,8,12,20,10,0.73,0.13,Serial-crossed,0.38,0,0,0,0.98,0.02,0.16,0.76,0.98,0.02,0.76,0.16,0.98,0.65,Center-embedded,0.76,0.186,NA,0.05,0.98,0.02,0,0,0.57,0.57,1,Child_30,2D,M,0.7,-4,-0.2,yes,near,discard,Near,discard,discard,discard,discard,discard,discard,discard,Child (Bracket),discard,discard,discard,discard,discard,discard,discard,discard,discard,discard,discard,discard,discard,discard,discard,discard,discard,discard,discard,discard,discard,discard,Child (2 Dimensions),High Load,Near,Near,discard,discard,discard,discard,discard,discard,discard,discard,2 Dimensions
107,674,4_1,6,Child,round_4,74,2,bracket,near,same,yes,yes,0,0,0,1,low,0.125,0.02,not 2D,1D,stack,iterate,iterate,0.52,0.48,NA,0.33,NA,NA,NA,NA,NA,NA,0.91,0.09,0.28,0.28,0.44,0.91,0.23,1,0.91,0.44,1.35,0.91,bracket,near,mix,pure,learn_gen,bracket_bracket,11,4,15,7.5,0.77,0,Serial-crossed,0,0,0,0,0.91,0.09,0.28,0.44,0.91,0.09,0.44,0.28,0.91,0.39,Center-embedded,0.344,0.323,NA,0.33,0.91,0.09,0,0,0.01,0.91,0,Child_31,iterate,F,2.8,7,0.5,no,near,discard,Near,discard,discard,discard,discard,discard,discard,discard,Child (Bracket),discard,discard,discard,discard,discard,discard,discard,discard,discard,discard,discard,discard,discard,discard,discard,discard,discard,discard,discard,discard,discard,discard,Child (2 Dimensions),High Load,Near,Near,discard,discard,discard,discard,discard,discard,discard,discard,2 Dimensions
108,675,5_1,6,Child,round_4,69,4,bracket,near,same,yes,yes,0.13,0,0,0.88,low,0.375,0.46,2D,2D,stack,iterate,stack,0.78,0.22,NA,0.18,NA,NA,NA,NA,NA,NA,0.97,0.03,0.28,0.28,0.44,0.97,0.25,1,0.97,0.44,1.41,0.27,bracket,near,mix,pure,learn_gen,bracket_bracket,22,25,47,23.5,0.75,0,Serial-crossed,0.13,0,0,0,0.97,0.03,0.28,0.44,0.97,0.03,0.44,0.28,0.97,0.61,Center-embedded,0.637,0.18,NA,0.18,0.97,0.03,0,0,0.45,0.46,1,Child_32,2D,M,0.9,-3,-0.1,yes,near,discard,Near,discard,discard,discard,discard,discard,discard,discard,Child (Bracket),discard,discard,discard,discard,discard,discard,discard,discard,discard,discard,discard,discard,discard,discard,discard,discard,discard,discard,discard,discard,discard,discard,Child (2 Dimensions),High Load,Near,Near,discard,discard,discard,discard,discard,discard,discard,discard,2 Dimensions
109,676,6_1,6,Child,round_4,68,2,bracket,near,same,yes,yes,0.25,0.13,0,0.63,low,0.125,0.4,2D,2D,stack,iterate,stack,0.72,0.28,NA,0.08,NA,NA,NA,NA,NA,NA,0.92,0.08,0.15,0.15,0.7,0.92,0.35,1,0.92,0.7,1.62,0.3,bracket,near,mix,pure,learn_gen,bracket_bracket,29,10,39,19.5,0.65,0.13,Serial-crossed,0.25,0,0,0,0.92,0.08,0.15,0.7,0.92,0.08,0.7,0.15,0.92,0.53,Center-embedded,0.657,0.261,NA,0.08,0.92,0.08,0,0,0.4,0.4,1,Child_33,2D,F,2.9,19,0.5,yes,near,discard,Near,discard,discard,discard,discard,discard,discard,discard,Child (Bracket),discard,discard,discard,discard,discard,discard,discard,discard,discard,discard,discard,discard,discard,discard,discard,discard,discard,discard,discard,discard,discard,discard,Child (2 Dimensions),High Load,Near,Near,discard,discard,discard,discard,discard,discard,discard,discard,2 Dimensions
110,677,7_1,6,Child,round_4,68,2,bracket,near,same,yes,yes,0.25,0,0,0.75,high,0.625,0.74,2D,2D,stack,iterate,stack,0.91,0.09,NA,0.09,NA,NA,NA,NA,NA,NA,0.93,0.07,0.09,0.08,0.83,0.93,0.17,1,0.93,0.83,1.76,0.13,bracket,near,mix,pure,learn_gen,bracket_bracket,4,6,10,5,0.83,0,Serial-crossed,0.25,0,0,0,0.93,0.07,0.08,0.83,0.93,0.07,0.83,0.08,0.93,0.79,Center-embedded,0.828,0.086,NA,0.09,0.93,0.07,0,0,0.74,0.74,1,Child_34,2D,M,0.7,-2,-0.2,yes,near,discard,Near,discard,discard,discard,discard,discard,discard,discard,Child (Bracket),discard,discard,discard,discard,discard,discard,discard,discard,discard,discard,discard,discard,discard,discard,discard,discard,discard,discard,discard,discard,discard,discard,Child (2 Dimensions),High Load,Near,Near,discard,discard,discard,discard,discard,discard,discard,discard,2 Dimensions
111,678,8_1,6,Child,round_4,68,4,bracket,near,same,yes,yes,0,0.13,0,0.88,high,0.875,0.44,2D,2D,queue,iterate,queue,0.23,0.77,NA,0.19,NA,NA,NA,NA,NA,NA,0.51,0.49,0.28,0.43,0.29,0.51,0.24,1,0.51,0.43,0.93,0.28,bracket,near,mix,pure,learn_gen,bracket_bracket,3,3,6,3,0.76,0.13,Serial-crossed,0.13,0,0,0,0.51,0.49,0.43,0.29,0.51,0.49,0.29,0.43,0.51,0.6,Serial-crossed,0.187,0.628,NA,0.19,0.51,0.49,0,0,0.19,0.44,0,Child_35,2D,M,1,0,0,no,near,discard,Near,discard,discard,discard,discard,discard,discard,discard,Child (Bracket),discard,discard,discard,discard,discard,discard,discard,discard,discard,discard,discard,discard,discard,discard,discard,discard,discard,discard,discard,discard,discard,discard,Child (2 Dimensions),High Load,Near,Near,discard,discard,discard,discard,discard,discard,discard,discard,2 Dimensions
112,679,9_1,6,Child,round_4,68,3,bracket,near,same,yes,yes,0.25,0.13,0,0.63,low,0.25,0.41,2D,2D,stack,iterate,stack,0.72,0.28,NA,0.08,NA,NA,NA,NA,NA,NA,0.95,0.05,0.11,0.45,0.44,0.95,0.35,1,0.95,0.45,1.4,0.3,bracket,near,mix,pure,learn_gen,bracket_bracket,10,4,14,7,0.65,0.13,Serial-crossed,0.25,0,0,0,0.95,0.05,0.45,0.44,0.95,0.05,0.44,0.45,0.95,0.53,Center-embedded,0.663,0.255,NA,0.08,0.95,0.05,0,0,0.41,0.41,1,Child_36,2D,M,2.5,6,0.4,yes,near,discard,Near,discard,discard,discard,discard,discard,discard,discard,Child (Bracket),discard,discard,discard,discard,discard,discard,discard,discard,discard,discard,discard,discard,discard,discard,discard,discard,discard,discard,discard,discard,discard,discard,Child (2 Dimensions),High Load,Near,Near,discard,discard,discard,discard,discard,discard,discard,discard,2 Dimensions
113,680,10_1,6,Child,round_4,66,2,bracket,near,same,yes,yes,0.13,0,0,0.88,low,0.375,0.47,2D,2D,stack,iterate,stack,0.78,0.22,NA,0.18,NA,NA,NA,NA,NA,NA,0.84,0.16,0.59,0.16,0.26,0.84,0.24,1,0.84,0.59,1.43,0.27,bracket,near,mix,pure,learn_gen,bracket_bracket,12,13,25,12.5,0.76,0,Serial-crossed,0.13,0,0,0,0.84,0.16,0.16,0.26,0.84,0.16,0.26,0.16,0.84,0.61,Center-embedded,0.643,0.178,NA,0.18,0.84,0.16,0,0,0.46,0.47,1,Child_37,2D,F,0.9,-1,0,yes,near,discard,Near,discard,discard,discard,discard,discard,discard,discard,Child (Bracket),discard,discard,discard,discard,discard,discard,discard,discard,discard,discard,discard,discard,discard,discard,discard,discard,discard,discard,discard,discard,discard,discard,Child (2 Dimensions),High Load,Near,Near,discard,discard,discard,discard,discard,discard,discard,discard,2 Dimensions
114,681,11_1,6,Child,round_4,66,4,bracket,near,same,yes,yes,0.13,0.38,0,0.5,low,0.25,0.57,2D,2D,queue,iterate,queue,0.2,0.8,NA,0.05,NA,NA,NA,NA,NA,NA,0.97,0.03,0.08,0.77,0.15,0.97,0.26,1,0.97,0.77,1.73,0.22,bracket,near,mix,pure,learn_gen,bracket_bracket,8,13,21,10.5,0.74,0.38,Serial-crossed,0.38,0,0,0,0.97,0.03,0.77,0.15,0.97,0.03,0.15,0.77,0.97,0.65,Serial-crossed,0.189,0.757,NA,0.05,0.97,0.03,0,0,0.19,0.57,0,Child_38,2D,M,0.6,-5,-0.2,no,near,discard,Near,discard,discard,discard,discard,discard,discard,discard,Child (Bracket),discard,discard,discard,discard,discard,discard,discard,discard,discard,discard,discard,discard,discard,discard,discard,discard,discard,discard,discard,discard,discard,discard,Child (2 Dimensions),High Load,Near,Near,discard,discard,discard,discard,discard,discard,discard,discard,2 Dimensions
115,682,12_1,6,Child,round_4,66,3,bracket,near,same,yes,yes,0.13,0.13,0,0.75,high,0.5,0.01,not 2D,1D,stack,iterate,iterate,0.51,0.49,NA,0.14,NA,NA,NA,NA,NA,NA,0.87,0.13,0.25,0.37,0.38,0.87,0.37,1,0.87,0.38,1.25,0.87,bracket,near,mix,pure,learn_gen,bracket_bracket,16,4,20,10,0.63,0.13,Serial-crossed,0.13,0,0,0,0.87,0.13,0.37,0.38,0.87,0.13,0.38,0.37,0.87,0.32,Center-embedded,0.437,0.427,NA,0.14,0.87,0.13,0,0,0.01,0.87,0,Child_39,iterate,M,4,12,0.6,no,near,discard,Near,discard,discard,discard,discard,discard,discard,discard,Child (Bracket),discard,discard,discard,discard,discard,discard,discard,discard,discard,discard,discard,discard,discard,discard,discard,discard,discard,discard,discard,discard,discard,discard,Child (2 Dimensions),High Load,Near,Near,discard,discard,discard,discard,discard,discard,discard,discard,2 Dimensions
116,683,13_1,6,Child,round_4,66,4,bracket,near,same,yes,yes,0.25,0,0.13,0.63,high,0.625,0.58,2D,2D,stack,iterate,stack,0.89,0.11,NA,0.25,NA,NA,NA,NA,NA,NA,0.93,0.07,0.25,0.15,0.6,0.93,0.34,1,0.93,0.6,1.53,0.21,bracket,near,mix,pure,learn_gen,bracket_bracket,3,7,10,5,0.66,0.13,Tail-recursive,0.25,0,0,0,0.93,0.07,0.15,0.6,0.93,0.07,0.6,0.15,0.93,0.62,Center-embedded,0.665,0.081,NA,0.25,0.93,0.07,0,0,0.41,0.58,1,Child_40,2D,M,0.4,-4,-0.4,yes,near,discard,Near,discard,discard,discard,discard,discard,discard,discard,Child (Bracket),discard,discard,discard,discard,discard,discard,discard,discard,discard,discard,discard,discard,discard,discard,discard,discard,discard,discard,discard,discard,discard,discard,Child (2 Dimensions),High Load,Near,Near,discard,discard,discard,discard,discard,discard,discard,discard,2 Dimensions
117,684,15_1,6,Child,round_4,64,3,bracket,near,same,yes,yes,0.13,0,0.13,0.75,low,0.25,0.3,not 2D,1D,stack,alternate,alternate,0.76,0.24,NA,0.43,NA,NA,NA,NA,NA,NA,0.49,0.51,0.38,0.24,0.38,0.51,0.36,1,0.51,0.38,0.89,0.51,bracket,near,mix,pure,learn_gen,bracket_bracket,6,4,10,5,0.64,0.13,Tail-recursive,0.13,0,0,0,0.49,0.51,0.24,0.38,0.49,0.51,0.38,0.24,0.51,0.47,Center-embedded,0.434,0.136,NA,0.43,0.49,0.51,0,0,0,0.51,0,Child_41,alternate,M,1.5,2,0.2,no,near,discard,Near,discard,discard,discard,discard,discard,discard,discard,Child (Bracket),discard,discard,discard,discard,discard,discard,discard,discard,discard,discard,discard,discard,discard,discard,discard,discard,discard,discard,discard,discard,discard,discard,Child (2 Dimensions),High Load,Near,Near,discard,discard,discard,discard,discard,discard,discard,discard,2 Dimensions
118,685,16_1,6,Child,round_4,66,4,bracket,near,same,yes,yes,0.25,0,0,0.75,low,0.375,0.74,2D,2D,stack,palindrome,stack,0.9,0.1,NA,0.09,NA,NA,NA,NA,NA,NA,0.66,0.34,0.08,0.15,0.76,0.76,0.17,2,0.66,0.76,1.42,0.13,bracket,near,mix,pure,learn_gen,bracket_bracket,3,4,7,3.5,0.83,0,Serial-crossed,0.25,0,0,0,0.66,0.34,0.15,0.76,0.66,0.34,0.76,0.15,0.76,0.79,Center-embedded,0.827,0.087,NA,0.09,0.08,0.15,0.15,0.76,0.74,0.74,1,Child_42,2D,F,0.8,-1,-0.1,yes,near,discard,Near,discard,discard,discard,discard,discard,discard,discard,Child (Bracket),discard,discard,discard,discard,discard,discard,discard,discard,discard,discard,discard,discard,discard,discard,discard,discard,discard,discard,discard,discard,discard,discard,Child (2 Dimensions),High Load,Near,Near,discard,discard,discard,discard,discard,discard,discard,discard,2 Dimensions
119,686,17_1,6,Child,round_4,66,4,bracket,near,same,yes,yes,1,0,0,0,high,0.875,0.96,2D,2D,stack,iterate,stack,0.99,0.01,NA,0.01,NA,NA,NA,NA,NA,NA,0.99,0.01,0.01,0.01,0.98,0.99,0.02,1,0.99,0.98,1.96,0.02,bracket,near,mix,pure,learn_gen,bracket_bracket,4,4,8,4,0.98,0,Serial-crossed,1,0,0,0,0.99,0.01,0.01,0.98,0.99,0.01,0.98,0.01,0.99,0.97,Center-embedded,0.976,0.012,NA,0.01,0.99,0.01,0,0,0.96,0.96,1,Child_43,2D,F,1,0,0,yes,near,discard,Near,discard,discard,discard,discard,discard,discard,discard,Child (Bracket),discard,discard,discard,discard,discard,discard,discard,discard,discard,discard,discard,discard,discard,discard,discard,discard,discard,discard,discard,discard,discard,discard,Child (2 Dimensions),High Load,Near,Near,discard,discard,discard,discard,discard,discard,discard,discard,2 Dimensions
120,687,18_1,6,Child,round_4,65,4,bracket,near,same,yes,yes,0.5,0,0,0.5,high,0.75,0.87,2D,2D,stack,iterate,stack,0.96,0.04,NA,0.04,NA,NA,NA,NA,NA,NA,0.99,0.01,0.05,0.05,0.89,0.99,0.07,1,0.99,0.89,1.88,0.06,bracket,near,mix,pure,learn_gen,bracket_bracket,9,4,13,6.5,0.93,0,Serial-crossed,0.5,0,0,0,0.99,0.01,0.05,0.89,0.99,0.01,0.89,0.05,0.99,0.9,Center-embedded,0.916,0.042,NA,0.04,0.99,0.01,0,0,0.87,0.87,1,Child_44,2D,M,2.3,5,0.4,yes,near,discard,Near,discard,discard,discard,discard,discard,discard,discard,Child (Bracket),discard,discard,discard,discard,discard,discard,discard,discard,discard,discard,discard,discard,discard,discard,discard,discard,discard,discard,discard,discard,discard,discard,Child (2 Dimensions),High Load,Near,Near,discard,discard,discard,discard,discard,discard,discard,discard,2 Dimensions
121,688,19_1,6,Child,round_4,65,3,bracket,near,same,yes,yes,0.13,0.38,0,0.5,high,1,0.57,2D,2D,queue,iterate,queue,0.2,0.8,NA,0.06,NA,NA,NA,NA,NA,NA,0.99,0.01,0.08,0.76,0.16,0.99,0.27,1,0.99,0.76,1.75,0.22,bracket,near,mix,pure,learn_gen,bracket_bracket,3,4,7,3.5,0.73,0.38,Serial-crossed,0.38,0,0,0,0.99,0.01,0.76,0.16,0.99,0.01,0.16,0.76,0.99,0.65,Serial-crossed,0.188,0.757,NA,0.06,0.99,0.01,0,0,0.19,0.57,0,Child_45,2D,M,0.8,-1,-0.1,no,near,discard,Near,discard,discard,discard,discard,discard,discard,discard,Child (Bracket),discard,discard,discard,discard,discard,discard,discard,discard,discard,discard,discard,discard,discard,discard,discard,discard,discard,discard,discard,discard,discard,discard,Child (2 Dimensions),High Load,Near,Near,discard,discard,discard,discard,discard,discard,discard,discard,2 Dimensions
122,689,20_1,6,Child,round_4,66,4,bracket,near,same,yes,yes,0.75,0,0,0.25,high,0.5,0.92,2D,2D,stack,iterate,stack,0.97,0.03,NA,0.03,NA,NA,NA,NA,NA,NA,0.98,0.02,0.03,0.03,0.95,0.98,0.04,1,0.98,0.95,1.92,0.04,bracket,near,mix,pure,learn_gen,bracket_bracket,8,3,11,5.5,0.96,0,Serial-crossed,0.75,0,0,0,0.98,0.02,0.03,0.95,0.98,0.02,0.95,0.03,0.98,0.94,Center-embedded,0.947,0.026,NA,0.03,0.98,0.02,0,0,0.92,0.92,1,Child_46,2D,M,2.7,5,0.5,yes,near,discard,Near,discard,discard,discard,discard,discard,discard,discard,Child (Bracket),discard,discard,discard,discard,discard,discard,discard,discard,discard,discard,discard,discard,discard,discard,discard,discard,discard,discard,discard,discard,discard,discard,Child (2 Dimensions),High Load,Near,Near,discard,discard,discard,discard,discard,discard,discard,discard,2 Dimensions
123,772,6539,6,Adult,NA,NA,NA,bracket,near,same,yes,yes,0.63,0,0,0.38,high,0.875,0.9,2D,2D,stack,iterate,stack,0.97,0.03,NA,0.03,NA,NA,NA,NA,NA,NA,0.98,0.02,0.04,0.04,0.88,0.98,0.05,1,0.98,0.88,1.85,0.05,bracket,near,mix,pure,learn_gen,bracket_bracket,3,4,7,3.5,0.95,0,Serial-crossed,0.63,0,0,0,0.98,0.02,0.04,0.88,0.98,0.02,0.88,0.04,0.98,0.93,Center-embedded,0.935,0.033,NA,0.03,0.98,0.02,0,0,0.9,0.9,1,NA,2D,NA,0.8,-1,-0.1,yes,near,discard,Near,discard,discard,discard,discard,discard,discard,discard,Adult (Bracket),discard,discard,discard,discard,discard,discard,discard,discard,discard,discard,discard,discard,discard,discard,discard,discard,discard,discard,discard,discard,discard,discard,Adult (2 Dimensions),High Load,Near,Near,discard,discard,discard,discard,discard,discard,discard,discard,2 Dimensions
124,773,6540,6,Adult,NA,NA,NA,bracket,near,same,yes,yes,0.13,0,0,0.88,high,0.625,0.45,2D,2D,stack,iterate,stack,0.77,0.23,NA,0.18,NA,NA,NA,NA,NA,NA,0.99,0.01,0.22,0.22,0.36,0.99,0.24,1,0.99,0.36,1.34,0.28,bracket,near,mix,pure,learn_gen,bracket_bracket,4,3,7,3.5,0.76,0,Serial-crossed,0.13,0,0,0,0.99,0.01,0.22,0.36,0.99,0.01,0.36,0.22,0.99,0.6,Center-embedded,0.635,0.185,NA,0.18,0.99,0.01,0,0,0.45,0.45,1,NA,2D,NA,1.3,1,0.1,yes,near,discard,Near,discard,discard,discard,discard,discard,discard,discard,Adult (Bracket),discard,discard,discard,discard,discard,discard,discard,discard,discard,discard,discard,discard,discard,discard,discard,discard,discard,discard,discard,discard,discard,discard,Adult (2 Dimensions),High Load,Near,Near,discard,discard,discard,discard,discard,discard,discard,discard,2 Dimensions
125,774,6541,6,Adult,NA,NA,NA,bracket,near,same,yes,yes,1,0,0,0,high,1,0.96,2D,2D,stack,iterate,stack,0.99,0.01,NA,0.01,NA,NA,NA,NA,NA,NA,0.99,0.01,0.01,0.01,0.96,0.99,0.02,1,0.99,0.96,1.94,0.02,bracket,near,mix,pure,learn_gen,bracket_bracket,4,3,7,3.5,0.98,0,Serial-crossed,1,0,0,0,0.99,0.01,0.01,0.96,0.99,0.01,0.96,0.01,0.99,0.97,Center-embedded,0.976,0.012,NA,0.01,0.99,0.01,0,0,0.96,0.96,1,NA,2D,NA,1.3,1,0.1,yes,near,discard,Near,discard,discard,discard,discard,discard,discard,discard,Adult (Bracket),discard,discard,discard,discard,discard,discard,discard,discard,discard,discard,discard,discard,discard,discard,discard,discard,discard,discard,discard,discard,discard,discard,Adult (2 Dimensions),High Load,Near,Near,discard,discard,discard,discard,discard,discard,discard,discard,2 Dimensions
126,775,6542,6,Adult,NA,NA,NA,bracket,near,same,yes,yes,0.75,0,0,0.25,high,1,0.92,2D,2D,stack,palindrome,stack,0.97,0.03,NA,0.03,NA,NA,NA,NA,NA,NA,0.93,0.07,0.02,0.02,0.93,0.93,0.04,2,0.93,0.93,1.87,0.04,bracket,near,mix,pure,learn_gen,bracket_bracket,3,3,6,3,0.96,0,Serial-crossed,0.75,0,0,0,0.93,0.07,0.02,0.93,0.93,0.07,0.93,0.02,0.93,0.94,Center-embedded,0.949,0.025,NA,0.03,0.02,0.02,0.02,0.93,0.92,0.92,1,NA,2D,NA,1,0,0,yes,near,discard,Near,discard,discard,discard,discard,discard,discard,discard,Adult (Bracket),discard,discard,discard,discard,discard,discard,discard,discard,discard,discard,discard,discard,discard,discard,discard,discard,discard,discard,discard,discard,discard,discard,Adult (2 Dimensions),High Load,Near,Near,discard,discard,discard,discard,discard,discard,discard,discard,2 Dimensions
127,776,6543,6,Adult,NA,NA,NA,bracket,near,same,yes,yes,0.63,0,0,0.38,high,0.75,0.9,2D,2D,stack,iterate,stack,0.97,0.03,NA,0.03,NA,NA,NA,NA,NA,NA,0.99,0.01,0.04,0.04,0.88,0.99,0.05,1,0.99,0.88,1.86,0.05,bracket,near,mix,pure,learn_gen,bracket_bracket,3,10,13,6.5,0.95,0,Serial-crossed,0.63,0,0,0,0.99,0.01,0.04,0.88,0.99,0.01,0.88,0.04,0.99,0.93,Center-embedded,0.934,0.033,NA,0.03,0.99,0.01,0,0,0.9,0.9,1,NA,2D,NA,0.3,-7,-0.5,yes,near,discard,Near,discard,discard,discard,discard,discard,discard,discard,Adult (Bracket),discard,discard,discard,discard,discard,discard,discard,discard,discard,discard,discard,discard,discard,discard,discard,discard,discard,discard,discard,discard,discard,discard,Adult (2 Dimensions),High Load,Near,Near,discard,discard,discard,discard,discard,discard,discard,discard,2 Dimensions
128,777,6544,6,Adult,NA,NA,NA,bracket,near,same,yes,yes,1,0,0,0,high,1,0.96,2D,2D,stack,iterate,stack,0.99,0.01,NA,0.01,NA,NA,NA,NA,NA,NA,0.99,0.01,0.01,0.01,0.96,0.99,0.02,1,0.99,0.96,1.94,0.02,bracket,near,mix,pure,learn_gen,bracket_bracket,4,3,7,3.5,0.98,0,Serial-crossed,1,0,0,0,0.99,0.01,0.01,0.96,0.99,0.01,0.96,0.01,0.99,0.97,Center-embedded,0.975,0.012,NA,0.01,0.99,0.01,0,0,0.96,0.96,1,NA,2D,NA,1.3,1,0.1,yes,near,discard,Near,discard,discard,discard,discard,discard,discard,discard,Adult (Bracket),discard,discard,discard,discard,discard,discard,discard,discard,discard,discard,discard,discard,discard,discard,discard,discard,discard,discard,discard,discard,discard,discard,Adult (2 Dimensions),High Load,Near,Near,discard,discard,discard,discard,discard,discard,discard,discard,2 Dimensions
129,778,6545,6,Adult,NA,NA,NA,bracket,near,same,yes,yes,1,0,0,0,high,0.875,0.96,2D,2D,stack,iterate,stack,0.99,0.01,NA,0.01,NA,NA,NA,NA,NA,NA,0.99,0.01,0.01,0.01,0.96,0.99,0.02,1,0.99,0.96,1.94,0.02,bracket,near,mix,pure,learn_gen,bracket_bracket,4,3,7,3.5,0.98,0,Serial-crossed,1,0,0,0,0.99,0.01,0.01,0.96,0.99,0.01,0.96,0.01,0.99,0.97,Center-embedded,0.975,0.012,NA,0.01,0.99,0.01,0,0,0.96,0.96,1,NA,2D,NA,1.3,1,0.1,yes,near,discard,Near,discard,discard,discard,discard,discard,discard,discard,Adult (Bracket),discard,discard,discard,discard,discard,discard,discard,discard,discard,discard,discard,discard,discard,discard,discard,discard,discard,discard,discard,discard,discard,discard,Adult (2 Dimensions),High Load,Near,Near,discard,discard,discard,discard,discard,discard,discard,discard,2 Dimensions
130,779,6546,6,Adult,NA,NA,NA,bracket,near,same,yes,yes,0.88,0,0,0.13,high,1,0.94,2D,2D,stack,iterate,stack,0.98,0.02,NA,0.02,NA,NA,NA,NA,NA,NA,0.99,0.01,0.02,0.02,0.93,0.99,0.03,1,0.99,0.93,1.92,0.03,bracket,near,mix,pure,learn_gen,bracket_bracket,3,3,6,3,0.97,0,Serial-crossed,0.88,0,0,0,0.99,0.01,0.02,0.93,0.99,0.01,0.93,0.02,0.99,0.96,Center-embedded,0.962,0.019,NA,0.02,0.99,0.01,0,0,0.94,0.94,1,NA,2D,NA,1,0,0,yes,near,discard,Near,discard,discard,discard,discard,discard,discard,discard,Adult (Bracket),discard,discard,discard,discard,discard,discard,discard,discard,discard,discard,discard,discard,discard,discard,discard,discard,discard,discard,discard,discard,discard,discard,Adult (2 Dimensions),High Load,Near,Near,discard,discard,discard,discard,discard,discard,discard,discard,2 Dimensions
131,780,6547,6,Adult,NA,NA,NA,bracket,near,same,yes,yes,0.13,0.13,0,0.75,high,0.875,0.01,not 2D,1D,stack,iterate,iterate,0.51,0.49,NA,0.13,NA,NA,NA,NA,NA,NA,0.98,0.02,0.18,0.27,0.29,0.98,0.37,1,0.98,0.29,1.26,0.98,bracket,near,mix,pure,learn_gen,bracket_bracket,4,3,7,3.5,0.63,0.13,Serial-crossed,0.13,0,0,0,0.98,0.02,0.27,0.29,0.98,0.02,0.29,0.27,0.98,0.32,Center-embedded,0.438,0.427,NA,0.13,0.98,0.02,0,0,0.01,0.98,0,NA,iterate,NA,1.3,1,0.1,no,near,discard,Near,discard,discard,discard,discard,discard,discard,discard,Adult (Bracket),discard,discard,discard,discard,discard,discard,discard,discard,discard,discard,discard,discard,discard,discard,discard,discard,discard,discard,discard,discard,discard,discard,Adult (2 Dimensions),High Load,Near,Near,discard,discard,discard,discard,discard,discard,discard,discard,2 Dimensions
132,781,6548,6,Adult,NA,NA,NA,bracket,near,same,yes,yes,1,0,0,0,high,1,0.96,2D,2D,stack,iterate,stack,0.99,0.01,NA,0.01,NA,NA,NA,NA,NA,NA,0.99,0.01,0.01,0.01,0.96,0.99,0.02,1,0.99,0.96,1.94,0.02,bracket,near,mix,pure,learn_gen,bracket_bracket,8,9,17,8.5,0.98,0,Serial-crossed,1,0,0,0,0.99,0.01,0.01,0.96,0.99,0.01,0.96,0.01,0.99,0.97,Center-embedded,0.976,0.012,NA,0.01,0.99,0.01,0,0,0.96,0.96,1,NA,2D,NA,0.9,-1,-0.1,yes,near,discard,Near,discard,discard,discard,discard,discard,discard,discard,Adult (Bracket),discard,discard,discard,discard,discard,discard,discard,discard,discard,discard,discard,discard,discard,discard,discard,discard,discard,discard,discard,discard,discard,discard,Adult (2 Dimensions),High Load,Near,Near,discard,discard,discard,discard,discard,discard,discard,discard,2 Dimensions
133,782,6549,6,Adult,NA,NA,NA,bracket,near,same,yes,yes,0.5,0,0,0.5,high,0.875,0.87,2D,2D,stack,iterate,stack,0.96,0.04,NA,0.04,NA,NA,NA,NA,NA,NA,0.99,0.01,0.05,0.05,0.83,0.99,0.07,1,0.99,0.83,1.81,0.06,bracket,near,mix,pure,learn_gen,bracket_bracket,3,4,7,3.5,0.93,0,Serial-crossed,0.5,0,0,0,0.99,0.01,0.05,0.83,0.99,0.01,0.83,0.05,0.99,0.9,Center-embedded,0.915,0.042,NA,0.04,0.99,0.01,0,0,0.87,0.87,1,NA,2D,NA,0.8,-1,-0.1,yes,near,discard,Near,discard,discard,discard,discard,discard,discard,discard,Adult (Bracket),discard,discard,discard,discard,discard,discard,discard,discard,discard,discard,discard,discard,discard,discard,discard,discard,discard,discard,discard,discard,discard,discard,Adult (2 Dimensions),High Load,Near,Near,discard,discard,discard,discard,discard,discard,discard,discard,2 Dimensions
134,783,6550,6,Adult,NA,NA,NA,bracket,near,same,yes,yes,0.5,0,0,0.5,high,0.875,0.87,2D,2D,stack,iterate,stack,0.96,0.04,NA,0.04,NA,NA,NA,NA,NA,NA,0.99,0.01,0.05,0.05,0.83,0.99,0.07,1,0.99,0.83,1.81,0.06,bracket,near,mix,pure,learn_gen,bracket_bracket,3,4,7,3.5,0.93,0,Serial-crossed,0.5,0,0,0,0.99,0.01,0.05,0.83,0.99,0.01,0.83,0.05,0.99,0.9,Center-embedded,0.916,0.041,NA,0.04,0.99,0.01,0,0,0.87,0.87,1,NA,2D,NA,0.8,-1,-0.1,yes,near,discard,Near,discard,discard,discard,discard,discard,discard,discard,Adult (Bracket),discard,discard,discard,discard,discard,discard,discard,discard,discard,discard,discard,discard,discard,discard,discard,discard,discard,discard,discard,discard,discard,discard,Adult (2 Dimensions),High Load,Near,Near,discard,discard,discard,discard,discard,discard,discard,discard,2 Dimensions
135,784,6551,6,Adult,NA,NA,NA,bracket,near,same,yes,yes,1,0,0,0,high,1,0.96,2D,2D,stack,iterate,stack,0.99,0.01,NA,0.01,NA,NA,NA,NA,NA,NA,0.99,0.01,0.01,0.01,0.96,0.99,0.02,1,0.99,0.96,1.95,0.02,bracket,near,mix,pure,learn_gen,bracket_bracket,3,3,6,3,0.98,0,Serial-crossed,1,0,0,0,0.99,0.01,0.01,0.96,0.99,0.01,0.96,0.01,0.99,0.97,Center-embedded,0.975,0.012,NA,0.01,0.99,0.01,0,0,0.96,0.96,1,NA,2D,NA,1,0,0,yes,near,discard,Near,discard,discard,discard,discard,discard,discard,discard,Adult (Bracket),discard,discard,discard,discard,discard,discard,discard,discard,discard,discard,discard,discard,discard,discard,discard,discard,discard,discard,discard,discard,discard,discard,Adult (2 Dimensions),High Load,Near,Near,discard,discard,discard,discard,discard,discard,discard,discard,2 Dimensions
136,785,6552,6,Adult,NA,NA,NA,bracket,near,same,yes,yes,0.5,0,0,0.5,high,0.75,0.88,2D,2D,stack,iterate,stack,0.96,0.04,NA,0.04,NA,NA,NA,NA,NA,NA,0.98,0.02,0.05,0.05,0.82,0.98,0.07,1,0.98,0.82,1.8,0.06,bracket,near,mix,pure,learn_gen,bracket_bracket,82,4,86,43,0.93,0,Serial-crossed,0.5,0,0,0,0.98,0.02,0.05,0.82,0.98,0.02,0.82,0.05,0.98,0.9,Center-embedded,0.917,0.042,NA,0.04,0.98,0.02,0,0,0.88,0.88,1,NA,2D,NA,20.5,78,0.9,yes,near,discard,Near,discard,discard,discard,discard,discard,discard,discard,Adult (Bracket),discard,discard,discard,discard,discard,discard,discard,discard,discard,discard,discard,discard,discard,discard,discard,discard,discard,discard,discard,discard,discard,discard,Adult (2 Dimensions),High Load,Near,Near,discard,discard,discard,discard,discard,discard,discard,discard,2 Dimensions
137,786,6553,6,Adult,NA,NA,NA,bracket,near,same,yes,yes,1,0,0,0,high,0.75,0.96,2D,2D,stack,iterate,stack,0.99,0.01,NA,0.01,NA,NA,NA,NA,NA,NA,0.99,0.01,0.01,0.01,0.96,0.99,0.02,1,0.99,0.96,1.94,0.02,bracket,near,mix,pure,learn_gen,bracket_bracket,4,3,7,3.5,0.98,0,Serial-crossed,1,0,0,0,0.99,0.01,0.01,0.96,0.99,0.01,0.96,0.01,0.99,0.97,Center-embedded,0.976,0.012,NA,0.01,0.99,0.01,0,0,0.96,0.96,1,NA,2D,NA,1.3,1,0.1,yes,near,discard,Near,discard,discard,discard,discard,discard,discard,discard,Adult (Bracket),discard,discard,discard,discard,discard,discard,discard,discard,discard,discard,discard,discard,discard,discard,discard,discard,discard,discard,discard,discard,discard,discard,Adult (2 Dimensions),High Load,Near,Near,discard,discard,discard,discard,discard,discard,discard,discard,2 Dimensions
138,787,6554,6,Adult,NA,NA,NA,bracket,near,same,yes,yes,1,0,0,0,high,1,0.96,2D,2D,stack,iterate,stack,0.99,0.01,NA,0.01,NA,NA,NA,NA,NA,NA,0.99,0.01,0.01,0.01,0.96,0.99,0.02,1,0.99,0.96,1.95,0.02,bracket,near,mix,pure,learn_gen,bracket_bracket,3,3,6,3,0.98,0,Serial-crossed,1,0,0,0,0.99,0.01,0.01,0.96,0.99,0.01,0.96,0.01,0.99,0.97,Center-embedded,0.975,0.013,NA,0.01,0.99,0.01,0,0,0.96,0.96,1,NA,2D,NA,1,0,0,yes,near,discard,Near,discard,discard,discard,discard,discard,discard,discard,Adult (Bracket),discard,discard,discard,discard,discard,discard,discard,discard,discard,discard,discard,discard,discard,discard,discard,discard,discard,discard,discard,discard,discard,discard,Adult (2 Dimensions),High Load,Near,Near,discard,discard,discard,discard,discard,discard,discard,discard,2 Dimensions
139,788,6555,6,Adult,NA,NA,NA,bracket,near,same,yes,yes,1,0,0,0,high,0.875,0.96,2D,2D,stack,iterate,stack,0.99,0.01,NA,0.01,NA,NA,NA,NA,NA,NA,0.99,0.01,0.01,0.01,0.96,0.99,0.02,1,0.99,0.96,1.94,0.02,bracket,near,mix,pure,learn_gen,bracket_bracket,4,4,8,4,0.98,0,Serial-crossed,1,0,0,0,0.99,0.01,0.01,0.96,0.99,0.01,0.96,0.01,0.99,0.97,Center-embedded,0.976,0.012,NA,0.01,0.99,0.01,0,0,0.96,0.96,1,NA,2D,NA,1,0,0,yes,near,discard,Near,discard,discard,discard,discard,discard,discard,discard,Adult (Bracket),discard,discard,discard,discard,discard,discard,discard,discard,discard,discard,discard,discard,discard,discard,discard,discard,discard,discard,discard,discard,discard,discard,Adult (2 Dimensions),High Load,Near,Near,discard,discard,discard,discard,discard,discard,discard,discard,2 Dimensions
140,789,6556,6,Adult,NA,NA,NA,bracket,near,same,yes,yes,0.75,0,0,0.25,high,0.625,0.92,2D,2D,stack,iterate,stack,0.97,0.03,NA,0.03,NA,NA,NA,NA,NA,NA,0.99,0.01,0.03,0.03,0.91,0.99,0.04,1,0.99,0.91,1.89,0.04,bracket,near,mix,pure,learn_gen,bracket_bracket,10,3,13,6.5,0.96,0,Serial-crossed,0.75,0,0,0,0.99,0.01,0.03,0.91,0.99,0.01,0.91,0.03,0.99,0.94,Center-embedded,0.948,0.026,NA,0.03,0.99,0.01,0,0,0.92,0.92,1,NA,2D,NA,3.3,7,0.5,yes,near,discard,Near,discard,discard,discard,discard,discard,discard,discard,Adult (Bracket),discard,discard,discard,discard,discard,discard,discard,discard,discard,discard,discard,discard,discard,discard,discard,discard,discard,discard,discard,discard,discard,discard,Adult (2 Dimensions),High Load,Near,Near,discard,discard,discard,discard,discard,discard,discard,discard,2 Dimensions
141,790,6558,6,Adult,NA,NA,NA,bracket,near,same,yes,yes,0.88,0,0,0.13,high,1,0.94,2D,2D,stack,iterate,stack,0.98,0.02,NA,0.02,NA,NA,NA,NA,NA,NA,0.99,0.01,0.02,0.02,0.93,0.99,0.03,1,0.99,0.93,1.92,0.03,bracket,near,mix,pure,learn_gen,bracket_bracket,5,3,8,4,0.97,0,Serial-crossed,0.88,0,0,0,0.99,0.01,0.02,0.93,0.99,0.01,0.93,0.02,0.99,0.96,Center-embedded,0.962,0.019,NA,0.02,0.99,0.01,0,0,0.94,0.94,1,NA,2D,NA,1.7,2,0.3,yes,near,discard,Near,discard,discard,discard,discard,discard,discard,discard,Adult (Bracket),discard,discard,discard,discard,discard,discard,discard,discard,discard,discard,discard,discard,discard,discard,discard,discard,discard,discard,discard,discard,discard,discard,Adult (2 Dimensions),High Load,Near,Near,discard,discard,discard,discard,discard,discard,discard,discard,2 Dimensions
142,791,6559,6,Adult,NA,NA,NA,bracket,near,same,yes,yes,0.88,0,0,0.13,high,0.875,0.94,2D,2D,stack,iterate,stack,0.98,0.02,NA,0.02,NA,NA,NA,NA,NA,NA,0.99,0.01,0.02,0.02,0.93,0.99,0.03,1,0.99,0.93,1.92,0.03,bracket,near,mix,pure,learn_gen,bracket_bracket,9,3,12,6,0.97,0,Serial-crossed,0.88,0,0,0,0.99,0.01,0.02,0.93,0.99,0.01,0.93,0.02,0.99,0.96,Center-embedded,0.961,0.02,NA,0.02,0.99,0.01,0,0,0.94,0.94,1,NA,2D,NA,3,6,0.5,yes,near,discard,Near,discard,discard,discard,discard,discard,discard,discard,Adult (Bracket),discard,discard,discard,discard,discard,discard,discard,discard,discard,discard,discard,discard,discard,discard,discard,discard,discard,discard,discard,discard,discard,discard,Adult (2 Dimensions),High Load,Near,Near,discard,discard,discard,discard,discard,discard,discard,discard,2 Dimensions
143,792,6560,6,Adult,NA,NA,NA,bracket,near,same,yes,yes,1,0,0,0,high,1,0.96,2D,2D,stack,iterate,stack,0.99,0.01,NA,0.01,NA,NA,NA,NA,NA,NA,0.99,0.01,0.01,0.01,0.96,0.99,0.02,1,0.99,0.96,1.94,0.02,bracket,near,mix,pure,learn_gen,bracket_bracket,3,3,6,3,0.98,0,Serial-crossed,1,0,0,0,0.99,0.01,0.01,0.96,0.99,0.01,0.96,0.01,0.99,0.97,Center-embedded,0.976,0.012,NA,0.01,0.99,0.01,0,0,0.96,0.96,1,NA,2D,NA,1,0,0,yes,near,discard,Near,discard,discard,discard,discard,discard,discard,discard,Adult (Bracket),discard,discard,discard,discard,discard,discard,discard,discard,discard,discard,discard,discard,discard,discard,discard,discard,discard,discard,discard,discard,discard,discard,Adult (2 Dimensions),High Load,Near,Near,discard,discard,discard,discard,discard,discard,discard,discard,2 Dimensions
144,793,6561,6,Adult,NA,NA,NA,bracket,near,same,yes,yes,1,0,0,0,high,1,0.96,2D,2D,stack,iterate,stack,0.99,0.01,NA,0.01,NA,NA,NA,NA,NA,NA,0.99,0.01,0.01,0.01,0.96,0.99,0.02,1,0.99,0.96,1.94,0.02,bracket,near,mix,pure,learn_gen,bracket_bracket,4,4,8,4,0.98,0,Serial-crossed,1,0,0,0,0.99,0.01,0.01,0.96,0.99,0.01,0.96,0.01,0.99,0.97,Center-embedded,0.975,0.012,NA,0.01,0.99,0.01,0,0,0.96,0.96,1,NA,2D,NA,1,0,0,yes,near,discard,Near,discard,discard,discard,discard,discard,discard,discard,Adult (Bracket),discard,discard,discard,discard,discard,discard,discard,discard,discard,discard,discard,discard,discard,discard,discard,discard,discard,discard,discard,discard,discard,discard,Adult (2 Dimensions),High Load,Near,Near,discard,discard,discard,discard,discard,discard,discard,discard,2 Dimensions
145,794,6562,6,Adult,NA,NA,NA,bracket,near,same,yes,yes,0.63,0,0,0.38,high,1,0.9,2D,2D,stack,iterate,stack,0.97,0.03,NA,0.03,NA,NA,NA,NA,NA,NA,0.97,0.03,0.04,0.04,0.87,0.97,0.05,1,0.97,0.87,1.84,0.05,bracket,near,mix,pure,learn_gen,bracket_bracket,3,4,7,3.5,0.95,0,Serial-crossed,0.63,0,0,0,0.97,0.03,0.04,0.87,0.97,0.03,0.87,0.04,0.97,0.93,Center-embedded,0.933,0.033,NA,0.03,0.97,0.03,0,0,0.9,0.9,1,NA,2D,NA,0.8,-1,-0.1,yes,near,discard,Near,discard,discard,discard,discard,discard,discard,discard,Adult (Bracket),discard,discard,discard,discard,discard,discard,discard,discard,discard,discard,discard,discard,discard,discard,discard,discard,discard,discard,discard,discard,discard,discard,Adult (2 Dimensions),High Load,Near,Near,discard,discard,discard,discard,discard,discard,discard,discard,2 Dimensions
146,795,6563,6,Adult,NA,NA,NA,bracket,near,same,yes,yes,1,0,0,0,high,1,0.96,2D,2D,stack,iterate,stack,0.99,0.01,NA,0.01,NA,NA,NA,NA,NA,NA,0.99,0.01,0.01,0.01,0.96,0.99,0.02,1,0.99,0.96,1.94,0.02,bracket,near,mix,pure,learn_gen,bracket_bracket,3,3,6,3,0.98,0,Serial-crossed,1,0,0,0,0.99,0.01,0.01,0.96,0.99,0.01,0.96,0.01,0.99,0.97,Center-embedded,0.976,0.012,NA,0.01,0.99,0.01,0,0,0.96,0.96,1,NA,2D,NA,1,0,0,yes,near,discard,Near,discard,discard,discard,discard,discard,discard,discard,Adult (Bracket),discard,discard,discard,discard,discard,discard,discard,discard,discard,discard,discard,discard,discard,discard,discard,discard,discard,discard,discard,discard,discard,discard,Adult (2 Dimensions),High Load,Near,Near,discard,discard,discard,discard,discard,discard,discard,discard,2 Dimensions
147,796,6564,6,Adult,NA,NA,NA,bracket,near,same,yes,yes,0.5,0.25,0,0.25,high,0.75,0.37,2D,2D,stack,iterate,stack,0.69,0.31,NA,0.03,NA,NA,NA,NA,NA,NA,0.99,0.01,0.03,0.17,0.51,0.99,0.31,1,0.99,0.51,1.5,0.32,bracket,near,mix,pure,learn_gen,bracket_bracket,4,17,21,10.5,0.69,0.25,Serial-crossed,0.5,0,0,0,0.99,0.01,0.17,0.51,0.99,0.01,0.51,0.17,0.99,0.53,Center-embedded,0.668,0.3,NA,0.03,0.99,0.01,0,0,0.37,0.37,1,NA,2D,NA,0.2,-13,-0.6,yes,near,discard,Near,discard,discard,discard,discard,discard,discard,discard,Adult (Bracket),discard,discard,discard,discard,discard,discard,discard,discard,discard,discard,discard,discard,discard,discard,discard,discard,discard,discard,discard,discard,discard,discard,Adult (2 Dimensions),High Load,Near,Near,discard,discard,discard,discard,discard,discard,discard,discard,2 Dimensions
148,797,6566,6,Adult,NA,NA,NA,bracket,near,same,yes,yes,1,0,0,0,high,1,0.96,2D,2D,stack,iterate,stack,0.99,0.01,NA,0.01,NA,NA,NA,NA,NA,NA,0.99,0.01,0.01,0.01,0.96,0.99,0.02,1,0.99,0.96,1.94,0.02,bracket,near,mix,pure,learn_gen,bracket_bracket,3,3,6,3,0.98,0,Serial-crossed,1,0,0,0,0.99,0.01,0.01,0.96,0.99,0.01,0.96,0.01,0.99,0.97,Center-embedded,0.975,0.012,NA,0.01,0.99,0.01,0,0,0.96,0.96,1,NA,2D,NA,1,0,0,yes,near,discard,Near,discard,discard,discard,discard,discard,discard,discard,Adult (Bracket),discard,discard,discard,discard,discard,discard,discard,discard,discard,discard,discard,discard,discard,discard,discard,discard,discard,discard,discard,discard,discard,discard,Adult (2 Dimensions),High Load,Near,Near,discard,discard,discard,discard,discard,discard,discard,discard,2 Dimensions
149,798,6567,6,Adult,NA,NA,NA,bracket,near,same,yes,yes,1,0,0,0,high,1,0.96,2D,2D,stack,iterate,stack,0.99,0.01,NA,0.01,NA,NA,NA,NA,NA,NA,0.99,0.01,0.01,0.01,0.96,0.99,0.02,1,0.99,0.96,1.95,0.02,bracket,near,mix,pure,learn_gen,bracket_bracket,3,3,6,3,0.98,0,Serial-crossed,1,0,0,0,0.99,0.01,0.01,0.96,0.99,0.01,0.96,0.01,0.99,0.97,Center-embedded,0.975,0.012,NA,0.01,0.99,0.01,0,0,0.96,0.96,1,NA,2D,NA,1,0,0,yes,near,discard,Near,discard,discard,discard,discard,discard,discard,discard,Adult (Bracket),discard,discard,discard,discard,discard,discard,discard,discard,discard,discard,discard,discard,discard,discard,discard,discard,discard,discard,discard,discard,discard,discard,Adult (2 Dimensions),High Load,Near,Near,discard,discard,discard,discard,discard,discard,discard,discard,2 Dimensions
150,799,6568,6,Adult,NA,NA,NA,bracket,near,same,yes,yes,1,0,0,0,high,1,0.96,2D,2D,stack,iterate,stack,0.99,0.01,NA,0.01,NA,NA,NA,NA,NA,NA,0.99,0.01,0.01,0.01,0.96,0.99,0.02,1,0.99,0.96,1.95,0.02,bracket,near,mix,pure,learn_gen,bracket_bracket,3,4,7,3.5,0.98,0,Serial-crossed,1,0,0,0,0.99,0.01,0.01,0.96,0.99,0.01,0.96,0.01,0.99,0.97,Center-embedded,0.976,0.012,NA,0.01,0.99,0.01,0,0,0.96,0.96,1,NA,2D,NA,0.8,-1,-0.1,yes,near,discard,Near,discard,discard,discard,discard,discard,discard,discard,Adult (Bracket),discard,discard,discard,discard,discard,discard,discard,discard,discard,discard,discard,discard,discard,discard,discard,discard,discard,discard,discard,discard,discard,discard,Adult (2 Dimensions),High Load,Near,Near,discard,discard,discard,discard,discard,discard,discard,discard,2 Dimensions
151,800,6569,6,Adult,NA,NA,NA,bracket,near,same,yes,yes,1,0,0,0,high,0.875,0.96,2D,2D,stack,iterate,stack,0.99,0.01,NA,0.01,NA,NA,NA,NA,NA,NA,0.99,0.01,0.01,0.01,0.96,0.99,0.02,1,0.99,0.96,1.95,0.02,bracket,near,mix,pure,learn_gen,bracket_bracket,3,3,6,3,0.98,0,Serial-crossed,1,0,0,0,0.99,0.01,0.01,0.96,0.99,0.01,0.96,0.01,0.99,0.97,Center-embedded,0.976,0.012,NA,0.01,0.99,0.01,0,0,0.96,0.96,1,NA,2D,NA,1,0,0,yes,near,discard,Near,discard,discard,discard,discard,discard,discard,discard,Adult (Bracket),discard,discard,discard,discard,discard,discard,discard,discard,discard,discard,discard,discard,discard,discard,discard,discard,discard,discard,discard,discard,discard,discard,Adult (2 Dimensions),High Load,Near,Near,discard,discard,discard,discard,discard,discard,discard,discard,2 Dimensions
152,801,6570,6,Adult,NA,NA,NA,bracket,near,same,yes,yes,0.63,0,0.13,0.25,low,0.375,0.82,2D,2D,stack,iterate,stack,0.97,0.03,NA,0.12,NA,NA,NA,NA,NA,NA,0.93,0.07,0.16,0.02,0.6,0.93,0.14,1,0.93,0.6,1.53,0.09,bracket,near,mix,pure,learn_gen,bracket_bracket,9,6,15,7.5,0.86,0.13,Tail-recursive,0.63,0,0,0,0.93,0.07,0.02,0.6,0.93,0.07,0.6,0.02,0.93,0.84,Center-embedded,0.85,0.028,NA,0.12,0.93,0.07,0,0,0.73,0.82,1,NA,2D,NA,1.5,3,0.2,yes,near,discard,Near,discard,discard,discard,discard,discard,discard,discard,Adult (Bracket),discard,discard,discard,discard,discard,discard,discard,discard,discard,discard,discard,discard,discard,discard,discard,discard,discard,discard,discard,discard,discard,discard,Adult (2 Dimensions),High Load,Near,Near,discard,discard,discard,discard,discard,discard,discard,discard,2 Dimensions
153,868,5452,4,Adult,NA,NA,NA,bracket,near,same,yes,yes,0.81,0.19,0,0,high,0.875,0.77,2D,2D,stack,iterate,stack,0.89,0.11,NA,0.01,0.98,0.01,0.01,0.02,0.07,0.9,NA,NA,NA,NA,NA,0.98,0.05,1,0.98,0.9,1.89,0.12,bracket,near,pure,pure,learn_gen,bracket_bracket,8,5,13,6.5,0.95,0.19,Serial-crossed,0.81,0.98,0.07,0.9,NA,NA,NA,NA,0.98,0.07,0.9,NA,0.98,0.86,Center-embedded,0.877,0.111,NA,0.01,0.98,0.01,0,0.01,0.77,0.77,1,NA,2D,NA,1.6,3,0.2,yes,near,discard,Near,discard,discard,discard,discard,discard,discard,discard,discard,discard,discard,Bracket,discard,discard,discard,Bracket,Bracket,discard,Bracket,discard,Bracket,Near,Two Dimensions,Near,Bracket,Low Load (4 item),Bracket,Near,Perceptual,Low Load,Near,Adult (2 Dimensions),Low Load,Near,Near,discard,discard,discard,discard,Bracket,Low Load,Same-Domain,Two-Dimension,2 Dimensions
154,869,5453,4,Adult,NA,NA,NA,bracket,near,same,yes,yes,1,0,0,0,high,0.875,0.98,2D,2D,stack,iterate,stack,0.99,0.01,NA,0.01,0.98,0.01,0.01,0.01,0.01,0.98,NA,NA,NA,NA,NA,0.98,0.01,1,0.98,0.98,1.97,0.01,bracket,near,pure,pure,learn_gen,bracket_bracket,9,3,12,6,0.99,0,Serial-crossed,1,0.98,0.01,0.98,NA,NA,NA,NA,0.98,0.01,0.98,NA,0.98,0.99,Center-embedded,0.986,0.007,NA,0.01,0.98,0.01,0,0.01,0.98,0.98,1,NA,2D,NA,3,6,0.5,yes,near,discard,Near,discard,discard,discard,discard,discard,discard,discard,discard,discard,discard,Bracket,discard,discard,discard,Bracket,Bracket,discard,Bracket,discard,Bracket,Near,Two Dimensions,Near,Bracket,Low Load (4 item),Bracket,Near,Perceptual,Low Load,Near,Adult (2 Dimensions),Low Load,Near,Near,discard,discard,discard,discard,Bracket,Low Load,Same-Domain,Two-Dimension,2 Dimensions
155,870,5454,4,Adult,NA,NA,NA,bracket,near,same,yes,yes,1,0,0,0,high,1,0.98,2D,2D,stack,palindrome,stack,0.99,0.01,NA,0.01,0.98,0.01,0.01,0.01,0.01,0.98,NA,NA,NA,NA,NA,0.98,0.01,2,0.98,0.98,1.97,0.01,bracket,near,pure,pure,learn_gen,bracket_bracket,4,3,7,3.5,0.99,0,Serial-crossed,1,0.98,0.01,0.98,NA,NA,NA,NA,0.98,0.01,0.98,NA,0.98,0.99,Center-embedded,0.986,0.007,NA,0.01,0.01,0.01,0,0.98,0.98,0.98,1,NA,2D,NA,1.3,1,0.1,yes,near,discard,Near,discard,discard,discard,discard,discard,discard,discard,discard,discard,discard,Bracket,discard,discard,discard,Bracket,Bracket,discard,Bracket,discard,Bracket,Near,Two Dimensions,Near,Bracket,Low Load (4 item),Bracket,Near,Perceptual,Low Load,Near,Adult (2 Dimensions),Low Load,Near,Near,discard,discard,discard,discard,Bracket,Low Load,Same-Domain,Two-Dimension,2 Dimensions
156,871,5455,4,Adult,NA,NA,NA,bracket,near,same,yes,yes,0.75,0.19,0,0.06,high,0.5,0.78,2D,2D,stack,iterate,stack,0.9,0.1,NA,0.02,0.97,0.01,0.02,0.03,0.07,0.9,NA,NA,NA,NA,NA,0.97,0.05,1,0.97,0.9,1.87,0.11,bracket,near,pure,pure,learn_gen,bracket_bracket,30,3,33,16.5,0.95,0.19,Serial-crossed,0.75,0.97,0.07,0.9,NA,NA,NA,NA,0.97,0.07,0.9,NA,0.97,0.86,Center-embedded,0.878,0.103,NA,0.02,0.97,0.01,0,0.02,0.78,0.78,1,NA,2D,NA,10,27,0.8,yes,near,discard,Near,discard,discard,discard,discard,discard,discard,discard,discard,discard,discard,Bracket,discard,discard,discard,Bracket,Bracket,discard,Bracket,discard,Bracket,Near,Two Dimensions,Near,Bracket,Low Load (4 item),Bracket,Near,Perceptual,Low Load,Near,Adult (2 Dimensions),Low Load,Near,Near,discard,discard,discard,discard,Bracket,Low Load,Same-Domain,Two-Dimension,2 Dimensions
157,872,5456,4,Adult,NA,NA,NA,bracket,near,same,yes,yes,0.94,0,0.06,0,high,0.75,0.96,2D,2D,stack,palindrome,stack,0.99,0.01,NA,0.02,0.97,0.02,0.01,0.02,0.01,0.97,NA,NA,NA,NA,NA,0.97,0.02,2,0.97,0.97,1.94,0.02,bracket,near,pure,pure,learn_gen,bracket_bracket,12,3,15,7.5,0.98,0.06,Tail-recursive,0.94,0.97,0.02,0.97,NA,NA,NA,NA,0.97,0.02,0.97,NA,0.97,0.97,Center-embedded,0.97,0.01,NA,0.02,0.02,0.01,0,0.97,0.95,0.96,1,NA,2D,NA,4,9,0.6,yes,near,discard,Near,discard,discard,discard,discard,discard,discard,discard,discard,discard,discard,Bracket,discard,discard,discard,Bracket,Bracket,discard,Bracket,discard,Bracket,Near,Two Dimensions,Near,Bracket,Low Load (4 item),Bracket,Near,Perceptual,Low Load,Near,Adult (2 Dimensions),Low Load,Near,Near,discard,discard,discard,discard,Bracket,Low Load,Same-Domain,Two-Dimension,2 Dimensions
158,873,5458,4,Adult,NA,NA,NA,bracket,near,same,yes,yes,1,0,0,0,high,1,0.98,2D,2D,stack,iterate,stack,0.99,0.01,NA,0.01,0.98,0.01,0.01,0.01,0.01,0.98,NA,NA,NA,NA,NA,0.98,0.01,1,0.98,0.98,1.97,0.01,bracket,near,pure,pure,learn_gen,bracket_bracket,17,4,21,10.5,0.99,0,Serial-crossed,1,0.98,0.01,0.98,NA,NA,NA,NA,0.98,0.01,0.98,NA,0.98,0.99,Center-embedded,0.986,0.007,NA,0.01,0.98,0.01,0,0.01,0.98,0.98,1,NA,2D,NA,4.3,13,0.6,yes,near,discard,Near,discard,discard,discard,discard,discard,discard,discard,discard,discard,discard,Bracket,discard,discard,discard,Bracket,Bracket,discard,Bracket,discard,Bracket,Near,Two Dimensions,Near,Bracket,Low Load (4 item),Bracket,Near,Perceptual,Low Load,Near,Adult (2 Dimensions),Low Load,Near,Near,discard,discard,discard,discard,Bracket,Low Load,Same-Domain,Two-Dimension,2 Dimensions
159,874,5459,4,Adult,NA,NA,NA,bracket,near,same,yes,yes,0.88,0.13,0,0,high,0.875,0.89,2D,2D,stack,iterate,stack,0.95,0.05,NA,0.01,0.98,0.01,0.01,0.02,0.04,0.94,NA,NA,NA,NA,NA,0.98,0.03,1,0.98,0.94,1.93,0.06,bracket,near,pure,pure,learn_gen,bracket_bracket,5,3,8,4,0.97,0.13,Serial-crossed,0.88,0.98,0.04,0.94,NA,NA,NA,NA,0.98,0.04,0.94,NA,0.98,0.93,Center-embedded,0.937,0.051,NA,0.01,0.98,0.01,0,0.01,0.89,0.89,1,NA,2D,NA,1.7,2,0.3,yes,near,discard,Near,discard,discard,discard,discard,discard,discard,discard,discard,discard,discard,Bracket,discard,discard,discard,Bracket,Bracket,discard,Bracket,discard,Bracket,Near,Two Dimensions,Near,Bracket,Low Load (4 item),Bracket,Near,Perceptual,Low Load,Near,Adult (2 Dimensions),Low Load,Near,Near,discard,discard,discard,discard,Bracket,Low Load,Same-Domain,Two-Dimension,2 Dimensions
160,875,5460,4,Adult,NA,NA,NA,bracket,near,same,yes,yes,0.81,0.19,0,0,high,1,0.76,2D,2D,stack,iterate,stack,0.89,0.11,NA,0.01,0.98,0.01,0.01,0.02,0.08,0.9,NA,NA,NA,NA,NA,0.98,0.05,1,0.98,0.9,1.89,0.12,bracket,near,pure,pure,learn_gen,bracket_bracket,10,3,13,6.5,0.95,0.19,Serial-crossed,0.81,0.98,0.08,0.9,NA,NA,NA,NA,0.98,0.08,0.9,NA,0.98,0.86,Center-embedded,0.876,0.112,NA,0.01,0.98,0.01,0,0.01,0.76,0.76,1,NA,2D,NA,3.3,7,0.5,yes,near,discard,Near,discard,discard,discard,discard,discard,discard,discard,discard,discard,discard,Bracket,discard,discard,discard,Bracket,Bracket,discard,Bracket,discard,Bracket,Near,Two Dimensions,Near,Bracket,Low Load (4 item),Bracket,Near,Perceptual,Low Load,Near,Adult (2 Dimensions),Low Load,Near,Near,discard,discard,discard,discard,Bracket,Low Load,Same-Domain,Two-Dimension,2 Dimensions
161,876,5462,4,Adult,NA,NA,NA,bracket,near,same,yes,yes,1,0,0,0,high,1,0.98,2D,2D,stack,palindrome,stack,0.99,0.01,NA,0.01,0.98,0.01,0.01,0.01,0.01,0.98,NA,NA,NA,NA,NA,0.98,0.01,2,0.98,0.98,1.97,0.01,bracket,near,pure,pure,learn_gen,bracket_bracket,3,3,6,3,0.99,0,Serial-crossed,1,0.98,0.01,0.98,NA,NA,NA,NA,0.98,0.01,0.98,NA,0.98,0.99,Center-embedded,0.986,0.007,NA,0.01,0.01,0.01,0,0.98,0.98,0.98,1,NA,2D,NA,1,0,0,yes,near,discard,Near,discard,discard,discard,discard,discard,discard,discard,discard,discard,discard,Bracket,discard,discard,discard,Bracket,Bracket,discard,Bracket,discard,Bracket,Near,Two Dimensions,Near,Bracket,Low Load (4 item),Bracket,Near,Perceptual,Low Load,Near,Adult (2 Dimensions),Low Load,Near,Near,discard,discard,discard,discard,Bracket,Low Load,Same-Domain,Two-Dimension,2 Dimensions
162,877,5463,4,Adult,NA,NA,NA,bracket,near,same,yes,yes,1,0,0,0,high,0.75,0.98,2D,2D,stack,palindrome,stack,0.99,0.01,NA,0.01,0.98,0.01,0.01,0.01,0.01,0.98,NA,NA,NA,NA,NA,0.98,0.01,2,0.98,0.98,1.97,0.01,bracket,near,pure,pure,learn_gen,bracket_bracket,8,3,11,5.5,0.99,0,Serial-crossed,1,0.98,0.01,0.98,NA,NA,NA,NA,0.98,0.01,0.98,NA,0.98,0.99,Center-embedded,0.986,0.007,NA,0.01,0.01,0.01,0,0.98,0.98,0.98,1,NA,2D,NA,2.7,5,0.5,yes,near,discard,Near,discard,discard,discard,discard,discard,discard,discard,discard,discard,discard,Bracket,discard,discard,discard,Bracket,Bracket,discard,Bracket,discard,Bracket,Near,Two Dimensions,Near,Bracket,Low Load (4 item),Bracket,Near,Perceptual,Low Load,Near,Adult (2 Dimensions),Low Load,Near,Near,discard,discard,discard,discard,Bracket,Low Load,Same-Domain,Two-Dimension,2 Dimensions
163,878,5464,4,Adult,NA,NA,NA,bracket,near,same,yes,yes,0.06,0,0.94,0,high,0.625,0.01,not 2D,associative,stack,alternate,associative,0.67,0.33,NA,0.97,0.02,0.97,0.01,0.97,0.01,0.02,NA,NA,NA,NA,NA,0.97,0.02,1,0.97,0.97,1.94,0.49,bracket,near,pure,pure,learn_gen,bracket_bracket,3,4,7,3.5,0.98,0.94,Tail-recursive,0.94,0.97,0.97,0.02,NA,NA,NA,NA,0.97,0.97,0.02,NA,0.97,0.5,Tail-recursive,0.02,0.01,NA,0.97,0.02,0.97,0,0.01,0.02,0.97,0,NA,associative,NA,0.8,-1,-0.1,no,near,discard,Near,discard,discard,discard,discard,discard,discard,discard,discard,discard,discard,Bracket,discard,discard,discard,Bracket,Bracket,discard,Bracket,discard,Bracket,Near,Two Dimensions,Near,Bracket,Low Load (4 item),Bracket,Near,Perceptual,Low Load,Near,Adult (2 Dimensions),Low Load,Near,Near,discard,discard,discard,discard,Bracket,Low Load,Same-Domain,Two-Dimension,2 Dimensions
164,879,5466,4,Adult,NA,NA,NA,bracket,near,same,yes,yes,0.81,0.06,0.13,0,high,0.625,0.91,2D,2D,stack,iterate,stack,0.98,0.02,NA,0.05,0.95,0.04,0.02,0.04,0.03,0.94,NA,NA,NA,NA,NA,0.95,0.08,1,0.95,0.94,1.88,0.05,bracket,near,pure,pure,learn_gen,bracket_bracket,4,3,7,3.5,0.92,0.13,Tail-recursive,0.81,0.95,0.04,0.94,NA,NA,NA,NA,0.95,0.04,0.94,NA,0.95,0.91,Center-embedded,0.931,0.023,NA,0.05,0.95,0.04,0,0.02,0.88,0.91,1,NA,2D,NA,1.3,1,0.1,yes,near,discard,Near,discard,discard,discard,discard,discard,discard,discard,discard,discard,discard,Bracket,discard,discard,discard,Bracket,Bracket,discard,Bracket,discard,Bracket,Near,Two Dimensions,Near,Bracket,Low Load (4 item),Bracket,Near,Perceptual,Low Load,Near,Adult (2 Dimensions),Low Load,Near,Near,discard,discard,discard,discard,Bracket,Low Load,Same-Domain,Two-Dimension,2 Dimensions
165,880,5467,4,Adult,NA,NA,NA,bracket,near,same,yes,yes,0.75,0,0.06,0.19,low,0.375,0.92,2D,2D,stack,palindrome,stack,0.97,0.03,NA,0.03,0.84,0.14,0.03,0.02,0.01,0.97,NA,NA,NA,NA,NA,0.97,0.03,2,0.84,0.97,1.8,0.04,bracket,near,pure,pure,learn_gen,bracket_bracket,3,3,6,3,0.97,0.06,Tail-recursive,0.75,0.84,0.14,0.97,NA,NA,NA,NA,0.84,0.14,0.97,NA,0.97,0.94,Center-embedded,0.944,0.026,NA,0.03,0.02,0.01,0,0.97,0.91,0.92,1,NA,2D,NA,1,0,0,yes,near,discard,Near,discard,discard,discard,discard,discard,discard,discard,discard,discard,discard,Bracket,discard,discard,discard,Bracket,Bracket,discard,Bracket,discard,Bracket,Near,Two Dimensions,Near,Bracket,Low Load (4 item),Bracket,Near,Perceptual,Low Load,Near,Adult (2 Dimensions),Low Load,Near,Near,discard,discard,discard,discard,Bracket,Low Load,Same-Domain,Two-Dimension,2 Dimensions
166,881,5468,4,Adult,NA,NA,NA,bracket,near,same,yes,yes,1,0,0,0,high,1,0.98,2D,2D,stack,palindrome,stack,0.99,0.01,NA,0.01,0.98,0.01,0.01,0.01,0.01,0.98,NA,NA,NA,NA,NA,0.98,0.01,2,0.98,0.98,1.97,0.01,bracket,near,pure,pure,learn_gen,bracket_bracket,3,4,7,3.5,0.99,0,Serial-crossed,1,0.98,0.01,0.98,NA,NA,NA,NA,0.98,0.01,0.98,NA,0.98,0.99,Center-embedded,0.986,0.007,NA,0.01,0.01,0.01,0,0.98,0.98,0.98,1,NA,2D,NA,0.8,-1,-0.1,yes,near,discard,Near,discard,discard,discard,discard,discard,discard,discard,discard,discard,discard,Bracket,discard,discard,discard,Bracket,Bracket,discard,Bracket,discard,Bracket,Near,Two Dimensions,Near,Bracket,Low Load (4 item),Bracket,Near,Perceptual,Low Load,Near,Adult (2 Dimensions),Low Load,Near,Near,discard,discard,discard,discard,Bracket,Low Load,Same-Domain,Two-Dimension,2 Dimensions
167,882,5469,4,Adult,NA,NA,NA,bracket,near,same,yes,yes,1,0,0,0,high,0.75,0.98,2D,2D,stack,iterate,stack,0.99,0.01,NA,0.01,0.98,0.01,0.01,0.01,0.01,0.98,NA,NA,NA,NA,NA,0.98,0.01,1,0.98,0.98,1.97,0.01,bracket,near,pure,pure,learn_gen,bracket_bracket,4,4,8,4,0.99,0,Serial-crossed,1,0.98,0.01,0.98,NA,NA,NA,NA,0.98,0.01,0.98,NA,0.98,0.98,Center-embedded,0.986,0.007,NA,0.01,0.98,0.01,0,0.01,0.98,0.98,1,NA,2D,NA,1,0,0,yes,near,discard,Near,discard,discard,discard,discard,discard,discard,discard,discard,discard,discard,Bracket,discard,discard,discard,Bracket,Bracket,discard,Bracket,discard,Bracket,Near,Two Dimensions,Near,Bracket,Low Load (4 item),Bracket,Near,Perceptual,Low Load,Near,Adult (2 Dimensions),Low Load,Near,Near,discard,discard,discard,discard,Bracket,Low Load,Same-Domain,Two-Dimension,2 Dimensions
168,883,5470,4,Adult,NA,NA,NA,bracket,near,same,yes,yes,0.94,0,0.06,0,high,0.875,0.96,2D,2D,stack,palindrome,stack,0.99,0.01,NA,0.02,0.97,0.02,0.01,0.02,0.01,0.97,NA,NA,NA,NA,NA,0.97,0.02,2,0.97,0.97,1.94,0.02,bracket,near,pure,pure,learn_gen,bracket_bracket,4,4,8,4,0.98,0.06,Tail-recursive,0.94,0.97,0.02,0.97,NA,NA,NA,NA,0.97,0.02,0.97,NA,0.97,0.97,Center-embedded,0.969,0.011,NA,0.02,0.02,0.01,0,0.97,0.95,0.96,1,NA,2D,NA,1,0,0,yes,near,discard,Near,discard,discard,discard,discard,discard,discard,discard,discard,discard,discard,Bracket,discard,discard,discard,Bracket,Bracket,discard,Bracket,discard,Bracket,Near,Two Dimensions,Near,Bracket,Low Load (4 item),Bracket,Near,Perceptual,Low Load,Near,Adult (2 Dimensions),Low Load,Near,Near,discard,discard,discard,discard,Bracket,Low Load,Same-Domain,Two-Dimension,2 Dimensions
169,884,5471,4,Adult,NA,NA,NA,bracket,near,same,yes,yes,1,0,0,0,high,0.875,0.98,2D,2D,stack,palindrome,stack,0.99,0.01,NA,0.01,0.98,0.01,0.01,0.01,0.01,0.98,NA,NA,NA,NA,NA,0.98,0.01,2,0.98,0.98,1.97,0.01,bracket,near,pure,pure,learn_gen,bracket_bracket,4,3,7,3.5,0.99,0,Serial-crossed,1,0.98,0.01,0.98,NA,NA,NA,NA,0.98,0.01,0.98,NA,0.98,0.99,Center-embedded,0.986,0.007,NA,0.01,0.01,0.01,0,0.98,0.98,0.98,1,NA,2D,NA,1.3,1,0.1,yes,near,discard,Near,discard,discard,discard,discard,discard,discard,discard,discard,discard,discard,Bracket,discard,discard,discard,Bracket,Bracket,discard,Bracket,discard,Bracket,Near,Two Dimensions,Near,Bracket,Low Load (4 item),Bracket,Near,Perceptual,Low Load,Near,Adult (2 Dimensions),Low Load,Near,Near,discard,discard,discard,discard,Bracket,Low Load,Same-Domain,Two-Dimension,2 Dimensions
170,885,5472,4,Adult,NA,NA,NA,bracket,near,same,yes,yes,0.19,0,0.81,0,high,1,0.1,not 2D,associative,stack,alternate,associative,0.9,0.1,NA,0.88,0.08,0.9,0.02,0.9,0.02,0.08,NA,NA,NA,NA,NA,0.9,0.05,1,0.9,0.9,1.8,0.45,bracket,near,pure,pure,learn_gen,bracket_bracket,3,3,6,3,0.95,0.81,Tail-recursive,0.81,0.9,0.9,0.08,NA,NA,NA,NA,0.9,0.9,0.08,NA,0.88,0.52,Tail-recursive,0.111,0.012,NA,0.88,0.08,0.9,0,0.02,0.11,0.88,0,NA,associative,NA,1,0,0,no,near,discard,Near,discard,discard,discard,discard,discard,discard,discard,discard,discard,discard,Bracket,discard,discard,discard,Bracket,Bracket,discard,Bracket,discard,Bracket,Near,Two Dimensions,Near,Bracket,Low Load (4 item),Bracket,Near,Perceptual,Low Load,Near,Adult (2 Dimensions),Low Load,Near,Near,discard,discard,discard,discard,Bracket,Low Load,Same-Domain,Two-Dimension,2 Dimensions
171,886,5473,4,Adult,NA,NA,NA,bracket,near,same,yes,yes,1,0,0,0,high,0.875,0.98,2D,2D,stack,iterate,stack,0.99,0.01,NA,0.01,0.98,0.01,0.01,0.01,0.01,0.98,NA,NA,NA,NA,NA,0.98,0.01,1,0.98,0.98,1.97,0.01,bracket,near,pure,pure,learn_gen,bracket_bracket,3,3,6,3,0.99,0,Serial-crossed,1,0.98,0.01,0.98,NA,NA,NA,NA,0.98,0.01,0.98,NA,0.98,0.99,Center-embedded,0.986,0.007,NA,0.01,0.98,0.01,0,0.01,0.98,0.98,1,NA,2D,NA,1,0,0,yes,near,discard,Near,discard,discard,discard,discard,discard,discard,discard,discard,discard,discard,Bracket,discard,discard,discard,Bracket,Bracket,discard,Bracket,discard,Bracket,Near,Two Dimensions,Near,Bracket,Low Load (4 item),Bracket,Near,Perceptual,Low Load,Near,Adult (2 Dimensions),Low Load,Near,Near,discard,discard,discard,discard,Bracket,Low Load,Same-Domain,Two-Dimension,2 Dimensions
172,887,5474,4,Adult,NA,NA,NA,bracket,near,same,yes,yes,0.81,0.06,0.13,0,high,0.625,0.91,2D,2D,stack,iterate,stack,0.98,0.02,NA,0.05,0.94,0.04,0.02,0.04,0.03,0.93,NA,NA,NA,NA,NA,0.94,0.08,1,0.94,0.93,1.88,0.05,bracket,near,pure,pure,learn_gen,bracket_bracket,3,3,6,3,0.92,0.13,Tail-recursive,0.81,0.94,0.04,0.93,NA,NA,NA,NA,0.94,0.04,0.93,NA,0.94,0.92,Center-embedded,0.931,0.023,NA,0.05,0.94,0.04,0,0.02,0.89,0.91,1,NA,2D,NA,1,0,0,yes,near,discard,Near,discard,discard,discard,discard,discard,discard,discard,discard,discard,discard,Bracket,discard,discard,discard,Bracket,Bracket,discard,Bracket,discard,Bracket,Near,Two Dimensions,Near,Bracket,Low Load (4 item),Bracket,Near,Perceptual,Low Load,Near,Adult (2 Dimensions),Low Load,Near,Near,discard,discard,discard,discard,Bracket,Low Load,Same-Domain,Two-Dimension,2 Dimensions
173,888,5475,4,Adult,NA,NA,NA,bracket,near,same,yes,yes,0.88,0.06,0,0.06,high,0.75,0.94,2D,2D,stack,palindrome,stack,0.98,0.02,NA,0.01,0.97,0.02,0.01,0.01,0.02,0.97,NA,NA,NA,NA,NA,0.97,0.02,2,0.97,0.97,1.94,0.03,bracket,near,pure,pure,learn_gen,bracket_bracket,5,4,9,4.5,0.98,0.06,Serial-crossed,0.88,0.97,0.02,0.97,NA,NA,NA,NA,0.97,0.02,0.97,NA,0.97,0.96,Center-embedded,0.961,0.024,NA,0.01,0.01,0.02,0,0.97,0.94,0.94,1,NA,2D,NA,1.3,1,0.1,yes,near,discard,Near,discard,discard,discard,discard,discard,discard,discard,discard,discard,discard,Bracket,discard,discard,discard,Bracket,Bracket,discard,Bracket,discard,Bracket,Near,Two Dimensions,Near,Bracket,Low Load (4 item),Bracket,Near,Perceptual,Low Load,Near,Adult (2 Dimensions),Low Load,Near,Near,discard,discard,discard,discard,Bracket,Low Load,Same-Domain,Two-Dimension,2 Dimensions
174,889,5476,4,Adult,NA,NA,NA,bracket,near,same,yes,yes,0.88,0.06,0.06,0,high,1,0.93,2D,2D,stack,iterate,stack,0.98,0.02,NA,0.02,0.97,0.02,0.01,0.02,0.02,0.96,NA,NA,NA,NA,NA,0.97,0.04,1,0.97,0.96,1.93,0.03,bracket,near,pure,pure,learn_gen,bracket_bracket,7,3,10,5,0.96,0.06,Serial-crossed,0.88,0.97,0.02,0.96,NA,NA,NA,NA,0.97,0.02,0.96,NA,0.97,0.95,Center-embedded,0.957,0.022,NA,0.02,0.97,0.02,0,0.01,0.93,0.93,1,NA,2D,NA,2.3,4,0.4,yes,near,discard,Near,discard,discard,discard,discard,discard,discard,discard,discard,discard,discard,Bracket,discard,discard,discard,Bracket,Bracket,discard,Bracket,discard,Bracket,Near,Two Dimensions,Near,Bracket,Low Load (4 item),Bracket,Near,Perceptual,Low Load,Near,Adult (2 Dimensions),Low Load,Near,Near,discard,discard,discard,discard,Bracket,Low Load,Same-Domain,Two-Dimension,2 Dimensions
175,890,5477,4,Adult,NA,NA,NA,bracket,near,same,yes,yes,1,0,0,0,high,0.75,0.98,2D,2D,stack,iterate,stack,0.99,0.01,NA,0.01,0.98,0.01,0.01,0.01,0.01,0.98,NA,NA,NA,NA,NA,0.98,0.01,1,0.98,0.98,1.97,0.01,bracket,near,pure,pure,learn_gen,bracket_bracket,13,3,16,8,0.99,0,Serial-crossed,1,0.98,0.01,0.98,NA,NA,NA,NA,0.98,0.01,0.98,NA,0.98,0.99,Center-embedded,0.986,0.007,NA,0.01,0.98,0.01,0,0.01,0.98,0.98,1,NA,2D,NA,4.3,10,0.6,yes,near,discard,Near,discard,discard,discard,discard,discard,discard,discard,discard,discard,discard,Bracket,discard,discard,discard,Bracket,Bracket,discard,Bracket,discard,Bracket,Near,Two Dimensions,Near,Bracket,Low Load (4 item),Bracket,Near,Perceptual,Low Load,Near,Adult (2 Dimensions),Low Load,Near,Near,discard,discard,discard,discard,Bracket,Low Load,Same-Domain,Two-Dimension,2 Dimensions
176,891,5478,4,Adult,NA,NA,NA,bracket,near,same,yes,yes,0.38,0,0.63,0,high,0.875,0.34,not 2D,associative,stack,iterate,associative,0.97,0.03,NA,0.64,0.31,0.65,0.04,0.65,0.04,0.31,NA,NA,NA,NA,NA,0.65,0.08,2,0.65,0.65,1.3,0.33,bracket,near,pure,pure,learn_gen,bracket_bracket,3,3,6,3,0.92,0.63,Tail-recursive,0.63,0.65,0.65,0.31,NA,NA,NA,NA,0.65,0.65,0.31,NA,0.64,0.63,Tail-recursive,0.354,0.01,NA,0.64,0.65,0.04,0,0.31,0.28,0.64,0,NA,associative,NA,1,0,0,no,near,discard,Near,discard,discard,discard,discard,discard,discard,discard,discard,discard,discard,Bracket,discard,discard,discard,Bracket,Bracket,discard,Bracket,discard,Bracket,Near,Two Dimensions,Near,Bracket,Low Load (4 item),Bracket,Near,Perceptual,Low Load,Near,Adult (2 Dimensions),Low Load,Near,Near,discard,discard,discard,discard,Bracket,Low Load,Same-Domain,Two-Dimension,2 Dimensions
177,892,5479,4,Adult,NA,NA,NA,bracket,near,same,yes,yes,1,0,0,0,high,0.75,0.98,2D,2D,stack,iterate,stack,0.99,0.01,NA,0.01,0.98,0.01,0.01,0.01,0.01,0.98,NA,NA,NA,NA,NA,0.98,0.01,1,0.98,0.98,1.97,0.01,bracket,near,pure,pure,learn_gen,bracket_bracket,4,3,7,3.5,0.99,0,Serial-crossed,1,0.98,0.01,0.98,NA,NA,NA,NA,0.98,0.01,0.98,NA,0.98,0.99,Center-embedded,0.986,0.007,NA,0.01,0.98,0.01,0,0.01,0.98,0.98,1,NA,2D,NA,1.3,1,0.1,yes,near,discard,Near,discard,discard,discard,discard,discard,discard,discard,discard,discard,discard,Bracket,discard,discard,discard,Bracket,Bracket,discard,Bracket,discard,Bracket,Near,Two Dimensions,Near,Bracket,Low Load (4 item),Bracket,Near,Perceptual,Low Load,Near,Adult (2 Dimensions),Low Load,Near,Near,discard,discard,discard,discard,Bracket,Low Load,Same-Domain,Two-Dimension,2 Dimensions
178,893,5480,4,Adult,NA,NA,NA,bracket,near,same,yes,yes,1,0,0,0,high,0.75,0.98,2D,2D,stack,iterate,stack,0.99,0.01,NA,0.01,0.98,0.01,0.01,0.01,0.01,0.98,NA,NA,NA,NA,NA,0.98,0.01,1,0.98,0.98,1.97,0.01,bracket,near,pure,pure,learn_gen,bracket_bracket,4,3,7,3.5,0.99,0,Serial-crossed,1,0.98,0.01,0.98,NA,NA,NA,NA,0.98,0.01,0.98,NA,0.98,0.99,Center-embedded,0.986,0.007,NA,0.01,0.98,0.01,0,0.01,0.98,0.98,1,NA,2D,NA,1.3,1,0.1,yes,near,discard,Near,discard,discard,discard,discard,discard,discard,discard,discard,discard,discard,Bracket,discard,discard,discard,Bracket,Bracket,discard,Bracket,discard,Bracket,Near,Two Dimensions,Near,Bracket,Low Load (4 item),Bracket,Near,Perceptual,Low Load,Near,Adult (2 Dimensions),Low Load,Near,Near,discard,discard,discard,discard,Bracket,Low Load,Same-Domain,Two-Dimension,2 Dimensions
179,894,5481,4,Adult,NA,NA,NA,bracket,near,same,yes,yes,0.94,0.06,0,0,high,1,0.95,2D,2D,stack,iterate,stack,0.98,0.02,NA,0.01,0.98,0.01,0.01,0.01,0.02,0.97,NA,NA,NA,NA,NA,0.98,0.02,1,0.98,0.97,1.95,0.03,bracket,near,pure,pure,learn_gen,bracket_bracket,3,3,6,3,0.98,0.06,Serial-crossed,0.94,0.98,0.02,0.97,NA,NA,NA,NA,0.98,0.02,0.97,NA,0.98,0.96,Center-embedded,0.969,0.02,NA,0.01,0.98,0.01,0,0.01,0.95,0.95,1,NA,2D,NA,1,0,0,yes,near,discard,Near,discard,discard,discard,discard,discard,discard,discard,discard,discard,discard,Bracket,discard,discard,discard,Bracket,Bracket,discard,Bracket,discard,Bracket,Near,Two Dimensions,Near,Bracket,Low Load (4 item),Bracket,Near,Perceptual,Low Load,Near,Adult (2 Dimensions),Low Load,Near,Near,discard,discard,discard,discard,Bracket,Low Load,Same-Domain,Two-Dimension,2 Dimensions
180,895,5482,4,Adult,NA,NA,NA,bracket,near,same,yes,yes,0,0,1,0,high,1,0,not 2D,associative,queue,iterate,associative,0.5,0.5,NA,0.99,0.01,0.98,0.01,0.98,0.01,0.01,NA,NA,NA,NA,NA,0.98,0.01,2,0.98,0.98,1.97,0.5,bracket,near,pure,pure,learn_gen,bracket_bracket,3,3,6,3,0.99,1,Tail-recursive,1,0.98,0.98,0.01,NA,NA,NA,NA,0.98,0.98,0.01,NA,0.99,0.5,Tail-recursive,0.007,0.007,NA,0.99,0.98,0.01,0,0.01,0.01,0.99,0,NA,associative,NA,1,0,0,no,near,discard,Near,discard,discard,discard,discard,discard,discard,discard,discard,discard,discard,Bracket,discard,discard,discard,Bracket,Bracket,discard,Bracket,discard,Bracket,Near,Two Dimensions,Near,Bracket,Low Load (4 item),Bracket,Near,Perceptual,Low Load,Near,Adult (2 Dimensions),Low Load,Near,Near,discard,discard,discard,discard,Bracket,Low Load,Same-Domain,Two-Dimension,2 Dimensions
181,896,5483,4,Adult,NA,NA,NA,bracket,near,same,yes,yes,0,0,1,0,low,0.25,0,not 2D,associative,queue,iterate,associative,0.5,0.5,NA,0.99,0.01,0.98,0.01,0.98,0.01,0.01,NA,NA,NA,NA,NA,0.98,0.01,2,0.98,0.98,1.97,0.5,bracket,near,pure,pure,learn_gen,bracket_bracket,20,3,23,11.5,0.99,1,Tail-recursive,1,0.98,0.98,0.01,NA,NA,NA,NA,0.98,0.98,0.01,NA,0.99,0.5,Tail-recursive,0.007,0.007,NA,0.99,0.98,0.01,0,0.01,0.01,0.99,0,NA,associative,NA,6.7,17,0.7,no,near,discard,Near,discard,discard,discard,discard,discard,discard,discard,discard,discard,discard,Bracket,discard,discard,discard,Bracket,Bracket,discard,Bracket,discard,Bracket,Near,Two Dimensions,Near,Bracket,Low Load (4 item),Bracket,Near,Perceptual,Low Load,Near,Adult (2 Dimensions),Low Load,Near,Near,discard,discard,discard,discard,Bracket,Low Load,Same-Domain,Two-Dimension,2 Dimensions
182,897,5484,4,Adult,NA,NA,NA,bracket,near,same,yes,yes,0.94,0,0,0.06,high,0.75,0.97,2D,2D,stack,iterate,stack,0.99,0.01,NA,0.01,0.97,0.01,0.02,0.02,0.01,0.97,NA,NA,NA,NA,NA,0.97,0.01,1,0.97,0.97,1.94,0.02,bracket,near,pure,pure,learn_gen,bracket_bracket,8,10,18,9,0.99,0,Serial-crossed,0.94,0.97,0.01,0.97,NA,NA,NA,NA,0.97,0.01,0.97,NA,0.97,0.98,Center-embedded,0.978,0.011,NA,0.01,0.97,0.01,0,0.02,0.97,0.97,1,NA,2D,NA,0.8,-2,-0.1,yes,near,discard,Near,discard,discard,discard,discard,discard,discard,discard,discard,discard,discard,Bracket,discard,discard,discard,Bracket,Bracket,discard,Bracket,discard,Bracket,Near,Two Dimensions,Near,Bracket,Low Load (4 item),Bracket,Near,Perceptual,Low Load,Near,Adult (2 Dimensions),Low Load,Near,Near,discard,discard,discard,discard,Bracket,Low Load,Same-Domain,Two-Dimension,2 Dimensions
183,898,5485,4,Adult,NA,NA,NA,bracket,near,same,yes,yes,0.88,0.13,0,0,high,0.625,0.89,2D,2D,stack,iterate,stack,0.95,0.05,NA,0.01,0.98,0.01,0.01,0.02,0.04,0.94,NA,NA,NA,NA,NA,0.98,0.04,1,0.98,0.94,1.93,0.06,bracket,near,pure,pure,learn_gen,bracket_bracket,14,4,18,9,0.96,0.13,Serial-crossed,0.88,0.98,0.04,0.94,NA,NA,NA,NA,0.98,0.04,0.94,NA,0.98,0.93,Center-embedded,0.938,0.05,NA,0.01,0.98,0.01,0,0.01,0.89,0.89,1,NA,2D,NA,3.5,10,0.6,yes,near,discard,Near,discard,discard,discard,discard,discard,discard,discard,discard,discard,discard,Bracket,discard,discard,discard,Bracket,Bracket,discard,Bracket,discard,Bracket,Near,Two Dimensions,Near,Bracket,Low Load (4 item),Bracket,Near,Perceptual,Low Load,Near,Adult (2 Dimensions),Low Load,Near,Near,discard,discard,discard,discard,Bracket,Low Load,Same-Domain,Two-Dimension,2 Dimensions
184,899,5486,4,Adult,NA,NA,NA,bracket,near,same,yes,yes,0.88,0.06,0,0.06,high,0.75,0.94,2D,2D,stack,palindrome,stack,0.98,0.02,NA,0.01,0.97,0.02,0.01,0.01,0.02,0.97,NA,NA,NA,NA,NA,0.97,0.02,2,0.97,0.97,1.94,0.03,bracket,near,pure,pure,learn_gen,bracket_bracket,4,4,8,4,0.98,0.06,Serial-crossed,0.88,0.97,0.02,0.97,NA,NA,NA,NA,0.97,0.02,0.97,NA,0.97,0.96,Center-embedded,0.962,0.024,NA,0.01,0.01,0.02,0,0.97,0.94,0.94,1,NA,2D,NA,1,0,0,yes,near,discard,Near,discard,discard,discard,discard,discard,discard,discard,discard,discard,discard,Bracket,discard,discard,discard,Bracket,Bracket,discard,Bracket,discard,Bracket,Near,Two Dimensions,Near,Bracket,Low Load (4 item),Bracket,Near,Perceptual,Low Load,Near,Adult (2 Dimensions),Low Load,Near,Near,discard,discard,discard,discard,Bracket,Low Load,Same-Domain,Two-Dimension,2 Dimensions
185,900,5487,4,Adult,NA,NA,NA,bracket,near,same,yes,yes,1,0,0,0,high,0.875,0.98,2D,2D,stack,palindrome,stack,0.99,0.01,NA,0.01,0.98,0.01,0.01,0.01,0.01,0.98,NA,NA,NA,NA,NA,0.98,0.01,2,0.98,0.98,1.97,0.01,bracket,near,pure,pure,learn_gen,bracket_bracket,3,3,6,3,0.99,0,Serial-crossed,1,0.98,0.01,0.98,NA,NA,NA,NA,0.98,0.01,0.98,NA,0.98,0.99,Center-embedded,0.986,0.007,NA,0.01,0.01,0.01,0,0.98,0.98,0.98,1,NA,2D,NA,1,0,0,yes,near,discard,Near,discard,discard,discard,discard,discard,discard,discard,discard,discard,discard,Bracket,discard,discard,discard,Bracket,Bracket,discard,Bracket,discard,Bracket,Near,Two Dimensions,Near,Bracket,Low Load (4 item),Bracket,Near,Perceptual,Low Load,Near,Adult (2 Dimensions),Low Load,Near,Near,discard,discard,discard,discard,Bracket,Low Load,Same-Domain,Two-Dimension,2 Dimensions
186,901,5489,4,Adult,NA,NA,NA,bracket,near,same,yes,yes,0.56,0.38,0,0.06,high,1,0.24,not 2D,1D,stack,iterate,iterate,0.62,0.38,NA,0.02,0.97,0.01,0.02,0.06,0.29,0.64,NA,NA,NA,NA,NA,0.97,0.1,1,0.97,0.64,1.61,0.97,bracket,near,pure,pure,learn_gen,bracket_bracket,3,4,7,3.5,0.9,0.38,Serial-crossed,0.56,0.97,0.29,0.64,NA,NA,NA,NA,0.97,0.29,0.64,NA,0.97,0.57,Center-embedded,0.613,0.371,NA,0.02,0.97,0.01,0,0.02,0.24,0.97,0,NA,iterate,NA,0.8,-1,-0.1,no,near,discard,Near,discard,discard,discard,discard,discard,discard,discard,discard,discard,discard,Bracket,discard,discard,discard,Bracket,Bracket,discard,Bracket,discard,Bracket,Near,Two Dimensions,Near,Bracket,Low Load (4 item),Bracket,Near,Perceptual,Low Load,Near,Adult (2 Dimensions),Low Load,Near,Near,discard,discard,discard,discard,Bracket,Low Load,Same-Domain,Two-Dimension,2 Dimensions
187,902,5491,4,Adult,NA,NA,NA,bracket,near,same,yes,yes,0.88,0.13,0,0,high,0.875,0.89,2D,2D,stack,iterate,stack,0.95,0.05,NA,0.01,0.98,0.01,0.01,0.02,0.04,0.94,NA,NA,NA,NA,NA,0.98,0.03,1,0.98,0.94,1.93,0.06,bracket,near,pure,pure,learn_gen,bracket_bracket,6,4,10,5,0.97,0.13,Serial-crossed,0.88,0.98,0.04,0.94,NA,NA,NA,NA,0.98,0.04,0.94,NA,0.98,0.93,Center-embedded,0.938,0.05,NA,0.01,0.98,0.01,0,0.01,0.89,0.89,1,NA,2D,NA,1.5,2,0.2,yes,near,discard,Near,discard,discard,discard,discard,discard,discard,discard,discard,discard,discard,Bracket,discard,discard,discard,Bracket,Bracket,discard,Bracket,discard,Bracket,Near,Two Dimensions,Near,Bracket,Low Load (4 item),Bracket,Near,Perceptual,Low Load,Near,Adult (2 Dimensions),Low Load,Near,Near,discard,discard,discard,discard,Bracket,Low Load,Same-Domain,Two-Dimension,2 Dimensions
188,5285,5452,4,Adult,NA,NA,NA,bracket,near,same,yes,yes,0.89,0.11,0,0,high,0.875,0.9,2D,2D,stack,iterate,stack,0.94,0.04,0.01,NA,0.99,0.01,0.01,0.02,0.03,0.95,NA,NA,NA,NA,NA,0.99,0.03,1,0.99,0.95,1.94,0.05,bracket,far,pure,pure,learn_gen,bracket_bracket,8,5,13,6.5,0.97,0.11,Serial-crossed,0.89,0.99,0.03,0.95,NA,NA,NA,NA,0.99,0.03,0.95,NA,0.99,0.93,Center-embedded,0.944,0.045,0.01,NA,0.99,0.01,0,0.01,0.9,0.9,1,NA,2D,NA,1.6,3,0.2,yes,near,discard,Far (Unrelated),discard,discard,discard,discard,discard,discard,discard,discard,discard,discard,Bracket,discard,discard,discard,discard,discard,discard,discard,discard,discard,discard,discard,discard,discard,discard,discard,discard,discard,discard,discard,discard,discard,discard,discard,discard,discard,discard,discard,discard,discard,discard,discard,discard
189,5286,5453,4,Adult,NA,NA,NA,bracket,near,same,yes,yes,0.89,0.06,0,0.06,high,0.875,0.95,2D,2D,stack,iterate,stack,0.97,0.02,0.01,NA,0.97,0.01,0.02,0.02,0.02,0.96,NA,NA,NA,NA,NA,0.97,0.02,1,0.97,0.96,1.93,0.03,bracket,far,pure,pure,learn_gen,bracket_bracket,9,3,12,6,0.98,0.06,Serial-crossed,0.89,0.97,0.02,0.96,NA,NA,NA,NA,0.97,0.02,0.96,NA,0.97,0.96,Center-embedded,0.967,0.02,0.01,NA,0.97,0.01,0,0.02,0.95,0.95,1,NA,2D,NA,3,6,0.5,yes,near,discard,Far (Unrelated),discard,discard,discard,discard,discard,discard,discard,discard,discard,discard,Bracket,discard,discard,discard,discard,discard,discard,discard,discard,discard,discard,discard,discard,discard,discard,discard,discard,discard,discard,discard,discard,discard,discard,discard,discard,discard,discard,discard,discard,discard,discard,discard,discard
190,5287,5454,4,Adult,NA,NA,NA,bracket,near,same,yes,yes,0.89,0,0.06,0.06,high,1,0.95,2D,2D,stack,palindrome,stack,0.97,0.01,0.02,NA,0.95,0.03,0.02,0.02,0.01,0.97,NA,NA,NA,NA,NA,0.97,0.02,2,0.95,0.97,1.92,0.03,bracket,far,pure,pure,learn_gen,bracket_bracket,4,3,7,3.5,0.98,0.06,Tail-recursive,0.89,0.95,0.03,0.97,NA,NA,NA,NA,0.95,0.03,0.97,NA,0.97,0.96,Center-embedded,0.967,0.013,0.02,NA,0.02,0.01,0,0.97,0.95,0.95,1,NA,2D,NA,1.3,1,0.1,yes,near,discard,Far (Unrelated),discard,discard,discard,discard,discard,discard,discard,discard,discard,discard,Bracket,discard,discard,discard,discard,discard,discard,discard,discard,discard,discard,discard,discard,discard,discard,discard,discard,discard,discard,discard,discard,discard,discard,discard,discard,discard,discard,discard,discard,discard,discard,discard,discard
191,5288,5455,4,Adult,NA,NA,NA,bracket,near,same,yes,yes,0.94,0.06,0,0,high,0.5,0.95,2D,2D,stack,iterate,stack,0.97,0.02,0.01,NA,0.99,0.01,0.01,0.01,0.02,0.97,NA,NA,NA,NA,NA,0.99,0.02,1,0.99,0.97,1.96,0.02,bracket,far,pure,pure,learn_gen,bracket_bracket,30,3,33,16.5,0.98,0.06,Serial-crossed,0.94,0.99,0.02,0.97,NA,NA,NA,NA,0.99,0.02,0.97,NA,0.99,0.97,Center-embedded,0.973,0.018,0.01,NA,0.99,0.01,0,0.01,0.95,0.95,1,NA,2D,NA,10,27,0.8,yes,near,discard,Far (Unrelated),discard,discard,discard,discard,discard,discard,discard,discard,discard,discard,Bracket,discard,discard,discard,discard,discard,discard,discard,discard,discard,discard,discard,discard,discard,discard,discard,discard,discard,discard,discard,discard,discard,discard,discard,discard,discard,discard,discard,discard,discard,discard,discard,discard
192,5289,5456,4,Adult,NA,NA,NA,bracket,near,same,yes,yes,0.94,0.06,0,0,high,0.75,0.95,2D,2D,stack,iterate,stack,0.97,0.02,0.01,NA,0.99,0.01,0.01,0.01,0.02,0.97,NA,NA,NA,NA,NA,0.99,0.02,1,0.99,0.97,1.96,0.02,bracket,far,pure,pure,learn_gen,bracket_bracket,12,3,15,7.5,0.98,0.06,Serial-crossed,0.94,0.99,0.02,0.97,NA,NA,NA,NA,0.99,0.02,0.97,NA,0.99,0.97,Center-embedded,0.973,0.018,0.01,NA,0.99,0.01,0,0.01,0.95,0.95,1,NA,2D,NA,4,9,0.6,yes,near,discard,Far (Unrelated),discard,discard,discard,discard,discard,discard,discard,discard,discard,discard,Bracket,discard,discard,discard,discard,discard,discard,discard,discard,discard,discard,discard,discard,discard,discard,discard,discard,discard,discard,discard,discard,discard,discard,discard,discard,discard,discard,discard,discard,discard,discard,discard,discard
193,5290,5458,4,Adult,NA,NA,NA,bracket,near,same,yes,yes,1,0,0,0,high,1,0.98,2D,2D,stack,palindrome,stack,0.99,0.01,0.01,NA,0.99,0.01,0.01,0.01,0.01,0.99,NA,NA,NA,NA,NA,0.99,0.01,2,0.99,0.99,1.97,0.01,bracket,far,pure,pure,learn_gen,bracket_bracket,17,4,21,10.5,0.99,0,Serial-crossed,1,0.99,0.01,0.99,NA,NA,NA,NA,0.99,0.01,0.99,NA,0.99,0.99,Center-embedded,0.988,0.006,0.01,NA,0.01,0.01,0,0.99,0.98,0.98,1,NA,2D,NA,4.3,13,0.6,yes,near,discard,Far (Unrelated),discard,discard,discard,discard,discard,discard,discard,discard,discard,discard,Bracket,discard,discard,discard,discard,discard,discard,discard,discard,discard,discard,discard,discard,discard,discard,discard,discard,discard,discard,discard,discard,discard,discard,discard,discard,discard,discard,discard,discard,discard,discard,discard,discard
194,5291,5459,4,Adult,NA,NA,NA,bracket,near,same,yes,yes,0.94,0.06,0,0,high,0.875,0.96,2D,2D,stack,iterate,stack,0.97,0.02,0.01,NA,0.99,0.01,0.01,0.01,0.02,0.97,NA,NA,NA,NA,NA,0.99,0.02,1,0.99,0.97,1.96,0.02,bracket,far,pure,pure,learn_gen,bracket_bracket,5,3,8,4,0.98,0.06,Serial-crossed,0.94,0.99,0.02,0.97,NA,NA,NA,NA,0.99,0.02,0.97,NA,0.99,0.97,Center-embedded,0.973,0.018,0.01,NA,0.99,0.01,0,0.01,0.96,0.96,1,NA,2D,NA,1.7,2,0.3,yes,near,discard,Far (Unrelated),discard,discard,discard,discard,discard,discard,discard,discard,discard,discard,Bracket,discard,discard,discard,discard,discard,discard,discard,discard,discard,discard,discard,discard,discard,discard,discard,discard,discard,discard,discard,discard,discard,discard,discard,discard,discard,discard,discard,discard,discard,discard,discard,discard
195,5292,5460,4,Adult,NA,NA,NA,bracket,near,same,yes,yes,1,0,0,0,high,1,0.98,2D,2D,stack,palindrome,stack,0.99,0.01,0.01,NA,0.99,0.01,0.01,0.01,0.01,0.99,NA,NA,NA,NA,NA,0.99,0.01,2,0.99,0.99,1.97,0.01,bracket,far,pure,pure,learn_gen,bracket_bracket,10,3,13,6.5,0.99,0,Serial-crossed,1,0.99,0.01,0.99,NA,NA,NA,NA,0.99,0.01,0.99,NA,0.99,0.99,Center-embedded,0.988,0.006,0.01,NA,0.01,0.01,0,0.99,0.98,0.98,1,NA,2D,NA,3.3,7,0.5,yes,near,discard,Far (Unrelated),discard,discard,discard,discard,discard,discard,discard,discard,discard,discard,Bracket,discard,discard,discard,discard,discard,discard,discard,discard,discard,discard,discard,discard,discard,discard,discard,discard,discard,discard,discard,discard,discard,discard,discard,discard,discard,discard,discard,discard,discard,discard,discard,discard
196,5293,5462,4,Adult,NA,NA,NA,bracket,near,same,yes,yes,0.94,0.06,0,0,high,1,0.96,2D,2D,stack,iterate,stack,0.97,0.02,0.01,NA,0.99,0.01,0.01,0.01,0.02,0.97,NA,NA,NA,NA,NA,0.99,0.02,1,0.99,0.97,1.96,0.02,bracket,far,pure,pure,learn_gen,bracket_bracket,3,3,6,3,0.98,0.06,Serial-crossed,0.94,0.99,0.02,0.97,NA,NA,NA,NA,0.99,0.02,0.97,NA,0.99,0.97,Center-embedded,0.973,0.018,0.01,NA,0.99,0.01,0,0.01,0.96,0.96,1,NA,2D,NA,1,0,0,yes,near,discard,Far (Unrelated),discard,discard,discard,discard,discard,discard,discard,discard,discard,discard,Bracket,discard,discard,discard,discard,discard,discard,discard,discard,discard,discard,discard,discard,discard,discard,discard,discard,discard,discard,discard,discard,discard,discard,discard,discard,discard,discard,discard,discard,discard,discard,discard,discard
197,5294,5463,4,Adult,NA,NA,NA,bracket,near,same,yes,yes,0.89,0.06,0,0.06,high,0.75,0.95,2D,2D,stack,iterate,stack,0.97,0.02,0.01,NA,0.97,0.01,0.02,0.02,0.03,0.95,NA,NA,NA,NA,NA,0.97,0.02,1,0.97,0.95,1.92,0.03,bracket,far,pure,pure,learn_gen,bracket_bracket,8,3,11,5.5,0.98,0.06,Serial-crossed,0.89,0.97,0.03,0.95,NA,NA,NA,NA,0.97,0.03,0.95,NA,0.97,0.96,Center-embedded,0.967,0.02,0.01,NA,0.97,0.01,0,0.02,0.95,0.95,1,NA,2D,NA,2.7,5,0.5,yes,near,discard,Far (Unrelated),discard,discard,discard,discard,discard,discard,discard,discard,discard,discard,Bracket,discard,discard,discard,discard,discard,discard,discard,discard,discard,discard,discard,discard,discard,discard,discard,discard,discard,discard,discard,discard,discard,discard,discard,discard,discard,discard,discard,discard,discard,discard,discard,discard
198,5295,5464,4,Adult,NA,NA,NA,bracket,near,same,yes,yes,0.89,0,0.11,0,high,0.625,0.9,2D,2D,stack,palindrome,stack,0.94,0.01,0.05,NA,0.95,0.03,0.02,0.03,0.02,0.95,NA,NA,NA,NA,NA,0.95,0.03,2,0.95,0.95,1.9,0.05,bracket,far,pure,pure,learn_gen,bracket_bracket,3,4,7,3.5,0.97,0.11,Tail-recursive,0.89,0.95,0.03,0.95,NA,NA,NA,NA,0.95,0.03,0.95,NA,0.95,0.93,Center-embedded,0.943,0.011,0.05,NA,0.03,0.02,0,0.95,0.9,0.9,1,NA,2D,NA,0.8,-1,-0.1,yes,near,discard,Far (Unrelated),discard,discard,discard,discard,discard,discard,discard,discard,discard,discard,Bracket,discard,discard,discard,discard,discard,discard,discard,discard,discard,discard,discard,discard,discard,discard,discard,discard,discard,discard,discard,discard,discard,discard,discard,discard,discard,discard,discard,discard,discard,discard,discard,discard
199,5296,5466,4,Adult,NA,NA,NA,bracket,near,same,yes,yes,0.78,0.11,0,0.11,high,0.625,0.89,2D,2D,stack,iterate,stack,0.94,0.04,0.02,NA,0.95,0.01,0.03,0.03,0.03,0.93,NA,NA,NA,NA,NA,0.95,0.04,1,0.95,0.93,1.88,0.05,bracket,far,pure,pure,learn_gen,bracket_bracket,4,3,7,3.5,0.96,0.11,Serial-crossed,0.78,0.95,0.03,0.93,NA,NA,NA,NA,0.95,0.03,0.93,NA,0.95,0.93,Center-embedded,0.938,0.043,0.02,NA,0.95,0.01,0,0.03,0.89,0.89,1,NA,2D,NA,1.3,1,0.1,yes,near,discard,Far (Unrelated),discard,discard,discard,discard,discard,discard,discard,discard,discard,discard,Bracket,discard,discard,discard,discard,discard,discard,discard,discard,discard,discard,discard,discard,discard,discard,discard,discard,discard,discard,discard,discard,discard,discard,discard,discard,discard,discard,discard,discard,discard,discard,discard,discard
200,5297,5467,4,Adult,NA,NA,NA,bracket,near,same,yes,yes,0.94,0,0,0.06,low,0.375,0.97,2D,2D,stack,palindrome,stack,0.98,0.01,0.01,NA,0.97,0.02,0.01,0.01,0.01,0.99,NA,NA,NA,NA,NA,0.99,0.01,2,0.97,0.99,1.96,0.01,bracket,far,pure,pure,learn_gen,bracket_bracket,3,3,6,3,0.99,0,Serial-crossed,0.94,0.97,0.02,0.99,NA,NA,NA,NA,0.97,0.02,0.99,NA,0.99,0.98,Center-embedded,0.98,0.01,0.01,NA,0.01,0.01,0,0.99,0.97,0.97,1,NA,2D,NA,1,0,0,yes,near,discard,Far (Unrelated),discard,discard,discard,discard,discard,discard,discard,discard,discard,discard,Bracket,discard,discard,discard,discard,discard,discard,discard,discard,discard,discard,discard,discard,discard,discard,discard,discard,discard,discard,discard,discard,discard,discard,discard,discard,discard,discard,discard,discard,discard,discard,discard,discard
201,5298,5468,4,Adult,NA,NA,NA,bracket,near,same,yes,yes,0.94,0.06,0,0,high,1,0.96,2D,2D,stack,iterate,stack,0.97,0.02,0.01,NA,0.99,0.01,0.01,0.01,0.02,0.97,NA,NA,NA,NA,NA,0.99,0.02,1,0.99,0.97,1.96,0.02,bracket,far,pure,pure,learn_gen,bracket_bracket,3,4,7,3.5,0.98,0.06,Serial-crossed,0.94,0.99,0.02,0.97,NA,NA,NA,NA,0.99,0.02,0.97,NA,0.99,0.97,Center-embedded,0.974,0.017,0.01,NA,0.99,0.01,0,0.01,0.96,0.96,1,NA,2D,NA,0.8,-1,-0.1,yes,near,discard,Far (Unrelated),discard,discard,discard,discard,discard,discard,discard,discard,discard,discard,Bracket,discard,discard,discard,discard,discard,discard,discard,discard,discard,discard,discard,discard,discard,discard,discard,discard,discard,discard,discard,discard,discard,discard,discard,discard,discard,discard,discard,discard,discard,discard,discard,discard
202,5299,5469,4,Adult,NA,NA,NA,bracket,near,same,yes,yes,0.78,0.22,0,0,high,0.75,0.65,2D,2D,stack,iterate,stack,0.82,0.17,0.01,NA,0.99,0.01,0.01,0.02,0.12,0.86,NA,NA,NA,NA,NA,0.99,0.05,1,0.99,0.86,1.84,0.18,bracket,far,pure,pure,learn_gen,bracket_bracket,4,4,8,4,0.95,0.22,Serial-crossed,0.78,0.99,0.12,0.86,NA,NA,NA,NA,0.99,0.12,0.86,NA,0.99,0.8,Center-embedded,0.819,0.171,0.01,NA,0.99,0.01,0,0.01,0.65,0.65,1,NA,2D,NA,1,0,0,yes,near,discard,Far (Unrelated),discard,discard,discard,discard,discard,discard,discard,discard,discard,discard,Bracket,discard,discard,discard,discard,discard,discard,discard,discard,discard,discard,discard,discard,discard,discard,discard,discard,discard,discard,discard,discard,discard,discard,discard,discard,discard,discard,discard,discard,discard,discard,discard,discard
203,5300,5470,4,Adult,NA,NA,NA,bracket,near,same,yes,yes,0.94,0,0,0.06,high,0.875,0.97,2D,2D,stack,palindrome,stack,0.98,0.01,0.01,NA,0.97,0.02,0.01,0.01,0.01,0.99,NA,NA,NA,NA,NA,0.99,0.01,2,0.97,0.99,1.96,0.01,bracket,far,pure,pure,learn_gen,bracket_bracket,4,4,8,4,0.99,0,Serial-crossed,0.94,0.97,0.02,0.99,NA,NA,NA,NA,0.97,0.02,0.99,NA,0.99,0.98,Center-embedded,0.98,0.01,0.01,NA,0.01,0.01,0,0.99,0.97,0.97,1,NA,2D,NA,1,0,0,yes,near,discard,Far (Unrelated),discard,discard,discard,discard,discard,discard,discard,discard,discard,discard,Bracket,discard,discard,discard,discard,discard,discard,discard,discard,discard,discard,discard,discard,discard,discard,discard,discard,discard,discard,discard,discard,discard,discard,discard,discard,discard,discard,discard,discard,discard,discard,discard,discard
204,5301,5471,4,Adult,NA,NA,NA,bracket,near,same,yes,yes,1,0,0,0,high,0.875,0.98,2D,2D,stack,iterate,stack,0.99,0.01,0.01,NA,0.99,0.01,0.01,0.01,0.01,0.99,NA,NA,NA,NA,NA,0.99,0.01,1,0.99,0.99,1.97,0.01,bracket,far,pure,pure,learn_gen,bracket_bracket,4,3,7,3.5,0.99,0,Serial-crossed,1,0.99,0.01,0.99,NA,NA,NA,NA,0.99,0.01,0.99,NA,0.99,0.99,Center-embedded,0.988,0.006,0.01,NA,0.99,0.01,0,0.01,0.98,0.98,1,NA,2D,NA,1.3,1,0.1,yes,near,discard,Far (Unrelated),discard,discard,discard,discard,discard,discard,discard,discard,discard,discard,Bracket,discard,discard,discard,discard,discard,discard,discard,discard,discard,discard,discard,discard,discard,discard,discard,discard,discard,discard,discard,discard,discard,discard,discard,discard,discard,discard,discard,discard,discard,discard,discard,discard
205,5302,5472,4,Adult,NA,NA,NA,bracket,near,same,yes,yes,0.94,0,0.06,0,high,1,0.95,2D,2D,stack,iterate,stack,0.97,0.01,0.02,NA,0.97,0.02,0.01,0.02,0.01,0.97,NA,NA,NA,NA,NA,0.97,0.02,1,0.97,0.97,1.95,0.02,bracket,far,pure,pure,learn_gen,bracket_bracket,3,3,6,3,0.98,0.06,Tail-recursive,0.94,0.97,0.02,0.97,NA,NA,NA,NA,0.97,0.02,0.97,NA,0.97,0.97,Center-embedded,0.973,0.009,0.02,NA,0.97,0.02,0,0.01,0.95,0.95,1,NA,2D,NA,1,0,0,yes,near,discard,Far (Unrelated),discard,discard,discard,discard,discard,discard,discard,discard,discard,discard,Bracket,discard,discard,discard,discard,discard,discard,discard,discard,discard,discard,discard,discard,discard,discard,discard,discard,discard,discard,discard,discard,discard,discard,discard,discard,discard,discard,discard,discard,discard,discard,discard,discard
206,5303,5473,4,Adult,NA,NA,NA,bracket,near,same,yes,yes,1,0,0,0,high,0.875,0.98,2D,2D,stack,iterate,stack,0.99,0.01,0.01,NA,0.99,0.01,0.01,0.01,0.01,0.99,NA,NA,NA,NA,NA,0.99,0.01,1,0.99,0.99,1.97,0.01,bracket,far,pure,pure,learn_gen,bracket_bracket,3,3,6,3,0.99,0,Serial-crossed,1,0.99,0.01,0.99,NA,NA,NA,NA,0.99,0.01,0.99,NA,0.99,0.99,Center-embedded,0.987,0.006,0.01,NA,0.99,0.01,0,0.01,0.98,0.98,1,NA,2D,NA,1,0,0,yes,near,discard,Far (Unrelated),discard,discard,discard,discard,discard,discard,discard,discard,discard,discard,Bracket,discard,discard,discard,discard,discard,discard,discard,discard,discard,discard,discard,discard,discard,discard,discard,discard,discard,discard,discard,discard,discard,discard,discard,discard,discard,discard,discard,discard,discard,discard,discard,discard
207,5304,5474,4,Adult,NA,NA,NA,bracket,near,same,yes,yes,0.94,0,0,0.06,high,0.625,0.97,2D,2D,stack,iterate,stack,0.98,0.01,0.01,NA,0.97,0.01,0.02,0.01,0.02,0.97,NA,NA,NA,NA,NA,0.97,0.01,1,0.97,0.97,1.95,0.01,bracket,far,pure,pure,learn_gen,bracket_bracket,3,3,6,3,0.99,0,Serial-crossed,0.94,0.97,0.02,0.97,NA,NA,NA,NA,0.97,0.02,0.97,NA,0.97,0.98,Center-embedded,0.98,0.01,0.01,NA,0.97,0.01,0,0.02,0.97,0.97,1,NA,2D,NA,1,0,0,yes,near,discard,Far (Unrelated),discard,discard,discard,discard,discard,discard,discard,discard,discard,discard,Bracket,discard,discard,discard,discard,discard,discard,discard,discard,discard,discard,discard,discard,discard,discard,discard,discard,discard,discard,discard,discard,discard,discard,discard,discard,discard,discard,discard,discard,discard,discard,discard,discard
208,5305,5475,4,Adult,NA,NA,NA,bracket,near,same,yes,yes,0.94,0,0,0.06,high,0.75,0.97,2D,2D,stack,palindrome,stack,0.98,0.01,0.01,NA,0.97,0.02,0.01,0.01,0.01,0.99,NA,NA,NA,NA,NA,0.99,0.01,2,0.97,0.99,1.96,0.01,bracket,far,pure,pure,learn_gen,bracket_bracket,5,4,9,4.5,0.99,0,Serial-crossed,0.94,0.97,0.02,0.99,NA,NA,NA,NA,0.97,0.02,0.99,NA,0.99,0.98,Center-embedded,0.98,0.01,0.01,NA,0.01,0.01,0,0.99,0.97,0.97,1,NA,2D,NA,1.3,1,0.1,yes,near,discard,Far (Unrelated),discard,discard,discard,discard,discard,discard,discard,discard,discard,discard,Bracket,discard,discard,discard,discard,discard,discard,discard,discard,discard,discard,discard,discard,discard,discard,discard,discard,discard,discard,discard,discard,discard,discard,discard,discard,discard,discard,discard,discard,discard,discard,discard,discard
209,5306,5476,4,Adult,NA,NA,NA,bracket,near,same,yes,yes,0.94,0,0.06,0,high,1,0.96,2D,2D,stack,iterate,stack,0.97,0.01,0.02,NA,0.97,0.02,0.01,0.02,0.01,0.97,NA,NA,NA,NA,NA,0.97,0.02,1,0.97,0.97,1.95,0.02,bracket,far,pure,pure,learn_gen,bracket_bracket,7,3,10,5,0.98,0.06,Tail-recursive,0.94,0.97,0.02,0.97,NA,NA,NA,NA,0.97,0.02,0.97,NA,0.97,0.97,Center-embedded,0.974,0.009,0.02,NA,0.97,0.02,0,0.01,0.96,0.96,1,NA,2D,NA,2.3,4,0.4,yes,near,discard,Far (Unrelated),discard,discard,discard,discard,discard,discard,discard,discard,discard,discard,Bracket,discard,discard,discard,discard,discard,discard,discard,discard,discard,discard,discard,discard,discard,discard,discard,discard,discard,discard,discard,discard,discard,discard,discard,discard,discard,discard,discard,discard,discard,discard,discard,discard
210,5307,5477,4,Adult,NA,NA,NA,bracket,near,same,yes,yes,1,0,0,0,high,0.75,0.98,2D,2D,stack,iterate,stack,0.99,0.01,0.01,NA,0.99,0.01,0.01,0.01,0.01,0.99,NA,NA,NA,NA,NA,0.99,0.01,1,0.99,0.99,1.97,0.01,bracket,far,pure,pure,learn_gen,bracket_bracket,13,3,16,8,0.99,0,Serial-crossed,1,0.99,0.01,0.99,NA,NA,NA,NA,0.99,0.01,0.99,NA,0.99,0.99,Center-embedded,0.987,0.006,0.01,NA,0.99,0.01,0,0.01,0.98,0.98,1,NA,2D,NA,4.3,10,0.6,yes,near,discard,Far (Unrelated),discard,discard,discard,discard,discard,discard,discard,discard,discard,discard,Bracket,discard,discard,discard,discard,discard,discard,discard,discard,discard,discard,discard,discard,discard,discard,discard,discard,discard,discard,discard,discard,discard,discard,discard,discard,discard,discard,discard,discard,discard,discard,discard,discard
211,5308,5478,4,Adult,NA,NA,NA,bracket,near,same,yes,yes,1,0,0,0,high,0.875,0.98,2D,2D,stack,iterate,stack,0.99,0.01,0.01,NA,0.99,0.01,0.01,0.01,0.01,0.99,NA,NA,NA,NA,NA,0.99,0.01,1,0.99,0.99,1.97,0.01,bracket,far,pure,pure,learn_gen,bracket_bracket,3,3,6,3,0.99,0,Serial-crossed,1,0.99,0.01,0.99,NA,NA,NA,NA,0.99,0.01,0.99,NA,0.99,0.99,Center-embedded,0.988,0.006,0.01,NA,0.99,0.01,0,0.01,0.98,0.98,1,NA,2D,NA,1,0,0,yes,near,discard,Far (Unrelated),discard,discard,discard,discard,discard,discard,discard,discard,discard,discard,Bracket,discard,discard,discard,discard,discard,discard,discard,discard,discard,discard,discard,discard,discard,discard,discard,discard,discard,discard,discard,discard,discard,discard,discard,discard,discard,discard,discard,discard,discard,discard,discard,discard
212,5309,5479,4,Adult,NA,NA,NA,bracket,near,same,yes,yes,1,0,0,0,high,0.75,0.98,2D,2D,stack,palindrome,stack,0.99,0.01,0.01,NA,0.99,0.01,0.01,0.01,0.01,0.99,NA,NA,NA,NA,NA,0.99,0.01,2,0.99,0.99,1.97,0.01,bracket,far,pure,pure,learn_gen,bracket_bracket,4,3,7,3.5,0.99,0,Serial-crossed,1,0.99,0.01,0.99,NA,NA,NA,NA,0.99,0.01,0.99,NA,0.99,0.99,Center-embedded,0.987,0.006,0.01,NA,0.01,0.01,0,0.99,0.98,0.98,1,NA,2D,NA,1.3,1,0.1,yes,near,discard,Far (Unrelated),discard,discard,discard,discard,discard,discard,discard,discard,discard,discard,Bracket,discard,discard,discard,discard,discard,discard,discard,discard,discard,discard,discard,discard,discard,discard,discard,discard,discard,discard,discard,discard,discard,discard,discard,discard,discard,discard,discard,discard,discard,discard,discard,discard
213,5310,5480,4,Adult,NA,NA,NA,bracket,near,same,yes,yes,0.94,0,0,0.06,high,0.75,0.97,2D,2D,stack,palindrome,stack,0.98,0.01,0.01,NA,0.97,0.02,0.01,0.01,0.01,0.99,NA,NA,NA,NA,NA,0.99,0.01,2,0.97,0.99,1.96,0.01,bracket,far,pure,pure,learn_gen,bracket_bracket,4,3,7,3.5,0.99,0,Serial-crossed,0.94,0.97,0.02,0.99,NA,NA,NA,NA,0.97,0.02,0.99,NA,0.99,0.98,Center-embedded,0.98,0.01,0.01,NA,0.01,0.01,0,0.99,0.97,0.97,1,NA,2D,NA,1.3,1,0.1,yes,near,discard,Far (Unrelated),discard,discard,discard,discard,discard,discard,discard,discard,discard,discard,Bracket,discard,discard,discard,discard,discard,discard,discard,discard,discard,discard,discard,discard,discard,discard,discard,discard,discard,discard,discard,discard,discard,discard,discard,discard,discard,discard,discard,discard,discard,discard,discard,discard
214,5311,5481,4,Adult,NA,NA,NA,bracket,near,same,yes,yes,0.89,0,0.11,0,high,1,0.9,2D,2D,stack,iterate,stack,0.94,0.01,0.05,NA,0.95,0.03,0.02,0.03,0.02,0.95,NA,NA,NA,NA,NA,0.95,0.03,1,0.95,0.95,1.9,0.05,bracket,far,pure,pure,learn_gen,bracket_bracket,3,3,6,3,0.97,0.11,Tail-recursive,0.89,0.95,0.03,0.95,NA,NA,NA,NA,0.95,0.03,0.95,NA,0.95,0.93,Center-embedded,0.944,0.011,0.05,NA,0.95,0.03,0,0.02,0.9,0.9,1,NA,2D,NA,1,0,0,yes,near,discard,Far (Unrelated),discard,discard,discard,discard,discard,discard,discard,discard,discard,discard,Bracket,discard,discard,discard,discard,discard,discard,discard,discard,discard,discard,discard,discard,discard,discard,discard,discard,discard,discard,discard,discard,discard,discard,discard,discard,discard,discard,discard,discard,discard,discard,discard,discard
215,5312,5482,4,Adult,NA,NA,NA,bracket,near,same,yes,yes,0.94,0,0.06,0,high,1,0.95,2D,2D,stack,iterate,stack,0.97,0.01,0.02,NA,0.97,0.02,0.01,0.02,0.01,0.97,NA,NA,NA,NA,NA,0.97,0.02,1,0.97,0.97,1.95,0.02,bracket,far,pure,pure,learn_gen,bracket_bracket,3,3,6,3,0.98,0.06,Tail-recursive,0.94,0.97,0.02,0.97,NA,NA,NA,NA,0.97,0.02,0.97,NA,0.97,0.97,Center-embedded,0.973,0.009,0.02,NA,0.97,0.02,0,0.01,0.95,0.95,1,NA,2D,NA,1,0,0,yes,near,discard,Far (Unrelated),discard,discard,discard,discard,discard,discard,discard,discard,discard,discard,Bracket,discard,discard,discard,discard,discard,discard,discard,discard,discard,discard,discard,discard,discard,discard,discard,discard,discard,discard,discard,discard,discard,discard,discard,discard,discard,discard,discard,discard,discard,discard,discard,discard
216,5313,5483,4,Adult,NA,NA,NA,bracket,near,same,yes,yes,0.94,0,0,0.06,low,0.25,0.97,2D,2D,stack,palindrome,stack,0.98,0.01,0.01,NA,0.97,0.02,0.01,0.01,0.01,0.99,NA,NA,NA,NA,NA,0.99,0.01,2,0.97,0.99,1.96,0.02,bracket,far,pure,pure,learn_gen,bracket_bracket,20,3,23,11.5,0.99,0,Serial-crossed,0.94,0.97,0.02,0.99,NA,NA,NA,NA,0.97,0.02,0.99,NA,0.99,0.98,Center-embedded,0.98,0.01,0.01,NA,0.01,0.01,0,0.99,0.97,0.97,1,NA,2D,NA,6.7,17,0.7,yes,near,discard,Far (Unrelated),discard,discard,discard,discard,discard,discard,discard,discard,discard,discard,Bracket,discard,discard,discard,discard,discard,discard,discard,discard,discard,discard,discard,discard,discard,discard,discard,discard,discard,discard,discard,discard,discard,discard,discard,discard,discard,discard,discard,discard,discard,discard,discard,discard
217,5314,5484,4,Adult,NA,NA,NA,bracket,near,same,yes,yes,0.78,0.11,0,0.11,high,0.75,0.89,2D,2D,stack,iterate,stack,0.94,0.04,0.02,NA,0.95,0.01,0.03,0.04,0.03,0.93,NA,NA,NA,NA,NA,0.95,0.04,1,0.95,0.93,1.88,0.05,bracket,far,pure,pure,learn_gen,bracket_bracket,8,10,18,9,0.96,0.11,Serial-crossed,0.78,0.95,0.03,0.93,NA,NA,NA,NA,0.95,0.03,0.93,NA,0.95,0.93,Center-embedded,0.937,0.043,0.02,NA,0.95,0.01,0,0.03,0.89,0.89,1,NA,2D,NA,0.8,-2,-0.1,yes,near,discard,Far (Unrelated),discard,discard,discard,discard,discard,discard,discard,discard,discard,discard,Bracket,discard,discard,discard,discard,discard,discard,discard,discard,discard,discard,discard,discard,discard,discard,discard,discard,discard,discard,discard,discard,discard,discard,discard,discard,discard,discard,discard,discard,discard,discard,discard,discard
218,5315,5485,4,Adult,NA,NA,NA,bracket,near,same,yes,yes,0.44,0.11,0.06,0.39,high,0.625,0.71,2D,2D,stack,palindrome,stack,0.81,0.09,0.1,NA,0.8,0.1,0.1,0.06,0.09,0.85,NA,NA,NA,NA,NA,0.85,0.11,2,0.8,0.85,1.65,0.14,bracket,far,pure,pure,learn_gen,bracket_bracket,14,4,18,9,0.89,0.11,Serial-crossed,0.44,0.8,0.1,0.85,NA,NA,NA,NA,0.8,0.1,0.85,NA,0.85,0.8,Center-embedded,0.812,0.088,0.1,NA,0.06,0.09,0,0.85,0.71,0.71,1,NA,2D,NA,3.5,10,0.6,yes,near,discard,Far (Unrelated),discard,discard,discard,discard,discard,discard,discard,discard,discard,discard,Bracket,discard,discard,discard,discard,discard,discard,discard,discard,discard,discard,discard,discard,discard,discard,discard,discard,discard,discard,discard,discard,discard,discard,discard,discard,discard,discard,discard,discard,discard,discard,discard,discard
219,5316,5486,4,Adult,NA,NA,NA,bracket,near,same,yes,yes,0.22,0.33,0.17,0.28,high,0.75,0.31,not 2D,1D,queue,iterate,iterate,0.25,0.56,0.19,NA,0.79,0.1,0.11,0.45,0.31,0.24,NA,NA,NA,NA,NA,0.79,0.49,1,0.79,0.45,1.24,0.79,bracket,far,pure,pure,learn_gen,bracket_bracket,4,4,8,4,0.51,0.33,Serial-crossed,0.33,0.79,0.31,0.24,NA,NA,NA,NA,0.79,0.31,0.24,NA,0.79,0.41,Serial-crossed,0.249,0.557,0.19,NA,0.79,0.1,0,0.11,0.25,0.79,0,NA,iterate,NA,1,0,0,no,near,discard,Far (Unrelated),discard,discard,discard,discard,discard,discard,discard,discard,discard,discard,Bracket,discard,discard,discard,discard,discard,discard,discard,discard,discard,discard,discard,discard,discard,discard,discard,discard,discard,discard,discard,discard,discard,discard,discard,discard,discard,discard,discard,discard,discard,discard,discard,discard
220,5317,5487,4,Adult,NA,NA,NA,bracket,near,same,yes,yes,1,0,0,0,high,0.875,0.98,2D,2D,stack,iterate,stack,0.99,0.01,0.01,NA,0.99,0.01,0.01,0.01,0.01,0.99,NA,NA,NA,NA,NA,0.99,0.01,1,0.99,0.99,1.97,0.01,bracket,far,pure,pure,learn_gen,bracket_bracket,3,3,6,3,0.99,0,Serial-crossed,1,0.99,0.01,0.99,NA,NA,NA,NA,0.99,0.01,0.99,NA,0.99,0.99,Center-embedded,0.988,0.006,0.01,NA,0.99,0.01,0,0.01,0.98,0.98,1,NA,2D,NA,1,0,0,yes,near,discard,Far (Unrelated),discard,discard,discard,discard,discard,discard,discard,discard,discard,discard,Bracket,discard,discard,discard,discard,discard,discard,discard,discard,discard,discard,discard,discard,discard,discard,discard,discard,discard,discard,discard,discard,discard,discard,discard,discard,discard,discard,discard,discard,discard,discard,discard,discard
221,5318,5489,4,Adult,NA,NA,NA,bracket,near,same,yes,yes,0.89,0.06,0.06,0,high,1,0.94,2D,2D,stack,iterate,stack,0.96,0.02,0.02,NA,0.97,0.02,0.01,0.02,0.02,0.96,NA,NA,NA,NA,NA,0.97,0.04,1,0.97,0.96,1.94,0.03,bracket,far,pure,pure,learn_gen,bracket_bracket,3,4,7,3.5,0.96,0.06,Serial-crossed,0.89,0.97,0.02,0.96,NA,NA,NA,NA,0.97,0.02,0.96,NA,0.97,0.95,Center-embedded,0.962,0.019,0.02,NA,0.97,0.02,0,0.01,0.94,0.94,1,NA,2D,NA,0.8,-1,-0.1,yes,near,discard,Far (Unrelated),discard,discard,discard,discard,discard,discard,discard,discard,discard,discard,Bracket,discard,discard,discard,discard,discard,discard,discard,discard,discard,discard,discard,discard,discard,discard,discard,discard,discard,discard,discard,discard,discard,discard,discard,discard,discard,discard,discard,discard,discard,discard,discard,discard
222,5319,5491,4,Adult,NA,NA,NA,bracket,near,same,yes,yes,0.89,0.11,0,0,high,0.875,0.9,2D,2D,stack,iterate,stack,0.94,0.05,0.01,NA,0.99,0.01,0.01,0.02,0.03,0.95,NA,NA,NA,NA,NA,0.99,0.03,1,0.99,0.95,1.94,0.05,bracket,far,pure,pure,learn_gen,bracket_bracket,6,4,10,5,0.97,0.11,Serial-crossed,0.89,0.99,0.03,0.95,NA,NA,NA,NA,0.99,0.03,0.95,NA,0.99,0.93,Center-embedded,0.944,0.045,0.01,NA,0.99,0.01,0,0.01,0.9,0.9,1,NA,2D,NA,1.5,2,0.2,yes,near,discard,Far (Unrelated),discard,discard,discard,discard,discard,discard,discard,discard,discard,discard,Bracket,discard,discard,discard,discard,discard,discard,discard,discard,discard,discard,discard,discard,discard,discard,discard,discard,discard,discard,discard,discard,discard,discard,discard,discard,discard,discard,discard,discard,discard,discard,discard,discard